Workbook

Sheet Tabelle1
D1: EMAE | E1: Agri. | F1: Fishing | G1: Mining | H1: Mfg. | I1: Utilities | J1: Const. | K1: Trade | L1: Hotels | M1: Transport | N1: Finance | O1: Real Estate | P1: Public Admin. | Q1: Education | R1: Health | S1: Other Services
B2: 10401 !M NA_ | C2: .excel_last | D2: S213GVI@EMERGELA | E2: N213GAFI@EMERGELA | F2: N213GFFI@EMERGELA | G2: N213GQI@EMERGELA | H2: N213GMI@EMERGELA | I2: N213GEI@EMERGELA | J2: N213GCOI@EMERGELA | K2: N213GWRI@EMERGELA | L2: N213GHI@EMERGELA | M2: N213GTSI@EMERGELA | N2: N213GFMI@EMERGELA | O2: N213GPRI@EMERGELA | P2: N213GGI@EMERGELA | Q2: N213GDI@EMERGELA | R2: N213GHSI@EMERGELA | S2: N213GSOI@EMERGELA
B3: .DESC | D3: Argentina: Economic Activity Indicator (SA, 2004=100) | E3: Argentina: Economic Act: Agr, Livestock, Hunting & Forestry (NSA, 2004=100) | F3: Argentina: Economic Activity: Fishing (NSA, 2004=100) | G3: Argentina: Economic Activity: Mining & Quarrying(NSA, 2004=100) | H3: Argentina: Economic Activity: Manufacturing (NSA, 2004=100) | I3: Argentina: Economic Activity: Electricity, Gas & Water (NSA, 2004=100) | J3: Argentina: Economic Activity: Construction (NSA, 2004=100) | K3: Argentina: Economic Act: Wholesale & Retail Trade and Repairs (NSA, 2004=100) | L3: Argentina: Economic Activity: Hotel & Restaurants (NSA, 2004=100) | M3: Argentina: Economic Activity: Transportation & Communications (NSA, 2004=100) | N3: Argentina: Economic Activity: Financial Intermediation (NSA, 2004=100) | O3: Argentina: Econ Act: Real Estate, Business & Rental Activities (NSA, 2004=100) | P3: Argentina: Econ Act: Public Admin & Defense, SocSec Plans (NSA, 2004=100) | Q3: Argentina: Economic Activity: Education (NSA, 2004=100) | R3: Argentina: Economic Activity: Social & Health Services (NSA, 2004=100) | S3: Argentina: EconAct: Other Community, Social & Personal Srvc Act (NSA, 2004=100)
B4: .SOURCE | D4: INDEC | E4: INDEC | F4: INDEC | G4: INDEC | H4: INDEC | I4: INDEC | J4: INDEC | K4: INDEC | L4: INDEC | M4: INDEC | N4: INDEC | O4: INDEC | P4: INDEC | Q4: INDEC | R4: INDEC | S4: INDEC
B5: .DTLM | D5: Jul-22-2026 15:06 | E5: Jul-22-2026 15:06 | F5: Jul-22-2026 15:06 | G5: Jul-22-2026 15:06 | H5: Jul-22-2026 15:06 | I5: Jul-22-2026 15:06 | J5: Jul-22-2026 15:06 | K5: Jul-22-2026 15:06 | L5: Jul-22-2026 15:06 | M5: Jul-22-2026 15:06 | N5: Jul-22-2026 15:06 | O5: Jul-22-2026 15:06 | P5: Jul-22-2026 15:06 | Q5: Jul-22-2026 15:06 | R5: Jul-22-2026 15:06 | S5: Jul-22-2026 15:06
B6: .DATA_TYPE | D6: INDEX | E6: INDEX | F6: INDEX | G6: INDEX | H6: INDEX | I6: INDEX | J6: INDEX | K6: INDEX | L6: INDEX | M6: INDEX | N6: INDEX | O6: INDEX | P6: INDEX | Q6: INDEX | R6: INDEX | S6: INDEX
B7: .MAG | D7: 0 | E7: 0 | F7: 0 | G7: 0 | H7: 0 | I7: 0 | J7: 0 | K7: 0 | L7: 0 | M7: 0 | N7: 0 | O7: 0 | P7: 0 | Q7: 0 | R7: 0 | S7: 0
B8: 0401 | C8: 38017 | D8: 98.33957 | E8: 65.99535 | F8: 42.54787 | G8: 100.7045 | H8: 91.45461 | I8: 99.91798 | J8: 95.93805 | K8: 92.06534 | L8: 108.41168 | M8: 95.50673 | N8: 103.89026 | O8: 91.41838 | P8: 97.26127 | Q8: 95.6277 | R8: 94.19839 | S8: 97.00618
B9: 0402 | C9: 38046 | D9: 98.07072 | E9: 64.9266 | F9: 62.44077 | G9: 95.41419 | H9: 89.42485 | I9: 92.89344 | J9: 98.85339 | K9: 91.46472 | L9: 103.44826 | M9: 90.73641 | N9: 96.48146 | O9: 94.04698 | P9: 97.88228 | Q9: 96.08425 | R9: 90.31346 | S9: 96.83613
B10: 0403 | C10: 38077 | D10: 97.66795 | E10: 110.66656 | F10: 174.08465 | G10: 100.25104 | H10: 101.42643 | I10: 103.77021 | J10: 103.12453 | K10: 109.12778 | L10: 101.06184 | M10: 97.17581 | N10: 98.30457 | O10: 99.64872 | P10: 97.71846 | Q10: 96.3803 | R10: 98.08149 | S10: 96.15504
B11: 0404 | C11: 38107 | D11: 95.23678 | E11: 150.06592 | F11: 153.87764 | G11: 96.69755 | H11: 98.43731 | I11: 97.00985 | J11: 95.81549 | K11: 99.42014 | L11: 93.243 | M11: 99.70693 | N11: 95.3159 | O11: 97.60226 | P11: 98.40554 | Q11: 97.71187 | R11: 102.18435 | S11: 98.08314
B12: 0405 | C12: 38138 | D12: 96.95127 | E12: 209.38808 | F12: 132.35766 | G12: 104.10053 | H12: 100.35314 | I12: 102.47183 | J12: 97.99457 | K12: 100.53274 | L12: 90.98526 | M12: 105.55244 | N12: 97.00467 | O12: 99.80349 | P12: 99.20852 | Q12: 99.13689 | R12: 102.76126 | S12: 98.05435
B13: 0406 | C13: 38168 | D13: 98.68356 | E13: 144.66132 | F13: 158.95986 | G13: 100.67785 | H13: 100.66693 | I13: 101.91112 | J13: 99.15678 | K13: 104.34202 | L13: 90.55608 | M13: 101.67565 | N13: 97.31215 | O13: 101.71298 | P13: 100.4454 | Q13: 102.20951 | R13: 104.26446 | S13: 99.76658
B14: 0407 | C14: 38199 | D14: 100.8411 | E14: 94.86246 | F14: 77.40334 | G14: 100.80174 | H14: 102.50853 | I14: 105.41654 | J14: 98.906 | K14: 100.82722 | L14: 99.05112 | M14: 99.8302 | N14: 99.01951 | O14: 100.85959 | P14: 100.16519 | Q14: 100.50009 | R14: 101.84397 | S14: 108.7301
B15: 0408 | C15: 38230 | D15: 102.17769 | E15: 64.86116 | F15: 99.29888 | G15: 102.27351 | H15: 101.01094 | I15: 103.97781 | J15: 102.03281 | K15: 99.55237 | L15: 98.1705 | M15: 99.2237 | N15: 101.18031 | O15: 101.57448 | P15: 100.67623 | Q15: 101.39315 | R15: 104.49316 | S15: 100.45682
B16: 0409 | C16: 38260 | D16: 102.35036 | E16: 60.7499 | F16: 68.15818 | G16: 100.58408 | H16: 102.56272 | I16: 97.65632 | J16: 106.81513 | K16: 99.96032 | L16: 100.05105 | M16: 98.89115 | N16: 100.80853 | O16: 103.00434 | P16: 101.52659 | Q16: 101.80328 | R16: 104.69994 | S16: 99.92452
B17: 0410 | C17: 38291 | D17: 103.12368 | E17: 62.66926 | F17: 84.44642 | G17: 101.39273 | H17: 105.90569 | I17: 96.18753 | J17: 97.84211 | K17: 101.16296 | L17: 102.93943 | M17: 101.57252 | N17: 102.0793 | O17: 100.69115 | P17: 101.68981 | Q17: 102.21213 | R17: 100.22067 | S17: 101.16164
B18: 0411 | C18: 38321 | D18: 103.57877 | E18: 78.41525 | F18: 70.43561 | G18: 96.38347 | H18: 104.37511 | I18: 95.06963 | J18: 101.65557 | K18: 102.41598 | L18: 106.49311 | M18: 104.54272 | N18: 102.96217 | O18: 103.28028 | P18: 102.03612 | Q18: 102.50137 | R18: 99.69656 | S18: 100.02634
B19: 0412 | C19: 38352 | D19: 102.97856 | E19: 92.73814 | F19: 75.98912 | G19: 100.71881 | H19: 101.87374 | I19: 103.71775 | J19: 101.86557 | K19: 99.12842 | L19: 105.58867 | M19: 105.58575 | N19: 105.64116 | O19: 106.35733 | P19: 102.9846 | Q19: 104.43946 | R19: 97.24229 | S19: 103.79916
... B276: 2605 | C276: 46173 | D276: 153.62027 | E276: 297.66329 | F276: 102.84501 | G276: 144.59675 | H276: 114.35306 | I276: 158.63625 | J276: 124.37794 | K276: 153.91377 | L276: 157.15323 | M276: 197.26347 | N276: 179.16448 | O276: 159.78965 | P276: 158.5742 | Q276: 171.81406 | R276: 198.56366 | S276: 116.71788

Sheet Weights & Assumptions
A1: Weights, Sector Mapping and Forecast Assumptions
A2: Blue cells are inputs you can overwrite. Everything downstream is formula-driven and will recalculate.
A4: 1 | Sector weights and bucket mapping
A5: Sector | B5: Bucket | C5: Weight (%) | D5: INDEC 2004 prior (%) | E5: Deviation (pp) | F5: Weight within bucket | G5: Contribution check
A6: Agri. | B6: Primary | C6: 8.2873 | D6: 8.7 | E6: =C6-D6*100/SUM($D$6:$D$20) -> -0.71891118 | F6: =C6/SUMIF($B$6:$B$20,B6,$C$6:$C$20) -> 0.98774746 | G6: =C6/SUM($C$6:$C$20) -> 0.082872834
A7: Fishing | B7: Primary | C7: 0.1028 | D7: 0.4 | E7: =C7-D7*100/SUM($D$6:$D$20) -> -0.31127867 | F7: =C7/SUMIF($B$6:$B$20,B7,$C$6:$C$20) -> 0.012252536 | G7: =C7/SUM($C$6:$C$20) -> 0.0010279979
A8: Mining | B8: Industrial | C8: 3.175 | D8: 4 | E8: =C8-D8*100/SUM($D$6:$D$20) -> -0.96578675 | F8: =C8/SUMIF($B$6:$B$20,B8,$C$6:$C$20) -> 0.11939771 | G8: =C8/SUM($C$6:$C$20) -> 0.031749937
A9: Mfg. | B9: Industrial | C9: 17.8771 | D9: 17.5 | E9: =C9-D9*100/SUM($D$6:$D$20) -> -0.23884203 | F9: =C9/SUMIF($B$6:$B$20,B9,$C$6:$C$20) -> 0.67227867 | G9: =C9/SUM($C$6:$C$20) -> 0.17877064
A10: Utilities | B10: Services | C10: 1.8434 | D10: 2 | E10: =C10-D10*100/SUM($D$6:$D$20) -> -0.22699337 | F10: =C10/SUMIF($B$6:$B$20,B10,$C$6:$C$20) -> 0.028352018 | G10: =C10/SUM($C$6:$C$20) -> 0.018433963
A11: Const. | B11: Industrial | C11: 5.5397 | D11: 5.3 | E11: =C11-D11*100/SUM($D$6:$D$20) -> 0.053157557 | F11: =C11/SUMIF($B$6:$B$20,B11,$C$6:$C$20) -> 0.20832362 | G11: =C11/SUM($C$6:$C$20) -> 0.055396889
A12: Trade | B12: Services | C12: 13.2283 | D12: 12.4 | E12: =C12-D12*100/SUM($D$6:$D$20) -> 0.39186108 | F12: =C12/SUMIF($B$6:$B$20,B12,$C$6:$C$20) -> 0.20345503 | G12: =C12/SUM($C$6:$C$20) -> 0.13228274
A13: Hotels | B13: Services | C13: 3.0404 | D13: 2.7 | E13: =C13-D13*100/SUM($D$6:$D$20) -> 0.24536894 | F13: =C13/SUMIF($B$6:$B$20,B13,$C$6:$C$20) -> 0.046762219 | G13: =C13/SUM($C$6:$C$20) -> 0.030403939
A14: Transport | B14: Services | C14: 9.4699 | D14: 8.3 | E14: =C14-D14*100/SUM($D$6:$D$20) -> 0.87776749 | F14: =C14/SUMIF($B$6:$B$20,B14,$C$6:$C$20) -> 0.14564976 | G14: =C14/SUM($C$6:$C$20) -> 0.094698811
A15: Finance | B15: Services | C15: 4.9519 | D15: 4 | E15: =C15-D15*100/SUM($D$6:$D$20) -> 0.81111325 | F15: =C15/SUMIF($B$6:$B$20,B15,$C$6:$C$20) -> 0.076161634 | G15: =C15/SUM($C$6:$C$20) -> 0.049518901
A16: Real Estate | B16: Services | C16: 13.2728 | D16: 12.9 | E16: =C16-D16*100/SUM($D$6:$D$20) -> -0.081237267 | F16: =C16/SUMIF($B$6:$B$20,B16,$C$6:$C$20) -> 0.20413945 | G16: =C16/SUM($C$6:$C$20) -> 0.13272773
A17: Public Admin. | B17: Services | C17: 6.1054 | D17: 6 | E17: =C17-D17*100/SUM($D$6:$D$20) -> -0.10578012 | F17: =C17/SUMIF($B$6:$B$20,B17,$C$6:$C$20) -> 0.093902794 | G17: =C17/SUM($C$6:$C$20) -> 0.061053878
... A20: Other Services | B20: Services | C20: 3.5611 | D20: 3.6 | E20: =C20-D20*100/SUM($D$6:$D$20) -> -0.16560807 | F20: =C20/SUMIF($B$6:$B$20,B20,$C$6:$C$20) -> 0.054770734 | G20: =C20/SUM($C$6:$C$20) -> 0.035610929
A21: Total | C21: =SUM(C6:C20) -> 100.0002 | D21: =SUM(D6:D20) -> 96.6 | G21: =SUM(G6:G20) -> 1
A23: 2 | Bucket weights (derived)
A24: Bucket | B24: Weight (%) | C24: Share of EMAE
A25: Primary | B25: =SUMIF($B$6:$B$20,A25,$C$6:$C$20) -> 8.3901 | C25: =B25/SUM($B$25:$B$27) -> 0.083900832
A26: Industrial | B26: =SUMIF($B$6:$B$20,A26,$C$6:$C$20) -> 26.5918 | C26: =B26/SUM($B$25:$B$27) -> 0.26591747
A27: Services | B27: =SUMIF($B$6:$B$20,A27,$C$6:$C$20) -> 65.0183 | C27: =B27/SUM($B$25:$B$27) -> 0.6501817
A28: Total | B28: =SUM(B25:B27) -> 100.0002
A30: 3 | Forecast assumptions — average m/m growth of each sub-index, SA (%)
A31: The forecast is built bottom-up: these three pairs of assumptions drive the sub-index level paths, which aggregate to EMAE using the bucket weights above. Change a cell and every forecast number moves.
A32: Sub-index | B32: May-26 to Dec-26 (% m/m) | C32: 2027 (% m/m) | D32: Implied ann. pace 2026H2 | E32: Implied ann. pace 2027 | F32: Trailing 6m actual (% m/m)
A33: Primary | B33: 0.1 | C33: 0.25 | D33: =((1+B33/100)^12-1)*100 -> 1.206622 | E33: =((1+C33/100)^12-1)*100 -> 3.0415957 | F33: 2.62
A34: Industrial | B34: 0.15 | C34: 0.35 | D34: =((1+B34/100)^12-1)*100 -> 1.8149245 | E34: =((1+C34/100)^12-1)*100 -> 4.2818007 | F34: 0
A35: Services | B35: 0.15 | C35: 0.3 | D35: =((1+B35/100)^12-1)*100 -> 1.8149245 | E35: =((1+C35/100)^12-1)*100 -> 3.659998 | F35: 0.03
A38: 4 | Weight estimation diagnostics
A39: Method | B39: Constrained least squares of the 15 seasonally-adjusted sector indices on the published SA EMAE, shrunk toward the INDEC 2004 value-added shares.
A40: Why shrinkage | B40: Every series is rebased to 2004=100, so EMAE is exactly a convex combination of the sectors and the weights are the 2004 value-added shares. But the services block is highly collinear: the unpenalised fit pins Education, Utilities, Public Admin and Other Services at zero and pushes Trade to 22.9%. Shrinkage restores economically sensible weights at almost no cost in fit.
A41: Shrinkage parameter | B41: lambda = 5.0
A42: R-squared | B42: 0.98958
A43: Residual std. dev. (index pts) | B43: 1.469
A44: Max abs. residual (index pts) | B44: 4.301
A45: Bucket weights: stability | B45: Primary 8-10%, Industrial 26-27%, Services 63-65% across the entire shrinkage range. The bucket split is well identified even though individual sector weights are not.
A46: Override | B46: If you have INDEC's official EMAE base-2004 weights, paste them into column C. Nothing else needs changing.

Sheet SA Data
A1: Seasonally Adjusted Levels
A2: Sector SA levels are computed values (X-11-style multiplicative decomposition) and do NOT auto-update with Haver. NSA columns and all sub-indices are live formulas.
A4: Sub-index levels are SUMPRODUCTs of the sector indices and the within-bucket weights on 'Weights & Assumptions', so they respond immediately to any weight change.
A6: Date | B6: EMAE published (SA) | C6: Agri. (SA) | D6: Fishing (SA) | E6: Mining (SA) | F6: Mfg. (SA) | G6: Utilities (SA) | H6: Const. (SA) | I6: Trade (SA) | J6: Hotels (SA) | K6: Transport (SA) | L6: Finance (SA) | M6: Real Estate (SA) | N6: Public Admin. (SA) | O6: Education (SA) | P6: Health (SA) | Q6: Other Services (SA) | R6: Primary (SA) | S6: Industrial (SA) | T6: Services (SA) | U6: EMAE reconstructed (SA) | V6: Primary (NSA) | W6: Industrial (NSA) | X6: Services (NSA) | Y6: EMAE reconstructed (NSA)
A7: 38017 | B7: 98.33957 | C7: 122.29655 | D7: 120.21122 | E7: 99.535438 | F7: 95.81535 | G7: 97.308176 | H7: 96.577477 | I7: 97.979626 | J7: 95.579602 | K7: 96.389149 | L7: 98.779296 | M7: 96.182671 | N7: 97.505233 | O7: 96.74534 | P7: 97.417586 | Q7: 95.35565 | R7: =C7*'Weights & Assumptions'!$F$6+D7*'Weights & Assumptions'!$F$7 -> 122.271 | S7: =E7*'Weights & Assumptions'!$F$8+F7*'Weights & Assumptions'!$F$9+H7*'Weights & Assumptions'!$F$11 -> 96.418289 | T7: =G7*'Weights & Assumptions'!$F$10+I7*'Weights & Assumptions'!$F$12+J7*'Weights & Assumptions'!$F$13+K7*'Weights & Assumptions'!$F$14+L7*'Weights & Assumptions'!$F$15+M7*'Weights & Assumptions'!$F$16+N7*'Weights & Assumptions'!$F$17+O7*'Weights & Assumptions'!$F$18+P7*'Weights & Assumptions'!$F$19+Q7*'Weights & Assumptions'!$F$20 -> 96.990289 | U7: =R7*'Weights & Assumptions'!$B$25/'Weights & Assumptions'!$B$28+S7*'Weights & Assumptions'!$B$26/'Weights & Assumptions'!$B$28+T7*'Weights & Assumptions'!$B$27/'Weights & Assumptions'!$B$28 -> 98.959257 | V7: =IFERROR(Tabelle1!E8*'Weights & Assumptions'!$F$6+Tabelle1!F8*'Weights & Assumptions'!$F$7,"") -> 65.708059 | W7: =IFERROR(Tabelle1!G8*'Weights & Assumptions'!$F$8+Tabelle1!H8*'Weights & Assumptions'!$F$9+Tabelle1!J8*'Weights & Assumptions'!$F$11,"") -> 93.493032 | X7: =IFERROR(Tabelle1!I8*'Weights & Assumptions'!$F$10+Tabelle1!K8*'Weights & Assumptions'!$F$12+Tabelle1!L8*'Weights & Assumptions'!$F$13+Tabelle1!M8*'Weights & Assumptions'!$F$14+Tabelle1!N8*'Weights & Assumptions'!$F$15+Tabelle1!O8*'Weights & Assumptions'!$F$16+Tabelle1!P8*'Weights & Assumptions'!$F$17+Tabelle1!Q8*'Weights & Assumptions'!$F$18+Tabelle1!R8*'Weights & Assumptions'!$F$19+Tabelle1!S8*'Weights & Assumptions'!$F$20,"") -> 95.499519 | Y7: =IFERROR(V7*'Weights & Assumptions'!$B$25/'Weights & Assumptions'!$B$28+W7*'Weights & Assumptions'!$B$26/'Weights & Assumptions'!$B$28+X7*'Weights & Assumptions'!$B$27/'Weights & Assumptions'!$B$28,"") -> 92.466431
A8: 38046 | B8: 98.07072 | C8: 115.81236 | D8: 87.445869 | E8: 101.41784 | F8: 96.976622 | G8: 98.858384 | H8: 96.992826 | I8: 98.207697 | J8: 96.466881 | K8: 97.06902 | L8: 97.805568 | M8: 96.906771 | N8: 97.963489 | O8: 97.33128 | P8: 97.916659 | Q8: 98.126777 | R8: =C8*'Weights & Assumptions'!$F$6+D8*'Weights & Assumptions'!$F$7 -> 115.4648 | S8: =E8*'Weights & Assumptions'!$F$8+F8*'Weights & Assumptions'!$F$9+H8*'Weights & Assumptions'!$F$11 -> 97.510269 | T8: =G8*'Weights & Assumptions'!$F$10+I8*'Weights & Assumptions'!$F$12+J8*'Weights & Assumptions'!$F$13+K8*'Weights & Assumptions'!$F$14+L8*'Weights & Assumptions'!$F$15+M8*'Weights & Assumptions'!$F$16+N8*'Weights & Assumptions'!$F$17+O8*'Weights & Assumptions'!$F$18+P8*'Weights & Assumptions'!$F$19+Q8*'Weights & Assumptions'!$F$20 -> 97.569313 | U8: =R8*'Weights & Assumptions'!$B$25/'Weights & Assumptions'!$B$28+S8*'Weights & Assumptions'!$B$26/'Weights & Assumptions'!$B$28+T8*'Weights & Assumptions'!$B$27/'Weights & Assumptions'!$B$28 -> 99.055058 | V8: =IFERROR(Tabelle1!E9*'Weights & Assumptions'!$F$6+Tabelle1!F9*'Weights & Assumptions'!$F$7,"") -> 64.896142 | W8: =IFERROR(Tabelle1!G9*'Weights & Assumptions'!$F$8+Tabelle1!H9*'Weights & Assumptions'!$F$9+Tabelle1!J9*'Weights & Assumptions'!$F$11,"") -> 92.104151 | X8: =IFERROR(Tabelle1!I9*'Weights & Assumptions'!$F$10+Tabelle1!K9*'Weights & Assumptions'!$F$12+Tabelle1!L9*'Weights & Assumptions'!$F$13+Tabelle1!M9*'Weights & Assumptions'!$F$14+Tabelle1!N9*'Weights & Assumptions'!$F$15+Tabelle1!O9*'Weights & Assumptions'!$F$16+Tabelle1!P9*'Weights & Assumptions'!$F$17+Tabelle1!Q9*'Weights & Assumptions'!$F$18+Tabelle1!R9*'Weights & Assumptions'!$F$19+Tabelle1!S9*'Weights & Assumptions'!$F$20,"") -> 94.023346 | Y8: =IFERROR(V8*'Weights & Assumptions'!$B$25/'Weights & Assumptions'!$B$28+W8*'Weights & Assumptions'!$B$26/'Weights & Assumptions'!$B$28+X8*'Weights & Assumptions'!$B$27/'Weights & Assumptions'!$B$28,"") -> 91.069202
A9: 38077 | B9: 97.66795 | C9: 100.7906 | D9: 108.54386 | E9: 99.754717 | F9: 97.557282 | G9: 101.62633 | H9: 97.766438 | I9: 99.037171 | J9: 96.995971 | K9: 97.125243 | L9: 97.763415 | M9: 98.182217 | N9: 98.126239 | O9: 97.400252 | P9: 98.022085 | Q9: 98.595348 | R9: =C9*'Weights & Assumptions'!$F$6+D9*'Weights & Assumptions'!$F$7 -> 100.88559 | S9: =E9*'Weights & Assumptions'!$F$8+F9*'Weights & Assumptions'!$F$9+H9*'Weights & Assumptions'!$F$11 -> 97.863223 | T9: =G9*'Weights & Assumptions'!$F$10+I9*'Weights & Assumptions'!$F$12+J9*'Weights & Assumptions'!$F$13+K9*'Weights & Assumptions'!$F$14+L9*'Weights & Assumptions'!$F$15+M9*'Weights & Assumptions'!$F$16+N9*'Weights & Assumptions'!$F$17+O9*'Weights & Assumptions'!$F$18+P9*'Weights & Assumptions'!$F$19+Q9*'Weights & Assumptions'!$F$20 -> 98.160367 | U9: =R9*'Weights & Assumptions'!$B$25/'Weights & Assumptions'!$B$28+S9*'Weights & Assumptions'!$B$26/'Weights & Assumptions'!$B$28+T9*'Weights & Assumptions'!$B$27/'Weights & Assumptions'!$B$28 -> 98.31 | V9: =IFERROR(Tabelle1!E10*'Weights & Assumptions'!$F$6+Tabelle1!F10*'Weights & Assumptions'!$F$7,"") -> 111.44359 | W9: =IFERROR(Tabelle1!G10*'Weights & Assumptions'!$F$8+Tabelle1!H10*'Weights & Assumptions'!$F$9+Tabelle1!J10*'Weights & Assumptions'!$F$11,"") -> 101.63985 | X9: =IFERROR(Tabelle1!I10*'Weights & Assumptions'!$F$10+Tabelle1!K10*'Weights & Assumptions'!$F$12+Tabelle1!L10*'Weights & Assumptions'!$F$13+Tabelle1!M10*'Weights & Assumptions'!$F$14+Tabelle1!N10*'Weights & Assumptions'!$F$15+Tabelle1!O10*'Weights & Assumptions'!$F$16+Tabelle1!P10*'Weights & Assumptions'!$F$17+Tabelle1!Q10*'Weights & Assumptions'!$F$18+Tabelle1!R10*'Weights & Assumptions'!$F$19+Tabelle1!S10*'Weights & Assumptions'!$F$20,"") -> 100.56916 | Y9: =IFERROR(V9*'Weights & Assumptions'!$B$25/'Weights & Assumptions'!$B$28+W9*'Weights & Assumptions'!$B$26/'Weights & Assumptions'!$B$28+X9*'Weights & Assumptions'!$B$27/'Weights & Assumptions'!$B$28,"") -> 101.76625
A10: 38107 | B10: 95.23678 | C10: 90.244558 | D10: 103.80445 | E10: 99.13117 | F10: 97.177344 | G10: 100.5615 | H10: 98.034028 | I10: 98.050647 | J10: 97.48835 | K10: 97.54146 | L10: 97.146005 | M10: 97.861236 | N10: 98.9659 | O10: 98.61292 | P10: 100.31625 | Q10: 98.69831 | R10: =C10*'Weights & Assumptions'!$F$6+D10*'Weights & Assumptions'!$F$7 -> 90.410701 | S10: =E10*'Weights & Assumptions'!$F$8+F10*'Weights & Assumptions'!$F$9+H10*'Weights & Assumptions'!$F$11 -> 97.589094 | T10: =G10*'Weights & Assumptions'!$F$10+I10*'Weights & Assumptions'!$F$12+J10*'Weights & Assumptions'!$F$13+K10*'Weights & Assumptions'!$F$14+L10*'Weights & Assumptions'!$F$15+M10*'Weights & Assumptions'!$F$16+N10*'Weights & Assumptions'!$F$17+O10*'Weights & Assumptions'!$F$18+P10*'Weights & Assumptions'!$F$19+Q10*'Weights & Assumptions'!$F$20 -> 98.241864 | U10: =R10*'Weights & Assumptions'!$B$25/'Weights & Assumptions'!$B$28+S10*'Weights & Assumptions'!$B$26/'Weights & Assumptions'!$B$28+T10*'Weights & Assumptions'!$B$27/'Weights & Assumptions'!$B$28 -> 97.41124 | V10: =IFERROR(Tabelle1!E11*'Weights & Assumptions'!$F$6+Tabelle1!F11*'Weights & Assumptions'!$F$7,"") -> 150.11262 | W10: =IFERROR(Tabelle1!G11*'Weights & Assumptions'!$F$8+Tabelle1!H11*'Weights & Assumptions'!$F$9+Tabelle1!J11*'Weights & Assumptions'!$F$11,"") -> 97.6834 | X10: =IFERROR(Tabelle1!I11*'Weights & Assumptions'!$F$10+Tabelle1!K11*'Weights & Assumptions'!$F$12+Tabelle1!L11*'Weights & Assumptions'!$F$13+Tabelle1!M11*'Weights & Assumptions'!$F$14+Tabelle1!N11*'Weights & Assumptions'!$F$15+Tabelle1!O11*'Weights & Assumptions'!$F$16+Tabelle1!P11*'Weights & Assumptions'!$F$17+Tabelle1!Q11*'Weights & Assumptions'!$F$18+Tabelle1!R11*'Weights & Assumptions'!$F$19+Tabelle1!S11*'Weights & Assumptions'!$F$20,"") -> 98.327565 | Y10: =IFERROR(V10*'Weights & Assumptions'!$B$25/'Weights & Assumptions'!$B$28+W10*'Weights & Assumptions'!$B$26/'Weights & Assumptions'!$B$28+X10*'Weights & Assumptions'!$B$27/'Weights & Assumptions'!$B$28,"") -> 102.50108
A11: 38138 | B11: 96.95127 | C11: 85.140239 | D11: 78.751344 | E11: 100.26006 | F11: 98.233277 | G11: 100.17702 | H11: 98.627322 | I11: 97.842738 | J11: 98.952839 | K11: 97.639471 | L11: 97.336068 | M11: 98.405466 | N11: 99.22246 | O11: 99.022886 | P11: 99.587195 | Q11: 99.046811 | R11: =C11*'Weights & Assumptions'!$F$6+D11*'Weights & Assumptions'!$F$7 -> 85.061959 | S11: =E11*'Weights & Assumptions'!$F$8+F11*'Weights & Assumptions'!$F$9+H11*'Weights & Assumptions'!$F$11 -> 98.557359 | T11: =G11*'Weights & Assumptions'!$F$10+I11*'Weights & Assumptions'!$F$12+J11*'Weights & Assumptions'!$F$13+K11*'Weights & Assumptions'!$F$14+L11*'Weights & Assumptions'!$F$15+M11*'Weights & Assumptions'!$F$16+N11*'Weights & Assumptions'!$F$17+O11*'Weights & Assumptions'!$F$18+P11*'Weights & Assumptions'!$F$19+Q11*'Weights & Assumptions'!$F$20 -> 98.417382 | U11: =R11*'Weights & Assumptions'!$B$25/'Weights & Assumptions'!$B$28+S11*'Weights & Assumptions'!$B$26/'Weights & Assumptions'!$B$28+T11*'Weights & Assumptions'!$B$27/'Weights & Assumptions'!$B$28 -> 97.334073 | V11: =IFERROR(Tabelle1!E12*'Weights & Assumptions'!$F$6+Tabelle1!F12*'Weights & Assumptions'!$F$7,"") -> 208.44426 | W11: =IFERROR(Tabelle1!G12*'Weights & Assumptions'!$F$8+Tabelle1!H12*'Weights & Assumptions'!$F$9+Tabelle1!J12*'Weights & Assumptions'!$F$11,"") -> 100.30922 | X11: =IFERROR(Tabelle1!I12*'Weights & Assumptions'!$F$10+Tabelle1!K12*'Weights & Assumptions'!$F$12+Tabelle1!L12*'Weights & Assumptions'!$F$13+Tabelle1!M12*'Weights & Assumptions'!$F$14+Tabelle1!N12*'Weights & Assumptions'!$F$15+Tabelle1!O12*'Weights & Assumptions'!$F$16+Tabelle1!P12*'Weights & Assumptions'!$F$17+Tabelle1!Q12*'Weights & Assumptions'!$F$18+Tabelle1!R12*'Weights & Assumptions'!$F$19+Tabelle1!S12*'Weights & Assumptions'!$F$20,"") -> 100.25383 | Y11: =IFERROR(V11*'Weights & Assumptions'!$B$25/'Weights & Assumptions'!$B$28+W11*'Weights & Assumptions'!$B$26/'Weights & Assumptions'!$B$28+X11*'Weights & Assumptions'!$B$27/'Weights & Assumptions'!$B$28,"") -> 109.34583
A12: 38168 | B12: 98.68356 | C12: 84.794334 | D12: 103.31534 | E12: 100.25824 | F12: 99.765487 | G12: 100.19932 | H12: 99.759349 | I12: 100.95579 | J12: 99.756364 | K12: 99.014956 | L12: 97.851686 | M12: 99.36804 | N12: 99.61084 | O12: 99.690348 | P12: 97.136464 | Q12: 99.722692 | R12: =C12*'Weights & Assumptions'!$F$6+D12*'Weights & Assumptions'!$F$7 -> 85.021263 | S12: =E12*'Weights & Assumptions'!$F$8+F12*'Weights & Assumptions'!$F$9+H12*'Weights & Assumptions'!$F$11 -> 99.823043 | T12: =G12*'Weights & Assumptions'!$F$10+I12*'Weights & Assumptions'!$F$12+J12*'Weights & Assumptions'!$F$13+K12*'Weights & Assumptions'!$F$14+L12*'Weights & Assumptions'!$F$15+M12*'Weights & Assumptions'!$F$16+N12*'Weights & Assumptions'!$F$17+O12*'Weights & Assumptions'!$F$18+P12*'Weights & Assumptions'!$F$19+Q12*'Weights & Assumptions'!$F$20 -> 99.469379 | U12: =R12*'Weights & Assumptions'!$B$25/'Weights & Assumptions'!$B$28+S12*'Weights & Assumptions'!$B$26/'Weights & Assumptions'!$B$28+T12*'Weights & Assumptions'!$B$27/'Weights & Assumptions'!$B$28 -> 98.351216 | V12: =IFERROR(Tabelle1!E13*'Weights & Assumptions'!$F$6+Tabelle1!F13*'Weights & Assumptions'!$F$7,"") -> 144.83651 | W12: =IFERROR(Tabelle1!G13*'Weights & Assumptions'!$F$8+Tabelle1!H13*'Weights & Assumptions'!$F$9+Tabelle1!J13*'Weights & Assumptions'!$F$11,"") -> 100.35363 | X12: =IFERROR(Tabelle1!I13*'Weights & Assumptions'!$F$10+Tabelle1!K13*'Weights & Assumptions'!$F$12+Tabelle1!L13*'Weights & Assumptions'!$F$13+Tabelle1!M13*'Weights & Assumptions'!$F$14+Tabelle1!N13*'Weights & Assumptions'!$F$15+Tabelle1!O13*'Weights & Assumptions'!$F$16+Tabelle1!P13*'Weights & Assumptions'!$F$17+Tabelle1!Q13*'Weights & Assumptions'!$F$18+Tabelle1!R13*'Weights & Assumptions'!$F$19+Tabelle1!S13*'Weights & Assumptions'!$F$20,"") -> 101.38812 | Y12: =IFERROR(V12*'Weights & Assumptions'!$B$25/'Weights & Assumptions'!$B$28+W12*'Weights & Assumptions'!$B$26/'Weights & Assumptions'!$B$28+X12*'Weights & Assumptions'!$B$27/'Weights & Assumptions'!$B$28,"") -> 104.75839
A13: 38199 | B13: 100.8411 | C13: 95.745901 | D13: 85.723979 | E13: 98.468451 | F13: 100.61251 | G13: 100.06066 | H13: 101.21964 | I13: 101.01451 | J13: 99.663173 | K13: 100.12606 | L13: 99.427988 | M13: 100.76038 | N13: 100.3526 | O13: 100.24666 | P13: 100.74605 | Q13: 99.709656 | R13: =C13*'Weights & Assumptions'!$F$6+D13*'Weights & Assumptions'!$F$7 -> 95.623107 | S13: =E13*'Weights & Assumptions'!$F$8+F13*'Weights & Assumptions'!$F$9+H13*'Weights & Assumptions'!$F$11 -> 100.483 | T13: =G13*'Weights & Assumptions'!$F$10+I13*'Weights & Assumptions'!$F$12+J13*'Weights & Assumptions'!$F$13+K13*'Weights & Assumptions'!$F$14+L13*'Weights & Assumptions'!$F$15+M13*'Weights & Assumptions'!$F$16+N13*'Weights & Assumptions'!$F$17+O13*'Weights & Assumptions'!$F$18+P13*'Weights & Assumptions'!$F$19+Q13*'Weights & Assumptions'!$F$20 -> 100.4122 | U13: =R13*'Weights & Assumptions'!$B$25/'Weights & Assumptions'!$B$28+S13*'Weights & Assumptions'!$B$26/'Weights & Assumptions'!$B$28+T13*'Weights & Assumptions'!$B$27/'Weights & Assumptions'!$B$28 -> 100.02921 | V13: =IFERROR(Tabelle1!E14*'Weights & Assumptions'!$F$6+Tabelle1!F14*'Weights & Assumptions'!$F$7,"") -> 94.648542 | W13: =IFERROR(Tabelle1!G14*'Weights & Assumptions'!$F$8+Tabelle1!H14*'Weights & Assumptions'!$F$9+Tabelle1!J14*'Weights & Assumptions'!$F$11,"") -> 101.55425 | X13: =IFERROR(Tabelle1!I14*'Weights & Assumptions'!$F$10+Tabelle1!K14*'Weights & Assumptions'!$F$12+Tabelle1!L14*'Weights & Assumptions'!$F$13+Tabelle1!M14*'Weights & Assumptions'!$F$14+Tabelle1!N14*'Weights & Assumptions'!$F$15+Tabelle1!O14*'Weights & Assumptions'!$F$16+Tabelle1!P14*'Weights & Assumptions'!$F$17+Tabelle1!Q14*'Weights & Assumptions'!$F$18+Tabelle1!R14*'Weights & Assumptions'!$F$19+Tabelle1!S14*'Weights & Assumptions'!$F$20,"") -> 101.01855 | Y13: =IFERROR(V13*'Weights & Assumptions'!$B$25/'Weights & Assumptions'!$B$28+W13*'Weights & Assumptions'!$B$26/'Weights & Assumptions'!$B$28+X13*'Weights & Assumptions'!$B$27/'Weights & Assumptions'!$B$28,"") -> 100.62656
A14: 38230 | B14: 102.17769 | C14: 96.568804 | D14: 93.827971 | E14: 99.761613 | F14: 100.11916 | G14: 99.962659 | H14: 101.92253 | I14: 100.19253 | J14: 99.638707 | K14: 100.97793 | L14: 101.39772 | M14: 100.59223 | N14: 100.74237 | O14: 100.91954 | P14: 101.61606 | Q14: 100.78969 | R14: =C14*'Weights & Assumptions'!$F$6+D14*'Weights & Assumptions'!$F$7 -> 96.535222 | S14: =E14*'Weights & Assumptions'!$F$8+F14*'Weights & Assumptions'!$F$9+H14*'Weights & Assumptions'!$F$11 -> 100.45216 | T14: =G14*'Weights & Assumptions'!$F$10+I14*'Weights & Assumptions'!$F$12+J14*'Weights & Assumptions'!$F$13+K14*'Weights & Assumptions'!$F$14+L14*'Weights & Assumptions'!$F$15+M14*'Weights & Assumptions'!$F$16+N14*'Weights & Assumptions'!$F$17+O14*'Weights & Assumptions'!$F$18+P14*'Weights & Assumptions'!$F$19+Q14*'Weights & Assumptions'!$F$20 -> 100.6897 | U14: =R14*'Weights & Assumptions'!$B$25/'Weights & Assumptions'!$B$28+S14*'Weights & Assumptions'!$B$26/'Weights & Assumptions'!$B$28+T14*'Weights & Assumptions'!$B$27/'Weights & Assumptions'!$B$28 -> 100.27797 | V14: =IFERROR(Tabelle1!E15*'Weights & Assumptions'!$F$6+Tabelle1!F15*'Weights & Assumptions'!$F$7,"") -> 65.283109 | W14: =IFERROR(Tabelle1!G15*'Weights & Assumptions'!$F$8+Tabelle1!H15*'Weights & Assumptions'!$F$9+Tabelle1!J15*'Weights & Assumptions'!$F$11,"") -> 101.37457 | X14: =IFERROR(Tabelle1!I15*'Weights & Assumptions'!$F$10+Tabelle1!K15*'Weights & Assumptions'!$F$12+Tabelle1!L15*'Weights & Assumptions'!$F$13+Tabelle1!M15*'Weights & Assumptions'!$F$14+Tabelle1!N15*'Weights & Assumptions'!$F$15+Tabelle1!O15*'Weights & Assumptions'!$F$16+Tabelle1!P15*'Weights & Assumptions'!$F$17+Tabelle1!Q15*'Weights & Assumptions'!$F$18+Tabelle1!R15*'Weights & Assumptions'!$F$19+Tabelle1!S15*'Weights & Assumptions'!$F$20,"") -> 100.75327 | Y14: =IFERROR(V14*'Weights & Assumptions'!$B$25/'Weights & Assumptions'!$B$28+W14*'Weights & Assumptions'!$B$26/'Weights & Assumptions'!$B$28+X14*'Weights & Assumptions'!$B$27/'Weights & Assumptions'!$B$28,"") -> 97.942511
A15: 38260 | B15: 102.35036 | C15: 96.451106 | D15: 95.213754 | E15: 100.62568 | F15: 101.82907 | G15: 100.38428 | H15: 103.33532 | I15: 101.4396 | J15: 100.5412 | K15: 102.11846 | L15: 102.0709 | M15: 101.19767 | N15: 101.14971 | O15: 101.14245 | P15: 103.76512 | Q15: 102.20401 | R15: =C15*'Weights & Assumptions'!$F$6+D15*'Weights & Assumptions'!$F$7 -> 96.435945 | S15: =E15*'Weights & Assumptions'!$F$8+F15*'Weights & Assumptions'!$F$9+H15*'Weights & Assumptions'!$F$11 -> 101.99917 | T15: =G15*'Weights & Assumptions'!$F$10+I15*'Weights & Assumptions'!$F$12+J15*'Weights & Assumptions'!$F$13+K15*'Weights & Assumptions'!$F$14+L15*'Weights & Assumptions'!$F$15+M15*'Weights & Assumptions'!$F$16+N15*'Weights & Assumptions'!$F$17+O15*'Weights & Assumptions'!$F$18+P15*'Weights & Assumptions'!$F$19+Q15*'Weights & Assumptions'!$F$20 -> 101.62732 | U15: =R15*'Weights & Assumptions'!$B$25/'Weights & Assumptions'!$B$28+S15*'Weights & Assumptions'!$B$26/'Weights & Assumptions'!$B$28+T15*'Weights & Assumptions'!$B$27/'Weights & Assumptions'!$B$28 -> 101.29064 | V15: =IFERROR(Tabelle1!E16*'Weights & Assumptions'!$F$6+Tabelle1!F16*'Weights & Assumptions'!$F$7,"") -> 60.84067 | W15: =IFERROR(Tabelle1!G16*'Weights & Assumptions'!$F$8+Tabelle1!H16*'Weights & Assumptions'!$F$9+Tabelle1!J16*'Weights & Assumptions'!$F$11,"") -> 103.21235 | X15: =IFERROR(Tabelle1!I16*'Weights & Assumptions'!$F$10+Tabelle1!K16*'Weights & Assumptions'!$F$12+Tabelle1!L16*'Weights & Assumptions'!$F$13+Tabelle1!M16*'Weights & Assumptions'!$F$14+Tabelle1!N16*'Weights & Assumptions'!$F$15+Tabelle1!O16*'Weights & Assumptions'!$F$16+Tabelle1!P16*'Weights & Assumptions'!$F$17+Tabelle1!Q16*'Weights & Assumptions'!$F$18+Tabelle1!R16*'Weights & Assumptions'!$F$19+Tabelle1!S16*'Weights & Assumptions'!$F$20,"") -> 101.05622 | Y15: =IFERROR(V15*'Weights & Assumptions'!$B$25/'Weights & Assumptions'!$B$28+W15*'Weights & Assumptions'!$B$26/'Weights & Assumptions'!$B$28+X15*'Weights & Assumptions'!$B$27/'Weights & Assumptions'!$B$28,"") -> 98.255454
A16: 38291 | B16: 103.12368 | C16: 98.346911 | D16: 101.37345 | E16: 100.18109 | F16: 101.84207 | G16: 101.93668 | H16: 101.80758 | I16: 102.80095 | J16: 102.66899 | K16: 103.67006 | L16: 102.9485 | M16: 101.11211 | N16: 101.47379 | O16: 101.66834 | P16: 102.87006 | Q16: 102.9248 | R16: =C16*'Weights & Assumptions'!$F$6+D16*'Weights & Assumptions'!$F$7 -> 98.383994 | S16: =E16*'Weights & Assumptions'!$F$8+F16*'Weights & Assumptions'!$F$9+H16*'Weights & Assumptions'!$F$11 -> 101.63656 | T16: =G16*'Weights & Assumptions'!$F$10+I16*'Weights & Assumptions'!$F$12+J16*'Weights & Assumptions'!$F$13+K16*'Weights & Assumptions'!$F$14+L16*'Weights & Assumptions'!$F$15+M16*'Weights & Assumptions'!$F$16+N16*'Weights & Assumptions'!$F$17+O16*'Weights & Assumptions'!$F$18+P16*'Weights & Assumptions'!$F$19+Q16*'Weights & Assumptions'!$F$20 -> 102.36677 | U16: =R16*'Weights & Assumptions'!$B$25/'Weights & Assumptions'!$B$28+S16*'Weights & Assumptions'!$B$26/'Weights & Assumptions'!$B$28+T16*'Weights & Assumptions'!$B$27/'Weights & Assumptions'!$B$28 -> 101.83844 | V16: =IFERROR(Tabelle1!E17*'Weights & Assumptions'!$F$6+Tabelle1!F17*'Weights & Assumptions'!$F$7,"") -> 62.936085 | W16: =IFERROR(Tabelle1!G17*'Weights & Assumptions'!$F$8+Tabelle1!H17*'Weights & Assumptions'!$F$9+Tabelle1!J17*'Weights & Assumptions'!$F$11,"") -> 103.68702 | X16: =IFERROR(Tabelle1!I17*'Weights & Assumptions'!$F$10+Tabelle1!K17*'Weights & Assumptions'!$F$12+Tabelle1!L17*'Weights & Assumptions'!$F$13+Tabelle1!M17*'Weights & Assumptions'!$F$14+Tabelle1!N17*'Weights & Assumptions'!$F$15+Tabelle1!O17*'Weights & Assumptions'!$F$16+Tabelle1!P17*'Weights & Assumptions'!$F$17+Tabelle1!Q17*'Weights & Assumptions'!$F$18+Tabelle1!R17*'Weights & Assumptions'!$F$19+Tabelle1!S17*'Weights & Assumptions'!$F$20,"") -> 101.19644 | Y16: =IFERROR(V16*'Weights & Assumptions'!$B$25/'Weights & Assumptions'!$B$28+W16*'Weights & Assumptions'!$B$26/'Weights & Assumptions'!$B$28+X16*'Weights & Assumptions'!$B$27/'Weights & Assumptions'!$B$28,"") -> 98.648654
A17: 38321 | B17: 103.57877 | C17: 98.015937 | D17: 97.521605 | E17: 100.31158 | F17: 102.26075 | G17: 100.06837 | H17: 103.10352 | I17: 102.438 | J17: 104.33856 | K17: 105.71184 | L17: 103.1753 | M17: 101.85321 | N17: 101.63802 | O17: 101.78141 | P17: 103.04606 | Q17: 103.24338 | R17: =C17*'Weights & Assumptions'!$F$6+D17*'Weights & Assumptions'!$F$7 -> 98.00988 | S17: =E17*'Weights & Assumptions'!$F$8+F17*'Weights & Assumptions'!$F$9+H17*'Weights & Assumptions'!$F$11 -> 102.20359 | T17: =G17*'Weights & Assumptions'!$F$10+I17*'Weights & Assumptions'!$F$12+J17*'Weights & Assumptions'!$F$13+K17*'Weights & Assumptions'!$F$14+L17*'Weights & Assumptions'!$F$15+M17*'Weights & Assumptions'!$F$16+N17*'Weights & Assumptions'!$F$17+O17*'Weights & Assumptions'!$F$18+P17*'Weights & Assumptions'!$F$19+Q17*'Weights & Assumptions'!$F$20 -> 102.83803 | U17: =R17*'Weights & Assumptions'!$B$25/'Weights & Assumptions'!$B$28+S17*'Weights & Assumptions'!$B$26/'Weights & Assumptions'!$B$28+T17*'Weights & Assumptions'!$B$27/'Weights & Assumptions'!$B$28 -> 102.26424 | V17: =IFERROR(Tabelle1!E18*'Weights & Assumptions'!$F$6+Tabelle1!F18*'Weights & Assumptions'!$F$7,"") -> 78.317479 | W17: =IFERROR(Tabelle1!G18*'Weights & Assumptions'!$F$8+Tabelle1!H18*'Weights & Assumptions'!$F$9+Tabelle1!J18*'Weights & Assumptions'!$F$11,"") -> 102.85438 | X17: =IFERROR(Tabelle1!I18*'Weights & Assumptions'!$F$10+Tabelle1!K18*'Weights & Assumptions'!$F$12+Tabelle1!L18*'Weights & Assumptions'!$F$13+Tabelle1!M18*'Weights & Assumptions'!$F$14+Tabelle1!N18*'Weights & Assumptions'!$F$15+Tabelle1!O18*'Weights & Assumptions'!$F$16+Tabelle1!P18*'Weights & Assumptions'!$F$17+Tabelle1!Q18*'Weights & Assumptions'!$F$18+Tabelle1!R18*'Weights & Assumptions'!$F$19+Tabelle1!S18*'Weights & Assumptions'!$F$20,"") -> 102.5678 | Y17: =IFERROR(V17*'Weights & Assumptions'!$B$25/'Weights & Assumptions'!$B$28+W17*'Weights & Assumptions'!$B$26/'Weights & Assumptions'!$B$28+X17*'Weights & Assumptions'!$B$27/'Weights & Assumptions'!$B$28,"") -> 100.60938
A18: 38352 | B18: 102.97856 | C18: 96.917687 | D18: 85.253374 | E18: 100.72696 | F18: 103.23365 | G18: 103.11383 | H18: 104.56885 | I18: 104.77428 | J18: 105.52918 | K18: 106.42123 | L18: 103.37564 | M18: 101.85083 | N18: 101.8581 | O18: 102.60687 | P18: 103.46387 | Q18: 104.17037 | R18: =C18*'Weights & Assumptions'!$F$6+D18*'Weights & Assumptions'!$F$7 -> 96.77477 | S18: =E18*'Weights & Assumptions'!$F$8+F18*'Weights & Assumptions'!$F$9+H18*'Weights & Assumptions'!$F$11 -> 103.21251 | T18: =G18*'Weights & Assumptions'!$F$10+I18*'Weights & Assumptions'!$F$12+J18*'Weights & Assumptions'!$F$13+K18*'Weights & Assumptions'!$F$14+L18*'Weights & Assumptions'!$F$15+M18*'Weights & Assumptions'!$F$16+N18*'Weights & Assumptions'!$F$17+O18*'Weights & Assumptions'!$F$18+P18*'Weights & Assumptions'!$F$19+Q18*'Weights & Assumptions'!$F$20 -> 103.7364 | U18: =R18*'Weights & Assumptions'!$B$25/'Weights & Assumptions'!$B$28+S18*'Weights & Assumptions'!$B$26/'Weights & Assumptions'!$B$28+T18*'Weights & Assumptions'!$B$27/'Weights & Assumptions'!$B$28 -> 103.013 | V18: =IFERROR(Tabelle1!E19*'Weights & Assumptions'!$F$6+Tabelle1!F19*'Weights & Assumptions'!$F$7,"") -> 92.532922 | W18: =IFERROR(Tabelle1!G19*'Weights & Assumptions'!$F$8+Tabelle1!H19*'Weights & Assumptions'!$F$9+Tabelle1!J19*'Weights & Assumptions'!$F$11,"") -> 101.73414 | X18: =IFERROR(Tabelle1!I19*'Weights & Assumptions'!$F$10+Tabelle1!K19*'Weights & Assumptions'!$F$12+Tabelle1!L19*'Weights & Assumptions'!$F$13+Tabelle1!M19*'Weights & Assumptions'!$F$14+Tabelle1!N19*'Weights & Assumptions'!$F$15+Tabelle1!O19*'Weights & Assumptions'!$F$16+Tabelle1!P19*'Weights & Assumptions'!$F$17+Tabelle1!Q19*'Weights & Assumptions'!$F$18+Tabelle1!R19*'Weights & Assumptions'!$F$19+Tabelle1!S19*'Weights & Assumptions'!$F$20,"") -> 103.34617 | Y18: =IFERROR(V18*'Weights & Assumptions'!$B$25/'Weights & Assumptions'!$B$28+W18*'Weights & Assumptions'!$B$26/'Weights & Assumptions'!$B$28+X18*'Weights & Assumptions'!$B$27/'Weights & Assumptions'!$B$28,"") -> 102.01026
... A275: 46173 | B275: 153.62027 | C275: 144.42671 | D275: 124.72598 | E275: 136.60389 | F275: 111.15195 | G275: 153.22317 | H275: 130.81158 | I275: 149.12501 | J275: 176.68432 | K275: 187.90798 | L275: 193.83434 | M275: 158.84077 | N275: 159.42283 | O275: 171.44841 | P275: 185.39148 | Q275: 128.24676 | R275: =C275*'Weights & Assumptions'!$F$6+D275*'Weights & Assumptions'!$F$7 -> 144.18533 | S275: =E275*'Weights & Assumptions'!$F$8+F275*'Weights & Assumptions'!$F$9+H275*'Weights & Assumptions'!$F$11 -> 118.28642 | T275: =G275*'Weights & Assumptions'!$F$10+I275*'Weights & Assumptions'!$F$12+J275*'Weights & Assumptions'!$F$13+K275*'Weights & Assumptions'!$F$14+L275*'Weights & Assumptions'!$F$15+M275*'Weights & Assumptions'!$F$16+N275*'Weights & Assumptions'!$F$17+O275*'Weights & Assumptions'!$F$18+P275*'Weights & Assumptions'!$F$19+Q275*'Weights & Assumptions'!$F$20 -> 165.68362 | U275: =R275*'Weights & Assumptions'!$B$25/'Weights & Assumptions'!$B$28+S275*'Weights & Assumptions'!$B$26/'Weights & Assumptions'!$B$28+T275*'Weights & Assumptions'!$B$27/'Weights & Assumptions'!$B$28 -> 151.27615 | V275: =IFERROR(Tabelle1!E276*'Weights & Assumptions'!$F$6+Tabelle1!F276*'Weights & Assumptions'!$F$7,"") -> 295.27627 | W275: =IFERROR(Tabelle1!G276*'Weights & Assumptions'!$F$8+Tabelle1!H276*'Weights & Assumptions'!$F$9+Tabelle1!J276*'Weights & Assumptions'!$F$11,"") -> 120.05251 | X275: =IFERROR(Tabelle1!I276*'Weights & Assumptions'!$F$10+Tabelle1!K276*'Weights & Assumptions'!$F$12+Tabelle1!L276*'Weights & Assumptions'!$F$13+Tabelle1!M276*'Weights & Assumptions'!$F$14+Tabelle1!N276*'Weights & Assumptions'!$F$15+Tabelle1!O276*'Weights & Assumptions'!$F$16+Tabelle1!P276*'Weights & Assumptions'!$F$17+Tabelle1!Q276*'Weights & Assumptions'!$F$18+Tabelle1!R276*'Weights & Assumptions'!$F$19+Tabelle1!S276*'Weights & Assumptions'!$F$20,"") -> 166.61263 | Y275: =IFERROR(V275*'Weights & Assumptions'!$B$25/'Weights & Assumptions'!$B$28+W275*'Weights & Assumptions'!$B$26/'Weights & Assumptions'!$B$28+X275*'Weights & Assumptions'!$B$27/'Weights & Assumptions'!$B$28,"") -> 165.02646
A276: 46203
A277: 46234
A278: 46265
A279: 46295
A280: 46326
A281: 46356
A282: 46387
A283: 46418
A284: 46446
A285: 46477
A286: 46507
A287: 46538
... A294: 46752

Sheet EMAE Analysis
A1: EMAE Analysis
A2: Headline activity. 'Published' is INDEC's own SA series; 'reconstructed' is our weighted aggregate of the three sub-indices — the gap between them is the aggregation error and is the honest measure of model quality.
A6: Date | B6: EMAE published: SA level | C6: EMAE published: m/m % | D6: EMAE published: 3m/3m % | E6: EMAE published: 3m/3m ann. % | F6: EMAE published: y/y % | G6: EMAE published: YTD avg % | H6: EMAE reconstructed: SA level | I6: EMAE reconstructed: m/m % | J6: EMAE reconstructed: 3m/3m % | K6: EMAE reconstructed: 3m/3m ann. % | L6: EMAE reconstructed: y/y % | M6: EMAE reconstructed: YTD avg %
A7: 38017 | B7: ='SA Data'!B7 -> 98.33957 | H7: ='SA Data'!U7 -> 98.959257
A8: 38046 | B8: ='SA Data'!B8 -> 98.07072 | C8: =(B8/B7-1)*100 -> -0.27338944 | H8: ='SA Data'!U8 -> 99.055058 | I8: =(H8/H7-1)*100 -> 0.096808672
A9: 38077 | B9: ='SA Data'!B9 -> 97.66795 | C9: =(B9/B8-1)*100 -> -0.41069343 | H9: ='SA Data'!U9 -> 98.31 | I9: =(H9/H8-1)*100 -> -0.75216548
A10: 38107 | B10: ='SA Data'!B10 -> 95.23678 | C10: =(B10/B9-1)*100 -> -2.4892199 | H10: ='SA Data'!U10 -> 97.41124 | I10: =(H10/H9-1)*100 -> -0.91421073
A11: 38138 | B11: ='SA Data'!B11 -> 96.95127 | C11: =(B11/B10-1)*100 -> 1.8002394 | H11: ='SA Data'!U11 -> 97.334073 | I11: =(H11/H10-1)*100 -> -0.079217119
A12: 38168 | B12: ='SA Data'!B12 -> 98.68356 | C12: =(B12/B11-1)*100 -> 1.7867636 | D12: =(AVERAGE(B10:B12)/AVERAGE(B7:B9)-1)*100 -> -1.0904003 | E12: =((AVERAGE(B10:B12)/AVERAGE(B7:B9))^4-1)*100 -> -4.29078 | H12: ='SA Data'!U12 -> 98.351216 | I12: =(H12/H11-1)*100 -> 1.0450012 | J12: =(AVERAGE(H10:H12)/AVERAGE(H7:H9)-1)*100 -> -1.0892751 | K12: =((AVERAGE(H10:H12)/AVERAGE(H7:H9))^4-1)*100 -> -4.2864247
A13: 38199 | B13: ='SA Data'!B13 -> 100.8411 | C13: =(B13/B12-1)*100 -> 2.1863216 | D13: =(AVERAGE(B11:B13)/AVERAGE(B8:B10)-1)*100 -> 1.8903588 | E13: =((AVERAGE(B11:B13)/AVERAGE(B8:B10))^4-1)*100 -> 7.7785574 | H13: ='SA Data'!U13 -> 100.02921 | I13: =(H13/H12-1)*100 -> 1.7061297 | J13: =(AVERAGE(H11:H13)/AVERAGE(H8:H10)-1)*100 -> 0.31827715 | K13: =((AVERAGE(H11:H13)/AVERAGE(H8:H10))^4-1)*100 -> 1.2791995
A14: 38230 | B14: ='SA Data'!B14 -> 102.17769 | C14: =(B14/B13-1)*100 -> 1.3254417 | D14: =(AVERAGE(B12:B14)/AVERAGE(B9:B11)-1)*100 -> 4.0869777 | E14: =((AVERAGE(B12:B14)/AVERAGE(B9:B11))^4-1)*100 -> 17.377699 | H14: ='SA Data'!U14 -> 100.27797 | I14: =(H14/H13-1)*100 -> 0.24868178 | J14: =(AVERAGE(H12:H14)/AVERAGE(H9:H11)-1)*100 -> 1.9119553 | K14: =((AVERAGE(H12:H14)/AVERAGE(H9:H11))^4-1)*100 -> 7.8699645
A15: 38260 | B15: ='SA Data'!B15 -> 102.35036 | C15: =(B15/B14-1)*100 -> 0.16898992 | D15: =(AVERAGE(B13:B15)/AVERAGE(B10:B12)-1)*100 -> 4.9841715 | E15: =((AVERAGE(B13:B15)/AVERAGE(B10:B12))^4-1)*100 -> 21.477348 | H15: ='SA Data'!U15 -> 101.29064 | I15: =(H15/H14-1)*100 -> 1.0098653 | J15: =(AVERAGE(H13:H15)/AVERAGE(H10:H12)-1)*100 -> 2.9005111 | K15: =((AVERAGE(H13:H15)/AVERAGE(H10:H12))^4-1)*100 -> 12.116654
A16: 38291 | B16: ='SA Data'!B16 -> 103.12368 | C16: =(B16/B15-1)*100 -> 0.75556158 | D16: =(AVERAGE(B14:B16)/AVERAGE(B11:B13)-1)*100 -> 3.7695472 | E16: =((AVERAGE(B14:B16)/AVERAGE(B11:B13))^4-1)*100 -> 15.952385 | H16: ='SA Data'!U16 -> 101.83844 | I16: =(H16/H15-1)*100 -> 0.5408151 | J16: =(AVERAGE(H14:H16)/AVERAGE(H11:H13)-1)*100 -> 2.6013415 | K16: =((AVERAGE(H14:H16)/AVERAGE(H11:H13))^4-1)*100 -> 10.818472
A17: 38321 | B17: ='SA Data'!B17 -> 103.57877 | C17: =(B17/B16-1)*100 -> 0.44130504 | D17: =(AVERAGE(B15:B17)/AVERAGE(B12:B14)-1)*100 -> 2.4363284 | E17: =((AVERAGE(B15:B17)/AVERAGE(B12:B14))^4-1)*100 -> 10.107275 | H17: ='SA Data'!U17 -> 102.26424 | I17: =(H17/H16-1)*100 -> 0.4181133 | J17: =(AVERAGE(H15:H17)/AVERAGE(H12:H14)-1)*100 -> 2.2550565 | K17: =((AVERAGE(H15:H17)/AVERAGE(H12:H14))^4-1)*100 -> 9.3299556
A18: 38352 | B18: ='SA Data'!B18 -> 102.97856 | C18: =(B18/B17-1)*100 -> -0.57947203 | D18: =(AVERAGE(B16:B18)/AVERAGE(B13:B15)-1)*100 -> 1.4120156 | E18: =((AVERAGE(B16:B18)/AVERAGE(B13:B15))^4-1)*100 -> 5.7688197 | H18: ='SA Data'!U18 -> 103.013 | I18: =(H18/H17-1)*100 -> 0.73218507 | J18: =(AVERAGE(H16:H18)/AVERAGE(H13:H15)-1)*100 -> 1.8295384 | K18: =((AVERAGE(H16:H18)/AVERAGE(H13:H15))^4-1)*100 -> 7.5214471
A19: 38383 | B19: ='SA Data'!B19 -> 105.74978 | C19: =(B19/B18-1)*100 -> 2.691065 | D19: =(AVERAGE(B17:B19)/AVERAGE(B14:B16)-1)*100 -> 1.5131981 | E19: =((AVERAGE(B17:B19)/AVERAGE(B14:B16))^4-1)*100 -> 6.1915695 | F19: =(B19/B7-1)*100 -> 7.5353289 | G19: =IFERROR((AVERAGE(B19:B19)/AVERAGE(B7:B7)-1)*100,"") -> 7.5353289 | H19: ='SA Data'!U19 -> 103.2978 | I19: =(H19/H18-1)*100 -> 0.27646619 | J19: =(AVERAGE(H17:H19)/AVERAGE(H14:H16)-1)*100 -> 1.7033177 | K19: =((AVERAGE(H17:H19)/AVERAGE(H14:H16))^4-1)*100 -> 6.9893332 | L19: =IFERROR(('SA Data'!Y19/'SA Data'!Y7-1)*100,"") -> 6.6904198 | M19: =IFERROR((AVERAGE('SA Data'!Y19:Y19)/AVERAGE('SA Data'!Y7:Y7)-1)*100,"") -> 6.6904198
A20: 38411 | B20: ='SA Data'!B20 -> 106.05741 | C20: =(B20/B19-1)*100 -> 0.29090368 | D20: =(AVERAGE(B18:B20)/AVERAGE(B15:B17)-1)*100 -> 1.8550034 | E20: =((AVERAGE(B18:B20)/AVERAGE(B15:B17))^4-1)*100 -> 7.6290408 | F20: =(B20/B8-1)*100 -> 8.1438068 | G20: =IFERROR((AVERAGE(B19:B20)/AVERAGE(B7:B8)-1)*100,"") -> 7.8391514 | H20: ='SA Data'!U20 -> 104.44938 | I20: =(H20/H19-1)*100 -> 1.1148164 | J20: =(AVERAGE(H18:H20)/AVERAGE(H15:H17)-1)*100 -> 1.7573595 | K20: =((AVERAGE(H18:H20)/AVERAGE(H15:H17))^4-1)*100 -> 7.2169174 | L20: =IFERROR(('SA Data'!Y20/'SA Data'!Y8-1)*100,"") -> 7.2606189 | M20: =IFERROR((AVERAGE('SA Data'!Y19:Y20)/AVERAGE('SA Data'!Y7:Y8)-1)*100,"") -> 6.9733489
A21: 38442 | B21: ='SA Data'!B21 -> 106.85062 | C21: =(B21/B20-1)*100 -> 0.74790625 | D21: =(AVERAGE(B19:B21)/AVERAGE(B16:B18)-1)*100 -> 2.8987247 | E21: =((AVERAGE(B19:B21)/AVERAGE(B16:B18))^4-1)*100 -> 12.108869 | F21: =(B21/B9-1)*100 -> 9.4019277 | G21: =IFERROR((AVERAGE(B19:B21)/AVERAGE(B7:B9)-1)*100,"") -> 8.3581737 | H21: ='SA Data'!U21 -> 105.83395 | I21: =(H21/H20-1)*100 -> 1.3255911 | J21: =(AVERAGE(H19:H21)/AVERAGE(H16:H18)-1)*100 -> 2.105216 | K21: =((AVERAGE(H19:H21)/AVERAGE(H16:H18))^4-1)*100 -> 8.6905319 | L21: =IFERROR(('SA Data'!Y21/'SA Data'!Y9-1)*100,"") -> 9.234009 | M21: =IFERROR((AVERAGE('SA Data'!Y19:Y21)/AVERAGE('SA Data'!Y7:Y9)-1)*100,"") -> 7.779719
A22: 38472 | B22: ='SA Data'!B22 -> 107.96569 | C22: =(B22/B21-1)*100 -> 1.0435784 | D22: =(AVERAGE(B20:B22)/AVERAGE(B17:B19)-1)*100 -> 2.7430083 | E22: =((AVERAGE(B20:B22)/AVERAGE(B17:B19))^4-1)*100 -> 11.431791 | F22: =(B22/B10-1)*100 -> 13.36554 | G22: =IFERROR((AVERAGE(B19:B22)/AVERAGE(B7:B10)-1)*100,"") -> 9.5831083 | H22: ='SA Data'!U22 -> 107.70261 | I22: =(H22/H21-1)*100 -> 1.7656575 | J22: =(AVERAGE(H20:H22)/AVERAGE(H17:H19)-1)*100 -> 3.0497951 | K22: =((AVERAGE(H20:H22)/AVERAGE(H17:H19))^4-1)*100 -> 12.768688 | L22: =IFERROR(('SA Data'!Y22/'SA Data'!Y10-1)*100,"") -> 13.173464 | M22: =IFERROR((AVERAGE('SA Data'!Y19:Y22)/AVERAGE('SA Data'!Y7:Y10)-1)*100,"") -> 9.2053519
A23: 38503 | B23: ='SA Data'!B23 -> 109.10032 | C23: =(B23/B22-1)*100 -> 1.0509172 | D23: =(AVERAGE(B21:B23)/AVERAGE(B18:B20)-1)*100 -> 2.900665 | E23: =((AVERAGE(B21:B23)/AVERAGE(B18:B20))^4-1)*100 -> 12.117324 | F23: =(B23/B11-1)*100 -> 12.531089 | G23: =IFERROR((AVERAGE(B19:B23)/AVERAGE(B7:B11)-1)*100,"") -> 10.170874 | H23: ='SA Data'!U23 -> 108.26116 | I23: =(H23/H22-1)*100 -> 0.51859643 | J23: =(AVERAGE(H21:H23)/AVERAGE(H18:H20)-1)*100 -> 3.5517886 | K23: =((AVERAGE(H21:H23)/AVERAGE(H18:H20))^4-1)*100 -> 14.982148 | L23: =IFERROR(('SA Data'!Y23/'SA Data'!Y11-1)*100,"") -> 14.987227 | M23: =IFERROR((AVERAGE('SA Data'!Y19:Y23)/AVERAGE('SA Data'!Y7:Y11)-1)*100,"") -> 10.477051
A24: 38533 | B24: ='SA Data'!B24 -> 108.58363 | C24: =(B24/B23-1)*100 -> -0.47359164 | D24: =(AVERAGE(B22:B24)/AVERAGE(B19:B21)-1)*100 -> 2.1941499 | E24: =((AVERAGE(B22:B24)/AVERAGE(B19:B21))^4-1)*100 -> 9.0697057 | F24: =(B24/B12-1)*100 -> 10.032137 | G24: =IFERROR((AVERAGE(B19:B24)/AVERAGE(B7:B12)-1)*100,"") -> 10.147468 | H24: ='SA Data'!U24 -> 108.49831 | I24: =(H24/H23-1)*100 -> 0.21905426 | J24: =(AVERAGE(H22:H24)/AVERAGE(H19:H21)-1)*100 -> 3.4699007 | K24: =((AVERAGE(H22:H24)/AVERAGE(H19:H21))^4-1)*100 -> 14.618872 | L24: =IFERROR(('SA Data'!Y24/'SA Data'!Y12-1)*100,"") -> 11.880952 | M24: =IFERROR((AVERAGE('SA Data'!Y19:Y24)/AVERAGE('SA Data'!Y7:Y12)-1)*100,"") -> 10.721392
A25: 38564 | B25: ='SA Data'!B25 -> 109.13426 | C25: =(B25/B24-1)*100 -> 0.50710222 | D25: =(AVERAGE(B23:B25)/AVERAGE(B20:B22)-1)*100 -> 1.8525948 | E25: =((AVERAGE(B23:B25)/AVERAGE(B20:B22))^4-1)*100 -> 7.6188609 | F25: =(B25/B13-1)*100 -> 8.223988 | G25: =IFERROR((AVERAGE(B19:B25)/AVERAGE(B7:B13)-1)*100,"") -> 9.8646329 | H25: ='SA Data'!U25 -> 108.09296 | I25: =(H25/H24-1)*100 -> -0.37359255 | J25: =(AVERAGE(H23:H25)/AVERAGE(H20:H22)-1)*100 -> 2.1593682 | K25: =((AVERAGE(H23:H25)/AVERAGE(H20:H22))^4-1)*100 -> 8.9212941 | L25: =IFERROR(('SA Data'!Y25/'SA Data'!Y13-1)*100,"") -> 8.0422462 | M25: =IFERROR((AVERAGE('SA Data'!Y19:Y25)/AVERAGE('SA Data'!Y7:Y13)-1)*100,"") -> 10.337648
A26: 38595 | B26: ='SA Data'!B26 -> 109.37691 | C26: =(B26/B25-1)*100 -> 0.22234081 | D26: =(AVERAGE(B24:B26)/AVERAGE(B21:B23)-1)*100 -> 0.98116914 | E26: =((AVERAGE(B24:B26)/AVERAGE(B21:B23))^4-1)*100 -> 3.9828169 | F26: =(B26/B14-1)*100 -> 7.0457847 | G26: =IFERROR((AVERAGE(B19:B26)/AVERAGE(B7:B14)-1)*100,"") -> 9.4991065 | H26: ='SA Data'!U26 -> 108.73991 | I26: =(H26/H25-1)*100 -> 0.59850978 | J26: =(AVERAGE(H24:H26)/AVERAGE(H21:H23)-1)*100 -> 1.0980391 | K26: =((AVERAGE(H24:H26)/AVERAGE(H21:H23))^4-1)*100 -> 4.4650286 | L26: =IFERROR(('SA Data'!Y26/'SA Data'!Y14-1)*100,"") -> 8.8615012 | M26: =IFERROR((AVERAGE('SA Data'!Y19:Y26)/AVERAGE('SA Data'!Y7:Y14)-1)*100,"") -> 10.157034
A27: 38625 | B27: ='SA Data'!B27 -> 109.26148 | C27: =(B27/B26-1)*100 -> -0.10553416 | D27: =(AVERAGE(B25:B27)/AVERAGE(B22:B24)-1)*100 -> 0.65193071 | E27: =((AVERAGE(B25:B27)/AVERAGE(B22:B24))^4-1)*100 -> 2.6333347 | F27: =(B27/B15-1)*100 -> 6.752414 | G27: =IFERROR((AVERAGE(B19:B27)/AVERAGE(B7:B15)-1)*100,"") -> 9.1833489 | H27: ='SA Data'!U27 -> 109.28881 | I27: =(H27/H26-1)*100 -> 0.50477998 | J27: =(AVERAGE(H25:H27)/AVERAGE(H22:H24)-1)*100 -> 0.51149575 | K27: =((AVERAGE(H25:H27)/AVERAGE(H22:H24))^4-1)*100 -> 2.0617343 | L27: =IFERROR(('SA Data'!Y27/'SA Data'!Y15-1)*100,"") -> 8.0144371 | M27: =IFERROR((AVERAGE('SA Data'!Y19:Y27)/AVERAGE('SA Data'!Y7:Y15)-1)*100,"") -> 9.9227903
A28: 38656 | B28: ='SA Data'!B28 -> 109.94966 | C28: =(B28/B27-1)*100 -> 0.62984686 | D28: =(AVERAGE(B26:B28)/AVERAGE(B23:B25)-1)*100 -> 0.54153653 | E28: =((AVERAGE(B26:B28)/AVERAGE(B23:B25))^4-1)*100 -> 2.1838054 | F28: =(B28/B16-1)*100 -> 6.6192168 | G28: =IFERROR((AVERAGE(B19:B28)/AVERAGE(B7:B16)-1)*100,"") -> 8.9171808 | H28: ='SA Data'!U28 -> 109.42562 | I28: =(H28/H27-1)*100 -> 0.12518556 | J28: =(AVERAGE(H26:H28)/AVERAGE(H23:H25)-1)*100 -> 0.80095348 | K28: =((AVERAGE(H26:H28)/AVERAGE(H23:H25))^4-1)*100 -> 3.2425115 | L28: =IFERROR(('SA Data'!Y28/'SA Data'!Y16-1)*100,"") -> 7.921953 | M28: =IFERROR((AVERAGE('SA Data'!Y19:Y28)/AVERAGE('SA Data'!Y7:Y16)-1)*100,"") -> 9.724892
A29: 38686 | B29: ='SA Data'!B29 -> 111.16807 | C29: =(B29/B28-1)*100 -> 1.1081526 | D29: =(AVERAGE(B27:B29)/AVERAGE(B24:B26)-1)*100 -> 1.0041156 | E29: =((AVERAGE(B27:B29)/AVERAGE(B24:B26))^4-1)*100 -> 4.0773634 | F29: =(B29/B17-1)*100 -> 7.3270806 | G29: =IFERROR((AVERAGE(B19:B29)/AVERAGE(B7:B17)-1)*100,"") -> 8.7670464 | H29: ='SA Data'!U29 -> 111.20769 | I29: =(H29/H28-1)*100 -> 1.6285603 | J29: =(AVERAGE(H27:H29)/AVERAGE(H24:H26)-1)*100 -> 1.4111571 | K29: =((AVERAGE(H27:H29)/AVERAGE(H24:H26))^4-1)*100 -> 5.7652384 | L29: =IFERROR(('SA Data'!Y29/'SA Data'!Y17-1)*100,"") -> 9.013403 | M29: =IFERROR((AVERAGE('SA Data'!Y19:Y29)/AVERAGE('SA Data'!Y7:Y17)-1)*100,"") -> 9.6596979
A30: 38717 | B30: ='SA Data'!B30 -> 113.02209 | C30: =(B30/B29-1)*100 -> 1.6677631 | D30: =(AVERAGE(B28:B30)/AVERAGE(B25:B27)-1)*100 -> 1.9425568 | E30: =((AVERAGE(B28:B30)/AVERAGE(B25:B27))^4-1)*100 -> 7.9995853 | F30: =(B30/B18-1)*100 -> 9.7530301 | G30: =IFERROR((AVERAGE(B19:B30)/AVERAGE(B7:B18)-1)*100,"") -> 8.8516591 | H30: ='SA Data'!U30 -> 112.72023 | I30: =(H30/H29-1)*100 -> 1.3601068 | J30: =(AVERAGE(H28:H30)/AVERAGE(H25:H27)-1)*100 -> 2.2175314 | K30: =((AVERAGE(H28:H30)/AVERAGE(H25:H27))^4-1)*100 -> 9.1695585 | L30: =IFERROR(('SA Data'!Y30/'SA Data'!Y18-1)*100,"") -> 9.2519023 | M30: =IFERROR((AVERAGE('SA Data'!Y19:Y30)/AVERAGE('SA Data'!Y7:Y18)-1)*100,"") -> 9.6250318
A31: 38748 | B31: ='SA Data'!B31 -> 113.8318 | C31: =(B31/B30-1)*100 -> 0.71641747 | D31: =(AVERAGE(B29:B31)/AVERAGE(B26:B28)-1)*100 -> 2.8710448 | E31: =((AVERAGE(B29:B31)/AVERAGE(B26:B28))^4-1)*100 -> 11.988287 | F31: =(B31/B19-1)*100 -> 7.642588 | G31: =IFERROR((AVERAGE(B31:B31)/AVERAGE(B19:B19)-1)*100,"") -> 7.642588 | H31: ='SA Data'!U31 -> 112.69003 | I31: =(H31/H30-1)*100 -> -0.02679253 | J31: =(AVERAGE(H29:H31)/AVERAGE(H26:H28)-1)*100 -> 2.7984352 | K31: =((AVERAGE(H29:H31)/AVERAGE(H26:H28))^4-1)*100 -> 11.672443 | L31: =IFERROR(('SA Data'!Y31/'SA Data'!Y19-1)*100,"") -> 8.7003606 | M31: =IFERROR((AVERAGE('SA Data'!Y31:Y31)/AVERAGE('SA Data'!Y19:Y19)-1)*100,"") -> 8.7003606
A32: 38776 | B32: ='SA Data'!B32 -> 114.74988 | C32: =(B32/B31-1)*100 -> 0.80652331 | D32: =(AVERAGE(B30:B32)/AVERAGE(B27:B29)-1)*100 -> 3.3974777 | E32: =((AVERAGE(B30:B32)/AVERAGE(B27:B29))^4-1)*100 -> 14.298302 | F32: =(B32/B20-1)*100 -> 8.1960044 | G32: =IFERROR((AVERAGE(B31:B32)/AVERAGE(B19:B20)-1)*100,"") -> 7.9196981 | H32: ='SA Data'!U32 -> 113.14459 | I32: =(H32/H31-1)*100 -> 0.40337751 | J32: =(AVERAGE(H30:H32)/AVERAGE(H27:H29)-1)*100 -> 2.6165973 | K32: =((AVERAGE(H30:H32)/AVERAGE(H27:H29))^4-1)*100 -> 10.884397 | L32: =IFERROR(('SA Data'!Y32/'SA Data'!Y20-1)*100,"") -> 8.1433357 | M32: =IFERROR((AVERAGE('SA Data'!Y31:Y32)/AVERAGE('SA Data'!Y19:Y20)-1)*100,"") -> 8.4232262
A33: 38807 | B33: ='SA Data'!B33 -> 114.30687 | C33: =(B33/B32-1)*100 -> -0.38606576 | D33: =(AVERAGE(B31:B33)/AVERAGE(B28:B30)-1)*100 -> 2.6182842 | E33: =((AVERAGE(B31:B33)/AVERAGE(B28:B30))^4-1)*100 -> 10.891688 | F33: =(B33/B21-1)*100 -> 6.9782 | G33: =IFERROR((AVERAGE(B31:B33)/AVERAGE(B19:B21)-1)*100,"") -> 7.604 | H33: ='SA Data'!U33 -> 114.20108 | I33: =(H33/H32-1)*100 -> 0.93374683 | J33: =(AVERAGE(H31:H33)/AVERAGE(H28:H30)-1)*100 -> 2.0045276 | K33: =((AVERAGE(H31:H33)/AVERAGE(H28:H30))^4-1)*100 -> 8.2624361 | L33: =IFERROR(('SA Data'!Y33/'SA Data'!Y21-1)*100,"") -> 7.0801418 | M33: =IFERROR((AVERAGE('SA Data'!Y31:Y33)/AVERAGE('SA Data'!Y19:Y21)-1)*100,"") -> 7.9376882
A34: 38837 | B34: ='SA Data'!B34 -> 115.84398 | C34: =(B34/B33-1)*100 -> 1.3447223 | D34: =(AVERAGE(B32:B34)/AVERAGE(B29:B31)-1)*100 -> 2.0350068 | E34: =((AVERAGE(B32:B34)/AVERAGE(B29:B31))^4-1)*100 -> 8.3918907 | F34: =(B34/B22-1)*100 -> 7.2970311 | G34: =IFERROR((AVERAGE(B31:B34)/AVERAGE(B19:B22)-1)*100,"") -> 7.5263154 | H34: ='SA Data'!U34 -> 114.11494 | I34: =(H34/H33-1)*100 -> -0.075430427 | J34: =(AVERAGE(H32:H34)/AVERAGE(H29:H31)-1)*100 -> 1.438624 | K34: =((AVERAGE(H32:H34)/AVERAGE(H29:H31))^4-1)*100 -> 5.8798696 | L34: =IFERROR(('SA Data'!Y34/'SA Data'!Y22-1)*100,"") -> 5.2639413 | M34: =IFERROR((AVERAGE('SA Data'!Y31:Y34)/AVERAGE('SA Data'!Y19:Y22)-1)*100,"") -> 7.2053051
A35: 38868 | B35: ='SA Data'!B35 -> 115.09969 | C35: =(B35/B34-1)*100 -> -0.64249346 | D35: =(AVERAGE(B33:B35)/AVERAGE(B30:B32)-1)*100 -> 1.0675438 | E35: =((AVERAGE(B33:B35)/AVERAGE(B30:B32))^4-1)*100 -> 4.3390423 | F35: =(B35/B23-1)*100 -> 5.4989481 | G35: =IFERROR((AVERAGE(B31:B35)/AVERAGE(B19:B23)-1)*100,"") -> 7.1134414 | H35: ='SA Data'!U35 -> 115.3633 | I35: =(H35/H34-1)*100 -> 1.0939537 | J35: =(AVERAGE(H33:H35)/AVERAGE(H30:H32)-1)*100 -> 1.5136288 | K35: =((AVERAGE(H33:H35)/AVERAGE(H30:H32))^4-1)*100 -> 6.1933721 | L35: =IFERROR(('SA Data'!Y35/'SA Data'!Y23-1)*100,"") -> 5.642845 | M35: =IFERROR((AVERAGE('SA Data'!Y31:Y35)/AVERAGE('SA Data'!Y19:Y23)-1)*100,"") -> 6.8476188
A36: 38898 | B36: ='SA Data'!B36 -> 116.25305 | C36: =(B36/B35-1)*100 -> 1.0020531 | D36: =(AVERAGE(B34:B36)/AVERAGE(B31:B33)-1)*100 -> 1.2564345 | E36: =((AVERAGE(B34:B36)/AVERAGE(B31:B33))^4-1)*100 -> 5.1212515 | F36: =(B36/B24-1)*100 -> 7.0631457 | G36: =IFERROR((AVERAGE(B31:B36)/AVERAGE(B19:B24)-1)*100,"") -> 7.1049652 | H36: ='SA Data'!U36 -> 116.37329 | I36: =(H36/H35-1)*100 -> 0.87548347 | J36: =(AVERAGE(H34:H36)/AVERAGE(H31:H33)-1)*100 -> 1.7103566 | K36: =((AVERAGE(H34:H36)/AVERAGE(H31:H33))^4-1)*100 -> 7.0189553 | L36: =IFERROR(('SA Data'!Y36/'SA Data'!Y24-1)*100,"") -> 6.5126307 | M36: =IFERROR((AVERAGE('SA Data'!Y31:Y36)/AVERAGE('SA Data'!Y19:Y24)-1)*100,"") -> 6.7887055
A37: 38929 | B37: ='SA Data'!B37 -> 118.14538 | C37: =(B37/B36-1)*100 -> 1.627768 | D37: =(AVERAGE(B35:B37)/AVERAGE(B32:B34)-1)*100 -> 1.3329604 | E37: =((AVERAGE(B35:B37)/AVERAGE(B32:B34))^4-1)*100 -> 5.4393989 | F37: =(B37/B25-1)*100 -> 8.2569122 | G37: =IFERROR((AVERAGE(B31:B37)/AVERAGE(B19:B25)-1)*100,"") -> 7.271822 | H37: ='SA Data'!U37 -> 117.48594 | I37: =(H37/H36-1)*100 -> 0.9561033 | J37: =(AVERAGE(H35:H37)/AVERAGE(H32:H34)-1)*100 -> 2.2731509 | K37: =((AVERAGE(H35:H37)/AVERAGE(H32:H34))^4-1)*100 -> 9.4073617 | L37: =IFERROR(('SA Data'!Y37/'SA Data'!Y25-1)*100,"") -> 8.9912799 | M37: =IFERROR((AVERAGE('SA Data'!Y31:Y37)/AVERAGE('SA Data'!Y19:Y25)-1)*100,"") -> 7.0976254
A38: 38960 | B38: ='SA Data'!B38 -> 118.75377 | C38: =(B38/B37-1)*100 -> 0.51495031 | D38: =(AVERAGE(B36:B38)/AVERAGE(B33:B35)-1)*100 -> 2.2886742 | E38: =((AVERAGE(B36:B38)/AVERAGE(B33:B35))^4-1)*100 -> 9.4738012 | F38: =(B38/B26-1)*100 -> 8.5729794 | G38: =IFERROR((AVERAGE(B31:B38)/AVERAGE(B19:B26)-1)*100,"") -> 7.4367658 | H38: ='SA Data'!U38 -> 118.70914 | I38: =(H38/H37-1)*100 -> 1.0411481 | J38: =(AVERAGE(H36:H38)/AVERAGE(H33:H35)-1)*100 -> 2.5864364 | K38: =((AVERAGE(H36:H38)/AVERAGE(H33:H35))^4-1)*100 -> 10.75409 | L38: =IFERROR(('SA Data'!Y38/'SA Data'!Y26-1)*100,"") -> 9.4978368 | M38: =IFERROR((AVERAGE('SA Data'!Y31:Y38)/AVERAGE('SA Data'!Y19:Y26)-1)*100,"") -> 7.3878501
A39: 38990 | B39: ='SA Data'!B39 -> 119.80935 | C39: =(B39/B38-1)*100 -> 0.88888125 | D39: =(AVERAGE(B37:B39)/AVERAGE(B34:B36)-1)*100 -> 2.7395939 | E39: =((AVERAGE(B37:B39)/AVERAGE(B34:B36))^4-1)*100 -> 11.416979 | F39: =(B39/B27-1)*100 -> 9.6537865 | G39: =IFERROR((AVERAGE(B31:B39)/AVERAGE(B19:B27)-1)*100,"") -> 7.6859582 | H39: ='SA Data'!U39 -> 118.8921 | I39: =(H39/H38-1)*100 -> 0.15412875 | J39: =(AVERAGE(H37:H39)/AVERAGE(H34:H36)-1)*100 -> 2.6704102 | K39: =((AVERAGE(H37:H39)/AVERAGE(H34:H36))^4-1)*100 -> 11.117174 | L39: =IFERROR(('SA Data'!Y39/'SA Data'!Y27-1)*100,"") -> 8.9774449 | M39: =IFERROR((AVERAGE('SA Data'!Y31:Y39)/AVERAGE('SA Data'!Y19:Y27)-1)*100,"") -> 7.5586184
A40: 39021 | B40: ='SA Data'!B40 -> 120.53007 | C40: =(B40/B39-1)*100 -> 0.60155572 | D40: =(AVERAGE(B38:B40)/AVERAGE(B35:B37)-1)*100 -> 2.7453853 | E40: =((AVERAGE(B38:B40)/AVERAGE(B35:B37))^4-1)*100 -> 11.442103 | F40: =(B40/B28-1)*100 -> 9.6229584 | G40: =IFERROR((AVERAGE(B31:B40)/AVERAGE(B19:B28)-1)*100,"") -> 7.882785 | H40: ='SA Data'!U40 -> 119.06702 | I40: =(H40/H39-1)*100 -> 0.14712446 | J40: =(AVERAGE(H38:H40)/AVERAGE(H35:H37)-1)*100 -> 2.1320908 | K40: =((AVERAGE(H38:H40)/AVERAGE(H35:H37))^4-1)*100 -> 8.8050093 | L40: =IFERROR(('SA Data'!Y40/'SA Data'!Y28-1)*100,"") -> 9.5187217 | M40: =IFERROR((AVERAGE('SA Data'!Y31:Y40)/AVERAGE('SA Data'!Y19:Y28)-1)*100,"") -> 7.7493022
A41: 39051 | B41: ='SA Data'!B41 -> 120.65319 | C41: =(B41/B40-1)*100 -> 0.10214878 | D41: =(AVERAGE(B39:B41)/AVERAGE(B36:B38)-1)*100 -> 2.2201221 | E41: =((AVERAGE(B39:B41)/AVERAGE(B36:B38))^4-1)*100 -> 9.1806263 | F41: =(B41/B29-1)*100 -> 8.5322341 | G41: =IFERROR((AVERAGE(B31:B41)/AVERAGE(B19:B29)-1)*100,"") -> 7.943293 | H41: ='SA Data'!U41 -> 120.37996 | I41: =(H41/H40-1)*100 -> 1.1026845 | J41: =(AVERAGE(H39:H41)/AVERAGE(H36:H38)-1)*100 -> 1.6367666 | K41: =((AVERAGE(H39:H41)/AVERAGE(H36:H38))^4-1)*100 -> 6.7095677 | L41: =IFERROR(('SA Data'!Y41/'SA Data'!Y29-1)*100,"") -> 8.4766264 | M41: =IFERROR((AVERAGE('SA Data'!Y31:Y41)/AVERAGE('SA Data'!Y19:Y29)-1)*100,"") -> 7.8155546
A42: 39082 | B42: ='SA Data'!B42 -> 123.35638 | C42: =(B42/B41-1)*100 -> 2.2404629 | D42: =(AVERAGE(B40:B42)/AVERAGE(B37:B39)-1)*100 -> 2.1953892 | E42: =((AVERAGE(B40:B42)/AVERAGE(B37:B39))^4-1)*100 -> 9.0749967 | F42: =(B42/B30-1)*100 -> 9.1436019 | G42: =IFERROR((AVERAGE(B31:B42)/AVERAGE(B19:B30)-1)*100,"") -> 8.047151 | H42: ='SA Data'!U42 -> 121.32761 | I42: =(H42/H41-1)*100 -> 0.7872188 | J42: =(AVERAGE(H40:H42)/AVERAGE(H37:H39)-1)*100 -> 1.6016944 | K42: =((AVERAGE(H40:H42)/AVERAGE(H37:H39))^4-1)*100 -> 6.5623532 | L42: =IFERROR(('SA Data'!Y42/'SA Data'!Y30-1)*100,"") -> 7.2556494 | M42: =IFERROR((AVERAGE('SA Data'!Y31:Y42)/AVERAGE('SA Data'!Y19:Y30)-1)*100,"") -> 7.7681198
A43: 39113 | B43: ='SA Data'!B43 -> 122.08744 | C43: =(B43/B42-1)*100 -> -1.028678 | D43: =(AVERAGE(B41:B43)/AVERAGE(B38:B40)-1)*100 -> 1.9504185 | E43: =((AVERAGE(B41:B43)/AVERAGE(B38:B40))^4-1)*100 -> 8.0329043 | F43: =(B43/B31-1)*100 -> 7.2524901 | G43: =IFERROR((AVERAGE(B43:B43)/AVERAGE(B31:B31)-1)*100,"") -> 7.2524901 | H43: ='SA Data'!U43 -> 122.23032 | I43: =(H43/H42-1)*100 -> 0.7440245 | J43: =(AVERAGE(H41:H43)/AVERAGE(H38:H40)-1)*100 -> 2.0382018 | K43: =((AVERAGE(H41:H43)/AVERAGE(H38:H40))^4-1)*100 -> 8.4054673 | L43: =IFERROR(('SA Data'!Y43/'SA Data'!Y31-1)*100,"") -> 8.0402199 | M43: =IFERROR((AVERAGE('SA Data'!Y43:Y43)/AVERAGE('SA Data'!Y31:Y31)-1)*100,"") -> 8.0402199
A44: 39141 | B44: ='SA Data'!B44 -> 124.63366 | C44: =(B44/B43-1)*100 -> 2.0855708 | D44: =(AVERAGE(B42:B44)/AVERAGE(B39:B41)-1)*100 -> 2.516636 | E44: =((AVERAGE(B42:B44)/AVERAGE(B39:B41))^4-1)*100 -> 10.452967 | F44: =(B44/B32-1)*100 -> 8.6133249 | G44: =IFERROR((AVERAGE(B43:B44)/AVERAGE(B31:B32)-1)*100,"") -> 7.9356403 | H44: ='SA Data'!U44 -> 122.82262 | I44: =(H44/H43-1)*100 -> 0.48458208 | J44: =(AVERAGE(H42:H44)/AVERAGE(H39:H41)-1)*100 -> 2.2440946 | K44: =((AVERAGE(H42:H44)/AVERAGE(H39:H41))^4-1)*100 -> 9.2830819 | L44: =IFERROR(('SA Data'!Y44/'SA Data'!Y32-1)*100,"") -> 8.2748807 | M44: =IFERROR((AVERAGE('SA Data'!Y43:Y44)/AVERAGE('SA Data'!Y31:Y32)-1)*100,"") -> 8.1566684
A45: 39172 | B45: ='SA Data'!B45 -> 126.43758 | C45: =(B45/B44-1)*100 -> 1.4473779 | D45: =(AVERAGE(B43:B45)/AVERAGE(B40:B42)-1)*100 -> 2.3643629 | E45: =((AVERAGE(B43:B45)/AVERAGE(B40:B42))^4-1)*100 -> 9.7981825 | F45: =(B45/B33-1)*100 -> 10.612407 | G45: =IFERROR((AVERAGE(B43:B45)/AVERAGE(B31:B33)-1)*100,"") -> 8.8279792 | H45: ='SA Data'!U45 -> 125.01747 | I45: =(H45/H44-1)*100 -> 1.7870073 | J45: =(AVERAGE(H43:H45)/AVERAGE(H40:H42)-1)*100 -> 2.5766294 | K45: =((AVERAGE(H43:H45)/AVERAGE(H40:H42))^4-1)*100 -> 10.711745 | L45: =IFERROR(('SA Data'!Y45/'SA Data'!Y33-1)*100,"") -> 8.6552601 | M45: =IFERROR((AVERAGE('SA Data'!Y43:Y45)/AVERAGE('SA Data'!Y31:Y33)-1)*100,"") -> 8.3354821
A46: 39202 | B46: ='SA Data'!B46 -> 125.43197 | C46: =(B46/B45-1)*100 -> -0.79534107 | D46: =(AVERAGE(B44:B46)/AVERAGE(B41:B43)-1)*100 -> 2.8424706 | E46: =((AVERAGE(B44:B46)/AVERAGE(B41:B43))^4-1)*100 -> 11.863913 | F46: =(B46/B34-1)*100 -> 8.2766407 | G46: =IFERROR((AVERAGE(B43:B46)/AVERAGE(B31:B34)-1)*100,"") -> 8.6887494 | H46: ='SA Data'!U46 -> 124.29476 | I46: =(H46/H45-1)*100 -> -0.57808563 | J46: =(AVERAGE(H44:H46)/AVERAGE(H41:H43)-1)*100 -> 2.2523011 | K46: =((AVERAGE(H44:H46)/AVERAGE(H41:H43))^4-1)*100 -> 9.318172 | L46: =IFERROR(('SA Data'!Y46/'SA Data'!Y34-1)*100,"") -> 9.4775167 | M46: =IFERROR((AVERAGE('SA Data'!Y43:Y46)/AVERAGE('SA Data'!Y31:Y34)-1)*100,"") -> 8.6426392
A47: 39233 | B47: ='SA Data'!B47 -> 127.21823 | C47: =(B47/B46-1)*100 -> 1.4240867 | D47: =(AVERAGE(B45:B47)/AVERAGE(B42:B44)-1)*100 -> 2.4347064 | E47: =((AVERAGE(B45:B47)/AVERAGE(B42:B44))^4-1)*100 -> 10.100301 | F47: =(B47/B35-1)*100 -> 10.528734 | G47: =IFERROR((AVERAGE(B43:B47)/AVERAGE(B31:B35)-1)*100,"") -> 9.0578148 | H47: ='SA Data'!U47 -> 126.36587 | I47: =(H47/H46-1)*100 -> 1.6662861 | J47: =(AVERAGE(H45:H47)/AVERAGE(H42:H44)-1)*100 -> 2.5376777 | K47: =((AVERAGE(H45:H47)/AVERAGE(H42:H44))^4-1)*100 -> 10.543678 | L47: =IFERROR(('SA Data'!Y47/'SA Data'!Y35-1)*100,"") -> 10.44398 | M47: =IFERROR((AVERAGE('SA Data'!Y43:Y47)/AVERAGE('SA Data'!Y31:Y35)-1)*100,"") -> 9.0503614
A48: 39263 | B48: ='SA Data'!B48 -> 128.4754 | C48: =(B48/B47-1)*100 -> 0.98819957 | D48: =(AVERAGE(B46:B48)/AVERAGE(B43:B45)-1)*100 -> 2.1349952 | E48: =((AVERAGE(B46:B48)/AVERAGE(B43:B45))^4-1)*100 -> 8.8173867 | F48: =(B48/B36-1)*100 -> 10.513574 | G48: =IFERROR((AVERAGE(B43:B48)/AVERAGE(B31:B36)-1)*100,"") -> 9.3030547 | H48: ='SA Data'!U48 -> 126.95138 | I48: =(H48/H47-1)*100 -> 0.46334379 | J48: =(AVERAGE(H46:H48)/AVERAGE(H43:H45)-1)*100 -> 2.0378829 | K48: =((AVERAGE(H46:H48)/AVERAGE(H43:H45))^4-1)*100 -> 8.4041121 | L48: =IFERROR(('SA Data'!Y48/'SA Data'!Y36-1)*100,"") -> 9.3128696 | M48: =IFERROR((AVERAGE('SA Data'!Y43:Y48)/AVERAGE('SA Data'!Y31:Y36)-1)*100,"") -> 9.0964085
A49: 39294 | B49: ='SA Data'!B49 -> 127.73554 | C49: =(B49/B48-1)*100 -> -0.57587678 | D49: =(AVERAGE(B47:B49)/AVERAGE(B44:B46)-1)*100 -> 1.8395487 | E49: =((AVERAGE(B47:B49)/AVERAGE(B44:B46))^4-1)*100 -> 7.5637327 | F49: =(B49/B37-1)*100 -> 8.1172535 | G49: =IFERROR((AVERAGE(B43:B49)/AVERAGE(B31:B37)-1)*100,"") -> 9.1297169 | H49: ='SA Data'!U49 -> 125.79977 | I49: =(H49/H48-1)*100 -> -0.90712884 | J49: =(AVERAGE(H47:H49)/AVERAGE(H44:H46)-1)*100 -> 1.8762436 | K49: =((AVERAGE(H47:H49)/AVERAGE(H44:H46))^4-1)*100 -> 7.718846 | L49: =IFERROR(('SA Data'!Y49/'SA Data'!Y37-1)*100,"") -> 7.4995315 | M49: =IFERROR((AVERAGE('SA Data'!Y43:Y49)/AVERAGE('SA Data'!Y31:Y37)-1)*100,"") -> 8.86848
A50: 39325 | B50: ='SA Data'!B50 -> 128.75588 | C50: =(B50/B49-1)*100 -> 0.798791 | D50: =(AVERAGE(B48:B50)/AVERAGE(B45:B47)-1)*100 -> 1.5508387 | E50: =((AVERAGE(B48:B50)/AVERAGE(B45:B47))^4-1)*100 -> 6.3491586 | F50: =(B50/B38-1)*100 -> 8.4225621 | G50: =IFERROR((AVERAGE(B43:B50)/AVERAGE(B31:B38)-1)*100,"") -> 9.039125 | H50: ='SA Data'!U50 -> 127.33573 | I50: =(H50/H49-1)*100 -> 1.2209611 | J50: =(AVERAGE(H48:H50)/AVERAGE(H45:H47)-1)*100 -> 1.1735501 | K50: =((AVERAGE(H48:H50)/AVERAGE(H45:H47))^4-1)*100 -> 4.7774821 | L50: =IFERROR(('SA Data'!Y50/'SA Data'!Y38-1)*100,"") -> 7.8671099 | M50: =IFERROR((AVERAGE('SA Data'!Y43:Y50)/AVERAGE('SA Data'!Y31:Y38)-1)*100,"") -> 8.745019
A51: 39355 | B51: ='SA Data'!B51 -> 129.61435 | C51: =(B51/B50-1)*100 -> 0.66674237 | D51: =(AVERAGE(B49:B51)/AVERAGE(B46:B48)-1)*100 -> 1.3067005 | E51: =((AVERAGE(B49:B51)/AVERAGE(B46:B48))^4-1)*100 -> 5.3301452 | F51: =(B51/B39-1)*100 -> 8.1838354 | G51: =IFERROR((AVERAGE(B43:B51)/AVERAGE(B31:B39)-1)*100,"") -> 8.941234 | H51: ='SA Data'!U51 -> 126.57772 | I51: =(H51/H50-1)*100 -> -0.59528753 | J51: =(AVERAGE(H49:H51)/AVERAGE(H46:H48)-1)*100 -> 0.55644524 | K51: =((AVERAGE(H49:H51)/AVERAGE(H46:H48))^4-1)*100 -> 2.2444279 | L51: =IFERROR(('SA Data'!Y51/'SA Data'!Y39-1)*100,"") -> 7.5065929 | M51: =IFERROR((AVERAGE('SA Data'!Y43:Y51)/AVERAGE('SA Data'!Y31:Y39)-1)*100,"") -> 8.6102214
A52: 39386 | B52: ='SA Data'!B52 -> 131.23956 | C52: =(B52/B51-1)*100 -> 1.2538812 | D52: =(AVERAGE(B50:B52)/AVERAGE(B47:B49)-1)*100 -> 1.6119327 | E52: =((AVERAGE(B50:B52)/AVERAGE(B47:B49))^4-1)*100 -> 6.6053123 | F52: =(B52/B40-1)*100 -> 8.8853263 | G52: =IFERROR((AVERAGE(B43:B52)/AVERAGE(B31:B40)-1)*100,"") -> 8.9354613 | H52: ='SA Data'!U52 -> 129.25427 | I52: =(H52/H51-1)*100 -> 2.1145538 | J52: =(AVERAGE(H50:H52)/AVERAGE(H47:H49)-1)*100 -> 1.0684586 | K52: =((AVERAGE(H50:H52)/AVERAGE(H47:H49))^4-1)*100 -> 4.3428198 | L52: =IFERROR(('SA Data'!Y52/'SA Data'!Y40-1)*100,"") -> 9.6713554 | M52: =IFERROR((AVERAGE('SA Data'!Y43:Y52)/AVERAGE('SA Data'!Y31:Y40)-1)*100,"") -> 8.7151464
A53: 39416 | B53: ='SA Data'!B53 -> 132.63358 | C53: =(B53/B52-1)*100 -> 1.062195 | D53: =(AVERAGE(B51:B53)/AVERAGE(B48:B50)-1)*100 -> 2.2133518 | E53: =((AVERAGE(B51:B53)/AVERAGE(B48:B50))^4-1)*100 -> 9.1517039 | F53: =(B53/B41-1)*100 -> 9.929609 | G53: =IFERROR((AVERAGE(B43:B53)/AVERAGE(B31:B41)-1)*100,"") -> 9.0285896 | H53: ='SA Data'!U53 -> 130.48744 | I53: =(H53/H52-1)*100 -> 0.95406219 | J53: =(AVERAGE(H51:H53)/AVERAGE(H48:H50)-1)*100 -> 1.6397705 | K53: =((AVERAGE(H51:H53)/AVERAGE(H48:H50))^4-1)*100 -> 6.7221839 | L53: =IFERROR(('SA Data'!Y53/'SA Data'!Y41-1)*100,"") -> 8.6715649 | M53: =IFERROR((AVERAGE('SA Data'!Y43:Y53)/AVERAGE('SA Data'!Y31:Y41)-1)*100,"") -> 8.7111522
A54: 39447 | B54: ='SA Data'!B54 -> 134.19822 | C54: =(B54/B53-1)*100 -> 1.1796711 | D54: =(AVERAGE(B52:B54)/AVERAGE(B49:B51)-1)*100 -> 3.0990446 | E54: =((AVERAGE(B52:B54)/AVERAGE(B49:B51))^4-1)*100 -> 12.984421 | F54: =(B54/B42-1)*100 -> 8.7890387 | G54: =IFERROR((AVERAGE(B43:B54)/AVERAGE(B31:B42)-1)*100,"") -> 9.0076518 | H54: ='SA Data'!U54 -> 130.32084 | I54: =(H54/H53-1)*100 -> -0.12767391 | J54: =(AVERAGE(H52:H54)/AVERAGE(H49:H51)-1)*100 -> 2.725566 | K54: =((AVERAGE(H52:H54)/AVERAGE(H49:H51))^4-1)*100 -> 11.356141 | L54: =IFERROR(('SA Data'!Y54/'SA Data'!Y42-1)*100,"") -> 6.8842008 | M54: =IFERROR((AVERAGE('SA Data'!Y43:Y54)/AVERAGE('SA Data'!Y31:Y42)-1)*100,"") -> 8.5571104
A55: 39478 | B55: ='SA Data'!B55 -> 135.1947 | C55: =(B55/B54-1)*100 -> 0.74254338 | D55: =(AVERAGE(B53:B55)/AVERAGE(B50:B52)-1)*100 -> 3.1869605 | E55: =((AVERAGE(B53:B55)/AVERAGE(B50:B52))^4-1)*100 -> 13.370296 | F55: =(B55/B43-1)*100 -> 10.735961 | G55: =IFERROR((AVERAGE(B55:B55)/AVERAGE(B43:B43)-1)*100,"") -> 10.735961 | H55: ='SA Data'!U55 -> 131.9995 | I55: =(H55/H54-1)*100 -> 1.2880972 | J55: =(AVERAGE(H53:H55)/AVERAGE(H50:H52)-1)*100 -> 2.5158838 | K55: =((AVERAGE(H53:H55)/AVERAGE(H50:H52))^4-1)*100 -> 10.449726 | L55: =IFERROR(('SA Data'!Y55/'SA Data'!Y43-1)*100,"") -> 7.6161722 | M55: =IFERROR((AVERAGE('SA Data'!Y55:Y55)/AVERAGE('SA Data'!Y43:Y43)-1)*100,"") -> 7.6161722
A56: 39507 | B56: ='SA Data'!B56 -> 133.42689 | C56: =(B56/B55-1)*100 -> -1.307603 | D56: =(AVERAGE(B54:B56)/AVERAGE(B51:B53)-1)*100 -> 2.3716942 | E56: =((AVERAGE(B54:B56)/AVERAGE(B51:B53))^4-1)*100 -> 9.8296407 | F56: =(B56/B44-1)*100 -> 7.055261 | G56: =IFERROR((AVERAGE(B55:B56)/AVERAGE(B43:B44)-1)*100,"") -> 8.8766182 | H56: ='SA Data'!U56 -> 132.75042 | I56: =(H56/H55-1)*100 -> 0.5688802 | J56: =(AVERAGE(H54:H56)/AVERAGE(H51:H53)-1)*100 -> 2.2653088 | K56: =((AVERAGE(H54:H56)/AVERAGE(H51:H53))^4-1)*100 -> 9.3738091 | L56: =IFERROR(('SA Data'!Y56/'SA Data'!Y44-1)*100,"") -> 7.8437894 | M56: =IFERROR((AVERAGE('SA Data'!Y55:Y56)/AVERAGE('SA Data'!Y43:Y44)-1)*100,"") -> 7.7292488
A57: 39538 | B57: ='SA Data'!B57 -> 133.38365 | C57: =(B57/B56-1)*100 -> -0.032407261 | D57: =(AVERAGE(B55:B57)/AVERAGE(B52:B54)-1)*100 -> 0.98823487 | E57: =((AVERAGE(B55:B57)/AVERAGE(B52:B54))^4-1)*100 -> 4.011923 | F57: =(B57/B45-1)*100 -> 5.4936752 | G57: =IFERROR((AVERAGE(B55:B57)/AVERAGE(B43:B45)-1)*100,"") -> 7.7303736 | H57: ='SA Data'!U57 -> 130.19254 | I57: =(H57/H56-1)*100 -> -1.9268296 | J57: =(AVERAGE(H55:H57)/AVERAGE(H52:H54)-1)*100 -> 1.2510584 | K57: =((AVERAGE(H55:H57)/AVERAGE(H52:H54))^4-1)*100 -> 5.0989282 | L57: =IFERROR(('SA Data'!Y57/'SA Data'!Y45-1)*100,"") -> 3.2027202 | M57: =IFERROR((AVERAGE('SA Data'!Y55:Y57)/AVERAGE('SA Data'!Y43:Y45)-1)*100,"") -> 6.1010738
A58: 39568 | B58: ='SA Data'!B58 -> 135.74808 | C58: =(B58/B57-1)*100 -> 1.7726535 | D58: =(AVERAGE(B56:B58)/AVERAGE(B53:B55)-1)*100 -> 0.13235943 | E58: =((AVERAGE(B56:B58)/AVERAGE(B53:B55))^4-1)*100 -> 0.53048981 | F58: =(B58/B46-1)*100 -> 8.2244662 | G58: =IFERROR((AVERAGE(B55:B58)/AVERAGE(B43:B46)-1)*100,"") -> 7.854674 | H58: ='SA Data'!U58 -> 135.10834 | I58: =(H58/H57-1)*100 -> 3.7757901 | J58: =(AVERAGE(H56:H58)/AVERAGE(H53:H55)-1)*100 -> 1.3348833 | K58: =((AVERAGE(H56:H58)/AVERAGE(H53:H55))^4-1)*100 -> 5.4474026 | L58: =IFERROR(('SA Data'!Y58/'SA Data'!Y46-1)*100,"") -> 8.1650733 | M58: =IFERROR((AVERAGE('SA Data'!Y55:Y58)/AVERAGE('SA Data'!Y43:Y46)-1)*100,"") -> 6.6604649
A59: 39599 | B59: ='SA Data'!B59 -> 134.857 | C59: =(B59/B58-1)*100 -> -0.65642181 | D59: =(AVERAGE(B57:B59)/AVERAGE(B54:B56)-1)*100 -> 0.29018434 | E59: =((AVERAGE(B57:B59)/AVERAGE(B54:B56))^4-1)*100 -> 1.1657996 | F59: =(B59/B47-1)*100 -> 6.0044618 | G59: =IFERROR((AVERAGE(B55:B59)/AVERAGE(B43:B47)-1)*100,"") -> 7.4785516 | H59: ='SA Data'!U59 -> 133.98825 | I59: =(H59/H58-1)*100 -> -0.82902852 | J59: =(AVERAGE(H57:H59)/AVERAGE(H54:H56)-1)*100 -> 1.0677535 | K59: =((AVERAGE(H57:H59)/AVERAGE(H54:H56))^4-1)*100 -> 4.3399081 | L59: =IFERROR(('SA Data'!Y59/'SA Data'!Y47-1)*100,"") -> 4.7587245 | M59: =IFERROR((AVERAGE('SA Data'!Y55:Y59)/AVERAGE('SA Data'!Y43:Y47)-1)*100,"") -> 6.2245169
A60: 39629 | B60: ='SA Data'!B60 -> 133.38336 | C60: =(B60/B59-1)*100 -> -1.0927427 | D60: =(AVERAGE(B58:B60)/AVERAGE(B55:B57)-1)*100 -> 0.4933269 | E60: =((AVERAGE(B58:B60)/AVERAGE(B55:B57))^4-1)*100 -> 1.987958 | F60: =(B60/B48-1)*100 -> 3.8201555 | G60: =IFERROR((AVERAGE(B55:B60)/AVERAGE(B43:B48)-1)*100,"") -> 6.8554259 | H60: ='SA Data'!U60 -> 131.80681 | I60: =(H60/H59-1)*100 -> -1.6280876 | J60: =(AVERAGE(H58:H60)/AVERAGE(H55:H57)-1)*100 -> 1.5093192 | K60: =((AVERAGE(H58:H60)/AVERAGE(H55:H57))^4-1)*100 -> 6.1753399 | L60: =IFERROR(('SA Data'!Y60/'SA Data'!Y48-1)*100,"") -> 3.2725328 | M60: =IFERROR((AVERAGE('SA Data'!Y55:Y60)/AVERAGE('SA Data'!Y43:Y48)-1)*100,"") -> 5.7056756
A61: 39660 | B61: ='SA Data'!B61 -> 135.2707 | C61: =(B61/B60-1)*100 -> 1.4149741 | D61: =(AVERAGE(B59:B61)/AVERAGE(B56:B58)-1)*100 -> 0.2365966 | E61: =((AVERAGE(B59:B61)/AVERAGE(B56:B58))^4-1)*100 -> 0.94975037 | F61: =(B61/B49-1)*100 -> 5.8990317 | G61: =IFERROR((AVERAGE(B55:B61)/AVERAGE(B43:B49)-1)*100,"") -> 6.7169194 | H61: ='SA Data'!U61 -> 133.80858 | I61: =(H61/H60-1)*100 -> 1.518714 | J61: =(AVERAGE(H59:H61)/AVERAGE(H56:H58)-1)*100 -> 0.38998392 | K61: =((AVERAGE(H59:H61)/AVERAGE(H56:H58))^4-1)*100 -> 1.5690847 | L61: =IFERROR(('SA Data'!Y61/'SA Data'!Y49-1)*100,"") -> 6.9753624 | M61: =IFERROR((AVERAGE('SA Data'!Y55:Y61)/AVERAGE('SA Data'!Y43:Y49)-1)*100,"") -> 5.8846241
A62: 39691 | B62: ='SA Data'!B62 -> 135.69375 | C62: =(B62/B61-1)*100 -> 0.31274326 | D62: =(AVERAGE(B60:B62)/AVERAGE(B57:B59)-1)*100 -> 0.088883668 | E62: =((AVERAGE(B60:B62)/AVERAGE(B57:B59))^4-1)*100 -> 0.35600897 | F62: =(B62/B50-1)*100 -> 5.3883908 | G62: =IFERROR((AVERAGE(B55:B62)/AVERAGE(B43:B50)-1)*100,"") -> 6.5476871 | H62: ='SA Data'!U62 -> 131.79323 | I62: =(H62/H61-1)*100 -> -1.5061397 | J62: =(AVERAGE(H60:H62)/AVERAGE(H57:H59)-1)*100 -> -0.47096745 | K62: =((AVERAGE(H60:H62)/AVERAGE(H57:H59))^4-1)*100 -> -1.8706029 | L62: =IFERROR(('SA Data'!Y62/'SA Data'!Y50-1)*100,"") -> 3.9446715 | M62: =IFERROR((AVERAGE('SA Data'!Y55:Y62)/AVERAGE('SA Data'!Y43:Y50)-1)*100,"") -> 5.6473742
A63: 39721 | B63: ='SA Data'!B63 -> 135.91022 | C63: =(B63/B62-1)*100 -> 0.15952835 | D63: =(AVERAGE(B61:B63)/AVERAGE(B58:B60)-1)*100 -> 0.71443381 | E63: =((AVERAGE(B61:B63)/AVERAGE(B58:B60))^4-1)*100 -> 2.8885063 | F63: =(B63/B51-1)*100 -> 4.8573865 | G63: =IFERROR((AVERAGE(B55:B63)/AVERAGE(B43:B51)-1)*100,"") -> 6.3555711 | H63: ='SA Data'!U63 -> 132.90372 | I63: =(H63/H62-1)*100 -> 0.84260104 | J63: =(AVERAGE(H61:H63)/AVERAGE(H58:H60)-1)*100 -> -0.59811683 | K63: =((AVERAGE(H61:H63)/AVERAGE(H58:H60))^4-1)*100 -> -2.3710882 | L63: =IFERROR(('SA Data'!Y63/'SA Data'!Y51-1)*100,"") -> 6.0276273 | M63: =IFERROR((AVERAGE('SA Data'!Y55:Y63)/AVERAGE('SA Data'!Y43:Y51)-1)*100,"") -> 5.6883426
A64: 39752 | B64: ='SA Data'!B64 -> 132.51585 | C64: =(B64/B63-1)*100 -> -2.497509 | D64: =(AVERAGE(B62:B64)/AVERAGE(B59:B61)-1)*100 -> 0.15086575 | E64: =((AVERAGE(B62:B64)/AVERAGE(B59:B61))^4-1)*100 -> 0.60483002 | F64: =(B64/B52-1)*100 -> 0.97248878 | G64: =IFERROR((AVERAGE(B55:B64)/AVERAGE(B43:B52)-1)*100,"") -> 5.8000057 | H64: ='SA Data'!U64 -> 130.80424 | I64: =(H64/H63-1)*100 -> -1.579703 | J64: =(AVERAGE(H62:H64)/AVERAGE(H59:H61)-1)*100 -> -1.0266281 | K64: =((AVERAGE(H62:H64)/AVERAGE(H59:H61))^4-1)*100 -> -4.0437063 | L64: =IFERROR(('SA Data'!Y64/'SA Data'!Y52-1)*100,"") -> 1.7344024 | M64: =IFERROR((AVERAGE('SA Data'!Y55:Y64)/AVERAGE('SA Data'!Y43:Y52)-1)*100,"") -> 5.2939379
A65: 39782 | B65: ='SA Data'!B65 -> 130.32737 | C65: =(B65/B64-1)*100 -> -1.6514855 | D65: =(AVERAGE(B63:B65)/AVERAGE(B60:B62)-1)*100 -> -1.3835539 | E65: =((AVERAGE(B63:B65)/AVERAGE(B60:B62))^4-1)*100 -> -5.4204181 | F65: =(B65/B53-1)*100 -> -1.7387829 | G65: =IFERROR((AVERAGE(B55:B65)/AVERAGE(B43:B53)-1)*100,"") -> 5.0879622 | H65: ='SA Data'!U65 -> 127.44177 | I65: =(H65/H64-1)*100 -> -2.570609 | J65: =(AVERAGE(H63:H65)/AVERAGE(H60:H62)-1)*100 -> -1.5749231 | K65: =((AVERAGE(H63:H65)/AVERAGE(H60:H62))^4-1)*100 -> -6.1524258 | L65: =IFERROR(('SA Data'!Y65/'SA Data'!Y53-1)*100,"") -> -2.2810839 | M65: =IFERROR((AVERAGE('SA Data'!Y55:Y65)/AVERAGE('SA Data'!Y43:Y53)-1)*100,"") -> 4.5999474
A66: 39813 | B66: ='SA Data'!B66 -> 125.16881 | C66: =(B66/B65-1)*100 -> -3.9581555 | D66: =(AVERAGE(B64:B66)/AVERAGE(B61:B63)-1)*100 -> -4.6359829 | E66: =((AVERAGE(B64:B66)/AVERAGE(B61:B63))^4-1)*100 -> -17.293785 | F66: =(B66/B54-1)*100 -> -6.7284126 | G66: =IFERROR((AVERAGE(B55:B66)/AVERAGE(B43:B54)-1)*100,"") -> 4.0572334 | H66: ='SA Data'!U66 -> 126.84275 | I66: =(H66/H65-1)*100 -> -0.4700351 | J66: =(AVERAGE(H64:H66)/AVERAGE(H61:H63)-1)*100 -> -3.3667704 | K66: =((AVERAGE(H64:H66)/AVERAGE(H61:H63))^4-1)*100 -> -12.80211 | L66: =IFERROR(('SA Data'!Y66/'SA Data'!Y54-1)*100,"") -> -2.7931037 | M66: =IFERROR((AVERAGE('SA Data'!Y55:Y66)/AVERAGE('SA Data'!Y43:Y54)-1)*100,"") -> 3.9861985
A67: 39844 | B67: ='SA Data'!B67 -> 124.2895 | C67: =(B67/B66-1)*100 -> -0.70249929 | D67: =(AVERAGE(B65:B67)/AVERAGE(B62:B64)-1)*100 -> -6.0215161 | E67: =((AVERAGE(B65:B67)/AVERAGE(B62:B64))^4-1)*100 -> -21.996563 | F67: =(B67/B55-1)*100 -> -8.0662925 | G67: =IFERROR((AVERAGE(B67:B67)/AVERAGE(B55:B55)-1)*100,"") -> -8.0662925 | H67: ='SA Data'!U67 -> 125.08457 | I67: =(H67/H66-1)*100 -> -1.3861153 | J67: =(AVERAGE(H65:H67)/AVERAGE(H62:H64)-1)*100 -> -4.0789011 | K67: =((AVERAGE(H65:H67)/AVERAGE(H62:H64))^4-1)*100 -> -15.344227 | L67: =IFERROR(('SA Data'!Y67/'SA Data'!Y55-1)*100,"") -> -5.5800406 | M67: =IFERROR((AVERAGE('SA Data'!Y67:Y67)/AVERAGE('SA Data'!Y55:Y55)-1)*100,"") -> -5.5800406
A68: 39872 | B68: ='SA Data'!B68 -> 126.22969 | C68: =(B68/B67-1)*100 -> 1.5610249 | D68: =(AVERAGE(B66:B68)/AVERAGE(B63:B65)-1)*100 -> -5.7843865 | E68: =((AVERAGE(B66:B68)/AVERAGE(B63:B65))^4-1)*100 -> -21.206295 | F68: =(B68/B56-1)*100 -> -5.3941151 | G68: =IFERROR((AVERAGE(B67:B68)/AVERAGE(B55:B56)-1)*100,"") -> -6.7389967 | H68: ='SA Data'!U68 -> 125.12761 | I68: =(H68/H67-1)*100 -> 0.034415339 | J68: =(AVERAGE(H66:H68)/AVERAGE(H63:H65)-1)*100 -> -3.6034292 | K68: =((AVERAGE(H66:H68)/AVERAGE(H63:H65))^4-1)*100 -> -13.653182 | L68: =IFERROR(('SA Data'!Y68/'SA Data'!Y56-1)*100,"") -> -6.0598375 | M68: =IFERROR((AVERAGE('SA Data'!Y67:Y68)/AVERAGE('SA Data'!Y55:Y56)-1)*100,"") -> -5.8186495
A69: 39903 | B69: ='SA Data'!B69 -> 123.45784 | C69: =(B69/B68-1)*100 -> -2.195878 | D69: =(AVERAGE(B67:B69)/AVERAGE(B64:B66)-1)*100 -> -3.6171559 | E69: =((AVERAGE(B67:B69)/AVERAGE(B64:B66))^4-1)*100 -> -13.702354 | F69: =(B69/B57-1)*100 -> -7.4415492 | G69: =IFERROR((AVERAGE(B67:B69)/AVERAGE(B55:B57)-1)*100,"") -> -6.9721007 | H69: ='SA Data'!U69 -> 124.42951 | I69: =(H69/H68-1)*100 -> -0.55791517 | J69: =(AVERAGE(H67:H69)/AVERAGE(H64:H66)-1)*100 -> -2.7129012 | K69: =((AVERAGE(H67:H69)/AVERAGE(H64:H66))^4-1)*100 -> -10.417947 | L69: =IFERROR(('SA Data'!Y69/'SA Data'!Y57-1)*100,"") -> -4.8821307 | M69: =IFERROR((AVERAGE('SA Data'!Y67:Y69)/AVERAGE('SA Data'!Y55:Y57)-1)*100,"") -> -5.4909893
A70: 39933 | B70: ='SA Data'!B70 -> 121.77051 | C70: =(B70/B69-1)*100 -> -1.3667257 | D70: =(AVERAGE(B68:B70)/AVERAGE(B65:B67)-1)*100 -> -2.1927209 | E70: =((AVERAGE(B68:B70)/AVERAGE(B65:B67))^4-1)*100 -> -8.4865961 | F70: =(B70/B58-1)*100 -> -10.296698 | G70: =IFERROR((AVERAGE(B67:B70)/AVERAGE(B55:B58)-1)*100,"") -> -7.8113474 | H70: ='SA Data'!U70 -> 122.71219 | I70: =(H70/H69-1)*100 -> -1.380151 | J70: =(AVERAGE(H68:H70)/AVERAGE(H65:H67)-1)*100 -> -1.8714695 | K70: =((AVERAGE(H68:H70)/AVERAGE(H65:H67))^4-1)*100 -> -7.2783438 | L70: =IFERROR(('SA Data'!Y70/'SA Data'!Y58-1)*100,"") -> -11.258156 | M70: =IFERROR((AVERAGE('SA Data'!Y67:Y70)/AVERAGE('SA Data'!Y55:Y58)-1)*100,"") -> -7.0760725
A71: 39964 | B71: ='SA Data'!B71 -> 121.10578 | C71: =(B71/B70-1)*100 -> -0.54588751 | D71: =(AVERAGE(B69:B71)/AVERAGE(B66:B68)-1)*100 -> -2.4897974 | E71: =((AVERAGE(B69:B71)/AVERAGE(B66:B68))^4-1)*100 -> -9.5933794 | F71: =(B71/B59-1)*100 -> -10.19689 | G71: =IFERROR((AVERAGE(B67:B71)/AVERAGE(B55:B59)-1)*100,"") -> -8.2896438 | H71: ='SA Data'!U71 -> 122.03356 | I71: =(H71/H70-1)*100 -> -0.55303058 | J71: =(AVERAGE(H69:H71)/AVERAGE(H66:H68)-1)*100 -> -2.0897948 | K71: =((AVERAGE(H69:H71)/AVERAGE(H66:H68))^4-1)*100 -> -8.1007761 | L71: =IFERROR(('SA Data'!Y71/'SA Data'!Y59-1)*100,"") -> -12.740858 | M71: =IFERROR((AVERAGE('SA Data'!Y67:Y71)/AVERAGE('SA Data'!Y55:Y59)-1)*100,"") -> -8.3567284
A72: 39994 | B72: ='SA Data'!B72 -> 122.54345 | C72: =(B72/B71-1)*100 -> 1.1871192 | D72: =(AVERAGE(B70:B72)/AVERAGE(B67:B69)-1)*100 -> -2.288186 | E72: =((AVERAGE(B70:B72)/AVERAGE(B67:B69))^4-1)*100 -> -8.843361 | F72: =(B72/B60-1)*100 -> -8.1268833 | G72: =IFERROR((AVERAGE(B67:B72)/AVERAGE(B55:B60)-1)*100,"") -> -8.2627087 | H72: ='SA Data'!U72 -> 123.83489 | I72: =(H72/H71-1)*100 -> 1.4760954 | J72: =(AVERAGE(H70:H72)/AVERAGE(H67:H69)-1)*100 -> -1.6178256 | K72: =((AVERAGE(H70:H72)/AVERAGE(H67:H69))^4-1)*100 -> -6.3159477 | L72: =IFERROR(('SA Data'!Y72/'SA Data'!Y60-1)*100,"") -> -7.5546218 | M72: =IFERROR((AVERAGE('SA Data'!Y67:Y72)/AVERAGE('SA Data'!Y55:Y60)-1)*100,"") -> -8.218995
A73: 40025 | B73: ='SA Data'!B73 -> 124.75464 | C73: =(B73/B72-1)*100 -> 1.804413 | D73: =(AVERAGE(B71:B73)/AVERAGE(B68:B70)-1)*100 -> -0.82221131 | E73: =((AVERAGE(B71:B73)/AVERAGE(B68:B70))^4-1)*100 -> -3.2485052 | F73: =(B73/B61-1)*100 -> -7.7740856 | G73: =IFERROR((AVERAGE(B67:B73)/AVERAGE(B55:B61)-1)*100,"") -> -8.1924879 | H73: ='SA Data'!U73 -> 125.9026 | I73: =(H73/H72-1)*100 -> 1.6697332 | J73: =(AVERAGE(H71:H73)/AVERAGE(H68:H70)-1)*100 -> -0.13384622 | K73: =((AVERAGE(H71:H73)/AVERAGE(H68:H70))^4-1)*100 -> -0.53431095 | L73: =IFERROR(('SA Data'!Y73/'SA Data'!Y61-1)*100,"") -> -5.9452917 | M73: =IFERROR((AVERAGE('SA Data'!Y67:Y73)/AVERAGE('SA Data'!Y55:Y61)-1)*100,"") -> -7.8952402
A74: 40056 | B74: ='SA Data'!B74 -> 126.7923 | C74: =(B74/B73-1)*100 -> 1.633334 | D74: =(AVERAGE(B72:B74)/AVERAGE(B69:B71)-1)*100 -> 2.1172638 | E74: =((AVERAGE(B72:B74)/AVERAGE(B69:B71))^4-1)*100 -> 8.7418403 | F74: =(B74/B62-1)*100 -> -6.5599558 | G74: =IFERROR((AVERAGE(B67:B74)/AVERAGE(B55:B62)-1)*100,"") -> -7.9867933 | H74: ='SA Data'!U74 -> 126.25204 | I74: =(H74/H73-1)*100 -> 0.27754676 | J74: =(AVERAGE(H72:H74)/AVERAGE(H69:H71)-1)*100 -> 1.8458092 | K74: =((AVERAGE(H72:H74)/AVERAGE(H69:H71))^4-1)*100 -> 7.5901848 | L74: =IFERROR(('SA Data'!Y74/'SA Data'!Y62-1)*100,"") -> -4.0033998 | M74: =IFERROR((AVERAGE('SA Data'!Y67:Y74)/AVERAGE('SA Data'!Y55:Y62)-1)*100,"") -> -7.4269517
A75: 40086 | B75: ='SA Data'!B75 -> 128.17867 | C75: =(B75/B74-1)*100 -> 1.0934181 | D75: =(AVERAGE(B73:B75)/AVERAGE(B70:B72)-1)*100 -> 3.9149144 | E75: =((AVERAGE(B73:B75)/AVERAGE(B70:B72))^4-1)*100 -> 16.603487 | F75: =(B75/B63-1)*100 -> -5.6887186 | G75: =IFERROR((AVERAGE(B67:B75)/AVERAGE(B55:B63)-1)*100,"") -> -7.7292783 | H75: ='SA Data'!U75 -> 127.89273 | I75: =(H75/H74-1)*100 -> 1.2995315 | J75: =(AVERAGE(H73:H75)/AVERAGE(H70:H72)-1)*100 -> 3.1110495 | K75: =((AVERAGE(H73:H75)/AVERAGE(H70:H72))^4-1)*100 -> 13.037054 | L75: =IFERROR(('SA Data'!Y75/'SA Data'!Y63-1)*100,"") -> -3.5232451 | M75: =IFERROR((AVERAGE('SA Data'!Y67:Y75)/AVERAGE('SA Data'!Y55:Y63)-1)*100,"") -> -7.0050166
A76: 40117 | B76: ='SA Data'!B76 -> 129.20725 | C76: =(B76/B75-1)*100 -> 0.80245801 | D76: =(AVERAGE(B74:B76)/AVERAGE(B71:B73)-1)*100 -> 4.281809 | E76: =((AVERAGE(B74:B76)/AVERAGE(B71:B73))^4-1)*100 -> 18.259006 | F76: =(B76/B64-1)*100 -> -2.4967579 | G76: =IFERROR((AVERAGE(B67:B76)/AVERAGE(B55:B64)-1)*100,"") -> -7.2138925 | H76: ='SA Data'!U76 -> 129.03483 | I76: =(H76/H75-1)*100 -> 0.89301659 | J76: =(AVERAGE(H74:H76)/AVERAGE(H71:H73)-1)*100 -> 3.0687019 | K76: =((AVERAGE(H74:H76)/AVERAGE(H71:H73))^4-1)*100 -> 12.851471 | L76: =IFERROR(('SA Data'!Y76/'SA Data'!Y64-1)*100,"") -> -1.2882104 | M76: =IFERROR((AVERAGE('SA Data'!Y67:Y76)/AVERAGE('SA Data'!Y55:Y64)-1)*100,"") -> -6.4540441
A77: 40147 | B77: ='SA Data'!B77 -> 129.72978 | C77: =(B77/B76-1)*100 -> 0.40441229 | D77: =(AVERAGE(B75:B77)/AVERAGE(B72:B74)-1)*100 -> 3.4818617 | E77: =((AVERAGE(B75:B77)/AVERAGE(B72:B74))^4-1)*100 -> 14.67188 | F77: =(B77/B65-1)*100 -> -0.45852993 | G77: =IFERROR((AVERAGE(B67:B77)/AVERAGE(B55:B65)-1)*100,"") -> -6.6172931 | H77: ='SA Data'!U77 -> 129.50758 | I77: =(H77/H76-1)*100 -> 0.36637702 | J77: =(AVERAGE(H75:H77)/AVERAGE(H72:H74)-1)*100 -> 2.7781638 | K77: =((AVERAGE(H75:H77)/AVERAGE(H72:H74))^4-1)*100 -> 11.584383 | L77: =IFERROR(('SA Data'!Y77/'SA Data'!Y65-1)*100,"") -> 1.9967094 | M77: =IFERROR((AVERAGE('SA Data'!Y67:Y77)/AVERAGE('SA Data'!Y55:Y65)-1)*100,"") -> -5.7307544
A78: 40178 | B78: ='SA Data'!B78 -> 128.07244 | C78: =(B78/B77-1)*100 -> -1.2775324 | D78: =(AVERAGE(B76:B78)/AVERAGE(B73:B75)-1)*100 -> 1.9181903 | E78: =((AVERAGE(B76:B78)/AVERAGE(B73:B75))^4-1)*100 -> 7.8963653 | F78: =(B78/B66-1)*100 -> 2.3197712 | G78: =IFERROR((AVERAGE(B67:B78)/AVERAGE(B55:B66)-1)*100,"") -> -5.9185265 | H78: ='SA Data'!U78 -> 130.03071 | I78: =(H78/H77-1)*100 -> 0.40393181 | J78: =(AVERAGE(H76:H78)/AVERAGE(H73:H75)-1)*100 -> 2.2433384 | K78: =((AVERAGE(H76:H78)/AVERAGE(H73:H75))^4-1)*100 -> 9.279849 | L78: =IFERROR(('SA Data'!Y78/'SA Data'!Y66-1)*100,"") -> 2.6686697 | M78: =IFERROR((AVERAGE('SA Data'!Y67:Y78)/AVERAGE('SA Data'!Y55:Y66)-1)*100,"") -> -5.0789191
A79: 40209 | B79: ='SA Data'!B79 -> 131.72001 | C79: =(B79/B78-1)*100 -> 2.8480522 | D79: =(AVERAGE(B77:B79)/AVERAGE(B74:B76)-1)*100 -> 1.3910237 | E79: =((AVERAGE(B77:B79)/AVERAGE(B74:B76))^4-1)*100 -> 5.6812719 | F79: =(B79/B67-1)*100 -> 5.9783892 | G79: =IFERROR((AVERAGE(B79:B79)/AVERAGE(B67:B67)-1)*100,"") -> 5.9783892 | H79: ='SA Data'!U79 -> 131.07573 | I79: =(H79/H78-1)*100 -> 0.80367777 | J79: =(AVERAGE(H77:H79)/AVERAGE(H74:H76)-1)*100 -> 1.9401936 | K79: =((AVERAGE(H77:H79)/AVERAGE(H74:H76))^4-1)*100 -> 7.989571 | L79: =IFERROR(('SA Data'!Y79/'SA Data'!Y67-1)*100,"") -> 4.7290894 | M79: =IFERROR((AVERAGE('SA Data'!Y79:Y79)/AVERAGE('SA Data'!Y67:Y67)-1)*100,"") -> 4.7290894
A80: 40237 | B80: ='SA Data'!B80 -> 133.12326 | C80: =(B80/B79-1)*100 -> 1.0653279 | D80: =(AVERAGE(B78:B80)/AVERAGE(B75:B77)-1)*100 -> 1.4982627 | E80: =((AVERAGE(B78:B80)/AVERAGE(B75:B77))^4-1)*100 -> 6.1290885 | F80: =(B80/B68-1)*100 -> 5.461132 | G80: =IFERROR((AVERAGE(B79:B80)/AVERAGE(B67:B68)-1)*100,"") -> 5.7177576 | H80: ='SA Data'!U80 -> 132.27985 | I80: =(H80/H79-1)*100 -> 0.9186435 | J80: =(AVERAGE(H78:H80)/AVERAGE(H75:H77)-1)*100 -> 1.798789 | K80: =((AVERAGE(H78:H80)/AVERAGE(H75:H77))^4-1)*100 -> 7.3916329 | L80: =IFERROR(('SA Data'!Y80/'SA Data'!Y68-1)*100,"") -> 5.3175438 | M80: =IFERROR((AVERAGE('SA Data'!Y79:Y80)/AVERAGE('SA Data'!Y67:Y68)-1)*100,"") -> 5.0209856
A81: 40268 | B81: ='SA Data'!B81 -> 133.97039 | C81: =(B81/B80-1)*100 -> 0.6363501 | D81: =(AVERAGE(B79:B81)/AVERAGE(B76:B78)-1)*100 -> 3.0501037 | E81: =((AVERAGE(B79:B81)/AVERAGE(B76:B78))^4-1)*100 -> 12.770039 | F81: =(B81/B69-1)*100 -> 8.5150931 | G81: =IFERROR((AVERAGE(B79:B81)/AVERAGE(B67:B69)-1)*100,"") -> 6.641218 | H81: ='SA Data'!U81 -> 134.63899 | I81: =(H81/H80-1)*100 -> 1.7834461 | J81: =(AVERAGE(H79:H81)/AVERAGE(H76:H78)-1)*100 -> 2.4246298 | K81: =((AVERAGE(H79:H81)/AVERAGE(H76:H78))^4-1)*100 -> 10.056985 | L81: =IFERROR(('SA Data'!Y81/'SA Data'!Y69-1)*100,"") -> 8.7002554 | M81: =IFERROR((AVERAGE('SA Data'!Y79:Y81)/AVERAGE('SA Data'!Y67:Y69)-1)*100,"") -> 6.3165462
A82: 40298 | B82: ='SA Data'!B82 -> 136.86532 | C82: =(B82/B81-1)*100 -> 2.160873 | D82: =(AVERAGE(B80:B82)/AVERAGE(B77:B79)-1)*100 -> 3.7062686 | E82: =((AVERAGE(B80:B82)/AVERAGE(B77:B79))^4-1)*100 -> 15.669813 | F82: =(B82/B70-1)*100 -> 12.396113 | G82: =IFERROR((AVERAGE(B79:B82)/AVERAGE(B67:B70)-1)*100,"") -> 8.0547934 | H82: ='SA Data'!U82 -> 136.67941 | I82: =(H82/H81-1)*100 -> 1.515475 | J82: =(AVERAGE(H80:H82)/AVERAGE(H77:H79)-1)*100 -> 3.3240574 | K82: =((AVERAGE(H80:H82)/AVERAGE(H77:H79))^4-1)*100 -> 13.974004 | L82: =IFERROR(('SA Data'!Y82/'SA Data'!Y70-1)*100,"") -> 13.7767 | M82: =IFERROR((AVERAGE('SA Data'!Y79:Y82)/AVERAGE('SA Data'!Y67:Y70)-1)*100,"") -> 8.2746615
A83: 40329 | B83: ='SA Data'!B83 -> 139.19129 | C83: =(B83/B82-1)*100 -> 1.699459 | D83: =(AVERAGE(B81:B83)/AVERAGE(B78:B80)-1)*100 -> 4.3549519 | E83: =((AVERAGE(B81:B83)/AVERAGE(B78:B80))^4-1)*100 -> 18.591141 | F83: =(B83/B71-1)*100 -> 14.933647 | G83: =IFERROR((AVERAGE(B79:B83)/AVERAGE(B67:B71)-1)*100,"") -> 9.4053072 | H83: ='SA Data'!U83 -> 137.13913 | I83: =(H83/H82-1)*100 -> 0.3363482 | J83: =(AVERAGE(H81:H83)/AVERAGE(H78:H80)-1)*100 -> 3.8311564 | K83: =((AVERAGE(H81:H83)/AVERAGE(H78:H80))^4-1)*100 -> 16.228 | L83: =IFERROR(('SA Data'!Y83/'SA Data'!Y71-1)*100,"") -> 18.062259 | M83: =IFERROR((AVERAGE('SA Data'!Y79:Y83)/AVERAGE('SA Data'!Y67:Y71)-1)*100,"") -> 10.38152
A84: 40359 | B84: ='SA Data'!B84 -> 140.56871 | C84: =(B84/B83-1)*100 -> 0.98958778 | D84: =(AVERAGE(B82:B84)/AVERAGE(B79:B81)-1)*100 -> 4.466161 | E84: =((AVERAGE(B82:B84)/AVERAGE(B79:B81))^4-1)*100 -> 19.097471 | F84: =(B84/B72-1)*100 -> 14.709281 | G84: =IFERROR((AVERAGE(B79:B84)/AVERAGE(B67:B72)-1)*100,"") -> 10.284358 | H84: ='SA Data'!U84 -> 138.20144 | I84: =(H84/H83-1)*100 -> 0.77461827 | J84: =(AVERAGE(H82:H84)/AVERAGE(H79:H81)-1)*100 -> 3.5240182 | K84: =((AVERAGE(H82:H84)/AVERAGE(H79:H81))^4-1)*100 -> 14.858855 | L84: =IFERROR(('SA Data'!Y84/'SA Data'!Y72-1)*100,"") -> 14.503238 | M84: =IFERROR((AVERAGE('SA Data'!Y79:Y84)/AVERAGE('SA Data'!Y67:Y72)-1)*100,"") -> 11.094402
A85: 40390 | B85: ='SA Data'!B85 -> 139.39691 | C85: =(B85/B84-1)*100 -> -0.83361368 | D85: =(AVERAGE(B83:B85)/AVERAGE(B80:B82)-1)*100 -> 3.7622484 | E85: =((AVERAGE(B83:B85)/AVERAGE(B80:B82))^4-1)*100 -> 15.919766 | F85: =(B85/B73-1)*100 -> 11.736854 | G85: =IFERROR((AVERAGE(B79:B85)/AVERAGE(B67:B73)-1)*100,"") -> 10.49405 | H85: ='SA Data'!U85 -> 136.88118 | I85: =(H85/H84-1)*100 -> -0.95531389 | J85: =(AVERAGE(H83:H85)/AVERAGE(H80:H82)-1)*100 -> 2.1366516 | K85: =((AVERAGE(H83:H85)/AVERAGE(H80:H82))^4-1)*100 -> 8.8244458 | L85: =IFERROR(('SA Data'!Y85/'SA Data'!Y73-1)*100,"") -> 8.6104527 | M85: =IFERROR((AVERAGE('SA Data'!Y79:Y85)/AVERAGE('SA Data'!Y67:Y73)-1)*100,"") -> 10.733222
A86: 40421 | B86: ='SA Data'!B86 -> 140.00233 | C86: =(B86/B85-1)*100 -> 0.43431379 | D86: =(AVERAGE(B84:B86)/AVERAGE(B81:B83)-1)*100 -> 2.4244623 | E86: =((AVERAGE(B84:B86)/AVERAGE(B81:B83))^4-1)*100 -> 10.056265 | F86: =(B86/B74-1)*100 -> 10.418637 | G86: =IFERROR((AVERAGE(B79:B86)/AVERAGE(B67:B74)-1)*100,"") -> 10.484401 | H86: ='SA Data'!U86 -> 137.18874 | I86: =(H86/H85-1)*100 -> 0.22469231 | J86: =(AVERAGE(H84:H86)/AVERAGE(H81:H83)-1)*100 -> 0.93371235 | K86: =((AVERAGE(H84:H86)/AVERAGE(H81:H83))^4-1)*100 -> 3.7874849 | L86: =IFERROR(('SA Data'!Y86/'SA Data'!Y74-1)*100,"") -> 8.9346814 | M86: =IFERROR((AVERAGE('SA Data'!Y79:Y86)/AVERAGE('SA Data'!Y67:Y74)-1)*100,"") -> 10.508808
A87: 40451 | B87: ='SA Data'!B87 -> 139.38548 | C87: =(B87/B86-1)*100 -> -0.44059981 | D87: =(AVERAGE(B85:B87)/AVERAGE(B82:B84)-1)*100 -> 0.51830743 | E87: =((AVERAGE(B85:B87)/AVERAGE(B82:B84))^4-1)*100 -> 2.0894041 | F87: =(B87/B75-1)*100 -> 8.7431162 | G87: =IFERROR((AVERAGE(B79:B87)/AVERAGE(B67:B75)-1)*100,"") -> 10.284963 | H87: ='SA Data'!U87 -> 137.05929 | I87: =(H87/H86-1)*100 -> -0.094360481 | J87: =(AVERAGE(H85:H87)/AVERAGE(H82:H84)-1)*100 -> -0.21619662 | K87: =((AVERAGE(H85:H87)/AVERAGE(H82:H84))^4-1)*100 -> -0.86198605 | L87: =IFERROR(('SA Data'!Y87/'SA Data'!Y75-1)*100,"") -> 7.1825779 | M87: =IFERROR((AVERAGE('SA Data'!Y79:Y87)/AVERAGE('SA Data'!Y67:Y75)-1)*100,"") -> 10.13583
A88: 40482 | B88: ='SA Data'!B88 -> 140.18864 | C88: =(B88/B87-1)*100 -> 0.57621497 | D88: =(AVERAGE(B86:B88)/AVERAGE(B83:B85)-1)*100 -> 0.1000914 | E88: =((AVERAGE(B86:B88)/AVERAGE(B83:B85))^4-1)*100 -> 0.40096708 | F88: =(B88/B76-1)*100 -> 8.4990509 | G88: =IFERROR((AVERAGE(B79:B88)/AVERAGE(B67:B76)-1)*100,"") -> 10.100114 | H88: ='SA Data'!U88 -> 137.1665 | I88: =(H88/H87-1)*100 -> 0.078225669 | J88: =(AVERAGE(H86:H88)/AVERAGE(H83:H85)-1)*100 -> -0.19582038 | K88: =((AVERAGE(H86:H88)/AVERAGE(H83:H85))^4-1)*100 -> -0.78098377 | L88: =IFERROR(('SA Data'!Y88/'SA Data'!Y76-1)*100,"") -> 6.0779683 | M88: =IFERROR((AVERAGE('SA Data'!Y79:Y88)/AVERAGE('SA Data'!Y67:Y76)-1)*100,"") -> 9.7231455
A89: 40512 | B89: ='SA Data'!B89 -> 142.24157 | C89: =(B89/B88-1)*100 -> 1.4644054 | D89: =(AVERAGE(B87:B89)/AVERAGE(B84:B86)-1)*100 -> 0.43997167 | E89: =((AVERAGE(B87:B89)/AVERAGE(B84:B86))^4-1)*100 -> 1.7715353 | F89: =(B89/B77-1)*100 -> 9.6445011 | G89: =IFERROR((AVERAGE(B79:B89)/AVERAGE(B67:B77)-1)*100,"") -> 10.057222 | H89: ='SA Data'!U89 -> 140.4144 | I89: =(H89/H88-1)*100 -> 2.3678497 | J89: =(AVERAGE(H87:H89)/AVERAGE(H84:H86)-1)*100 -> 0.57458208 | K89: =((AVERAGE(H87:H89)/AVERAGE(H84:H86))^4-1)*100 -> 2.318213 | L89: =IFERROR(('SA Data'!Y89/'SA Data'!Y77-1)*100,"") -> 8.7491668 | M89: =IFERROR((AVERAGE('SA Data'!Y79:Y89)/AVERAGE('SA Data'!Y67:Y77)-1)*100,"") -> 9.6329505
A90: 40543 | B90: ='SA Data'!B90 -> 141.97979 | C90: =(B90/B89-1)*100 -> -0.18403903 | D90: =(AVERAGE(B88:B90)/AVERAGE(B85:B87)-1)*100 -> 1.3432391 | E90: =((AVERAGE(B88:B90)/AVERAGE(B85:B87))^4-1)*100 -> 5.4821865 | F90: =(B90/B78-1)*100 -> 10.858972 | G90: =IFERROR((AVERAGE(B79:B90)/AVERAGE(B67:B78)-1)*100,"") -> 10.125398 | H90: ='SA Data'!U90 -> 141.13913 | I90: =(H90/H89-1)*100 -> 0.51613886 | J90: =(AVERAGE(H88:H90)/AVERAGE(H85:H87)-1)*100 -> 1.846337 | K90: =((AVERAGE(H88:H90)/AVERAGE(H85:H87))^4-1)*100 -> 7.592415 | L90: =IFERROR(('SA Data'!Y90/'SA Data'!Y78-1)*100,"") -> 8.5782787 | M90: =IFERROR((AVERAGE('SA Data'!Y79:Y90)/AVERAGE('SA Data'!Y67:Y78)-1)*100,"") -> 9.5444224
A91: 40574 | B91: ='SA Data'!B91 -> 145.85115 | C91: =(B91/B90-1)*100 -> 2.7266979 | D91: =(AVERAGE(B89:B91)/AVERAGE(B86:B88)-1)*100 -> 2.5015846 | E91: =((AVERAGE(B89:B91)/AVERAGE(B86:B88))^4-1)*100 -> 10.388115 | F91: =(B91/B79-1)*100 -> 10.728165 | G91: =IFERROR((AVERAGE(B91:B91)/AVERAGE(B79:B79)-1)*100,"") -> 10.728165 | H91: ='SA Data'!U91 -> 142.71172 | I91: =(H91/H90-1)*100 -> 1.1142098 | J91: =(AVERAGE(H89:H91)/AVERAGE(H86:H88)-1)*100 -> 3.1235459 | K91: =((AVERAGE(H89:H91)/AVERAGE(H86:H88))^4-1)*100 -> 13.091861 | L91: =IFERROR(('SA Data'!Y91/'SA Data'!Y79-1)*100,"") -> 8.4190491 | M91: =IFERROR((AVERAGE('SA Data'!Y91:Y91)/AVERAGE('SA Data'!Y79:Y79)-1)*100,"") -> 8.4190491
A92: 40602 | B92: ='SA Data'!B92 -> 143.85332 | C92: =(B92/B91-1)*100 -> -1.3697732 | D92: =(AVERAGE(B90:B92)/AVERAGE(B87:B89)-1)*100 -> 2.3395455 | E92: =((AVERAGE(B90:B92)/AVERAGE(B87:B89))^4-1)*100 -> 9.6917425 | F92: =(B92/B80-1)*100 -> 8.0602443 | G92: =IFERROR((AVERAGE(B91:B92)/AVERAGE(B79:B80)-1)*100,"") -> 9.3871368 | H92: ='SA Data'!U92 -> 142.52854 | I92: =(H92/H91-1)*100 -> -0.12835728 | J92: =(AVERAGE(H90:H92)/AVERAGE(H87:H89)-1)*100 -> 2.8311775 | K92: =((AVERAGE(H90:H92)/AVERAGE(H87:H89))^4-1)*100 -> 11.814786 | L92: =IFERROR(('SA Data'!Y92/'SA Data'!Y80-1)*100,"") -> 7.3007678 | M92: =IFERROR((AVERAGE('SA Data'!Y91:Y92)/AVERAGE('SA Data'!Y79:Y80)-1)*100,"") -> 7.8627719
A93: 40633 | B93: ='SA Data'!B93 -> 144.86151 | C93: =(B93/B92-1)*100 -> 0.70084583 | D93: =(AVERAGE(B91:B93)/AVERAGE(B88:B90)-1)*100 -> 2.3929644 | E93: =((AVERAGE(B91:B93)/AVERAGE(B88:B90))^4-1)*100 -> 9.920948 | F93: =(B93/B81-1)*100 -> 8.1294979 | G93: =IFERROR((AVERAGE(B91:B93)/AVERAGE(B79:B81)-1)*100,"") -> 8.9646679 | H93: ='SA Data'!U93 -> 143.27254 | I93: =(H93/H92-1)*100 -> 0.52200524 | J93: =(AVERAGE(H91:H93)/AVERAGE(H88:H90)-1)*100 -> 2.3387383 | K93: =((AVERAGE(H91:H93)/AVERAGE(H88:H90))^4-1)*100 -> 9.688282 | L93: =IFERROR(('SA Data'!Y93/'SA Data'!Y81-1)*100,"") -> 6.7639621 | M93: =IFERROR((AVERAGE('SA Data'!Y91:Y93)/AVERAGE('SA Data'!Y79:Y81)-1)*100,"") -> 7.4671791
A94: 40663 | B94: ='SA Data'!B94 -> 144.92865 | C94: =(B94/B93-1)*100 -> 0.046347715 | D94: =(AVERAGE(B92:B94)/AVERAGE(B89:B91)-1)*100 -> 0.83031812 | E94: =((AVERAGE(B92:B94)/AVERAGE(B89:B91))^4-1)*100 -> 3.3628676 | F94: =(B94/B82-1)*100 -> 5.891434 | G94: =IFERROR((AVERAGE(B91:B94)/AVERAGE(B79:B82)-1)*100,"") -> 8.1794604 | H94: ='SA Data'!U94 -> 144.03803 | I94: =(H94/H93-1)*100 -> 0.53428668 | J94: =(AVERAGE(H92:H94)/AVERAGE(H89:H91)-1)*100 -> 1.3137682 | K94: =((AVERAGE(H92:H94)/AVERAGE(H89:H91))^4-1)*100 -> 5.3595418 | L94: =IFERROR(('SA Data'!Y94/'SA Data'!Y82-1)*100,"") -> 4.1418664 | M94: =IFERROR((AVERAGE('SA Data'!Y91:Y94)/AVERAGE('SA Data'!Y79:Y82)-1)*100,"") -> 6.5500099
A95: 40694 | B95: ='SA Data'!B95 -> 147.18633 | C95: =(B95/B94-1)*100 -> 1.5577872 | D95: =(AVERAGE(B93:B95)/AVERAGE(B90:B92)-1)*100 -> 1.2259493 | E95: =((AVERAGE(B93:B95)/AVERAGE(B90:B92))^4-1)*100 -> 4.9947134 | F95: =(B95/B83-1)*100 -> 5.7439226 | G95: =IFERROR((AVERAGE(B91:B95)/AVERAGE(B79:B83)-1)*100,"") -> 7.6771333 | H95: ='SA Data'!U95 -> 145.93076 | I95: =(H95/H94-1)*100 -> 1.314047 | J95: =(AVERAGE(H93:H95)/AVERAGE(H90:H92)-1)*100 -> 1.6093515 | K95: =((AVERAGE(H93:H95)/AVERAGE(H90:H92))^4-1)*100 -> 6.5944809 | L95: =IFERROR(('SA Data'!Y95/'SA Data'!Y83-1)*100,"") -> 4.5079642 | M95: =IFERROR((AVERAGE('SA Data'!Y91:Y95)/AVERAGE('SA Data'!Y79:Y83)-1)*100,"") -> 6.0798566
A96: 40724 | B96: ='SA Data'!B96 -> 146.80269 | C96: =(B96/B95-1)*100 -> -0.26064921 | D96: =(AVERAGE(B94:B96)/AVERAGE(B91:B93)-1)*100 -> 1.0013876 | E96: =((AVERAGE(B94:B96)/AVERAGE(B91:B93))^4-1)*100 -> 4.0661199 | F96: =(B96/B84-1)*100 -> 4.4348276 | G96: =IFERROR((AVERAGE(B91:B96)/AVERAGE(B79:B84)-1)*100,"") -> 7.1182113 | H96: ='SA Data'!U96 -> 146.55228 | I96: =(H96/H95-1)*100 -> 0.42590309 | J96: =(AVERAGE(H94:H96)/AVERAGE(H91:H93)-1)*100 -> 1.8688517 | K96: =((AVERAGE(H94:H96)/AVERAGE(H91:H93))^4-1)*100 -> 7.6875864 | L96: =IFERROR(('SA Data'!Y96/'SA Data'!Y84-1)*100,"") -> 5.1872303 | M96: =IFERROR((AVERAGE('SA Data'!Y91:Y96)/AVERAGE('SA Data'!Y79:Y84)-1)*100,"") -> 5.920733
A97: 40755 | B97: ='SA Data'!B97 -> 147.15673 | C97: =(B97/B96-1)*100 -> 0.24116724 | D97: =(AVERAGE(B95:B97)/AVERAGE(B92:B94)-1)*100 -> 1.7300548 | E97: =((AVERAGE(B95:B97)/AVERAGE(B92:B94))^4-1)*100 -> 7.101885 | F97: =(B97/B85-1)*100 -> 5.5667088 | G97: =IFERROR((AVERAGE(B91:B97)/AVERAGE(B79:B85)-1)*100,"") -> 6.8917068 | H97: ='SA Data'!U97 -> 144.50583 | I97: =(H97/H96-1)*100 -> -1.3963954 | J97: =(AVERAGE(H95:H97)/AVERAGE(H92:H94)-1)*100 -> 1.663357 | K97: =((AVERAGE(H95:H97)/AVERAGE(H92:H94))^4-1)*100 -> 6.8212818 | L97: =IFERROR(('SA Data'!Y97/'SA Data'!Y85-1)*100,"") -> 5.3283107 | M97: =IFERROR((AVERAGE('SA Data'!Y91:Y97)/AVERAGE('SA Data'!Y79:Y85)-1)*100,"") -> 5.8362428
A98: 40786 | B98: ='SA Data'!B98 -> 146.95911 | C98: =(B98/B97-1)*100 -> -0.13429219 | D98: =(AVERAGE(B96:B98)/AVERAGE(B93:B95)-1)*100 -> 0.90211718 | E98: =((AVERAGE(B96:B98)/AVERAGE(B93:B95))^4-1)*100 -> 3.657592 | F98: =(B98/B86-1)*100 -> 4.9690459 | G98: =IFERROR((AVERAGE(B91:B98)/AVERAGE(B79:B86)-1)*100,"") -> 6.6458467 | H98: ='SA Data'!U98 -> 145.77378 | I98: =(H98/H97-1)*100 -> 0.87743497 | J98: =(AVERAGE(H96:H98)/AVERAGE(H93:H95)-1)*100 -> 0.82876624 | K98: =((AVERAGE(H96:H98)/AVERAGE(H93:H95))^4-1)*100 -> 3.3565043 | L98: =IFERROR(('SA Data'!Y98/'SA Data'!Y86-1)*100,"") -> 6.4763271 | M98: =IFERROR((AVERAGE('SA Data'!Y91:Y98)/AVERAGE('SA Data'!Y79:Y86)-1)*100,"") -> 5.9149721
A99: 40816 | B99: ='SA Data'!B99 -> 148.26517 | C99: =(B99/B98-1)*100 -> 0.8887234 | D99: =(AVERAGE(B97:B99)/AVERAGE(B94:B96)-1)*100 -> 0.7890637 | E99: =((AVERAGE(B97:B99)/AVERAGE(B94:B96))^4-1)*100 -> 3.193809 | F99: =(B99/B87-1)*100 -> 6.370599 | G99: =IFERROR((AVERAGE(B91:B99)/AVERAGE(B79:B87)-1)*100,"") -> 6.614762 | H99: ='SA Data'!U99 -> 146.93884 | I99: =(H99/H98-1)*100 -> 0.79922379 | J99: =(AVERAGE(H97:H99)/AVERAGE(H94:H96)-1)*100 -> 0.15975742 | K99: =((AVERAGE(H97:H99)/AVERAGE(H94:H96))^4-1)*100 -> 0.64056267 | L99: =IFERROR(('SA Data'!Y99/'SA Data'!Y87-1)*100,"") -> 7.0418092 | M99: =IFERROR((AVERAGE('SA Data'!Y91:Y99)/AVERAGE('SA Data'!Y79:Y87)-1)*100,"") -> 6.037939
A100: 40847 | B100: ='SA Data'!B100 -> 147.29114 | C100: =(B100/B99-1)*100 -> -0.65695133 | D100: =(AVERAGE(B98:B100)/AVERAGE(B95:B97)-1)*100 -> 0.31048015 | E100: =((AVERAGE(B98:B100)/AVERAGE(B95:B97))^4-1)*100 -> 1.2477165 | F100: =(B100/B88-1)*100 -> 5.0663877 | G100: =IFERROR((AVERAGE(B91:B100)/AVERAGE(B79:B88)-1)*100,"") -> 6.4568294 | H100: ='SA Data'!U100 -> 145.41801 | I100: =(H100/H99-1)*100 -> -1.0350029 | J100: =(AVERAGE(H98:H100)/AVERAGE(H95:H97)-1)*100 -> 0.26127788 | K100: =((AVERAGE(H98:H100)/AVERAGE(H95:H97))^4-1)*100 -> 1.0492146 | L100: =IFERROR(('SA Data'!Y100/'SA Data'!Y88-1)*100,"") -> 6.4082913 | M100: =IFERROR((AVERAGE('SA Data'!Y91:Y100)/AVERAGE('SA Data'!Y79:Y88)-1)*100,"") -> 6.0743525
A101: 40877 | B101: ='SA Data'!B101 -> 147.21589 | C101: =(B101/B100-1)*100 -> -0.051089292 | D101: =(AVERAGE(B99:B101)/AVERAGE(B96:B98)-1)*100 -> 0.420411 | E101: =((AVERAGE(B99:B101)/AVERAGE(B96:B98))^4-1)*100 -> 1.6922785 | F101: =(B101/B89-1)*100 -> 3.497093 | G101: =IFERROR((AVERAGE(B91:B101)/AVERAGE(B79:B89)-1)*100,"") -> 6.1792463 | H101: ='SA Data'!U101 -> 145.43931 | I101: =(H101/H100-1)*100 -> 0.014643241 | J101: =(AVERAGE(H99:H101)/AVERAGE(H96:H98)-1)*100 -> 0.22074112 | K101: =((AVERAGE(H99:H101)/AVERAGE(H96:H98))^4-1)*100 -> 0.8858924 | L101: =IFERROR(('SA Data'!Y101/'SA Data'!Y89-1)*100,"") -> 3.8190467 | M101: =IFERROR((AVERAGE('SA Data'!Y91:Y101)/AVERAGE('SA Data'!Y79:Y89)-1)*100,"") -> 5.8671843
A102: 40908 | B102: ='SA Data'!B102 -> 147.84559 | C102: =(B102/B101-1)*100 -> 0.42773915 | D102: =(AVERAGE(B100:B102)/AVERAGE(B97:B99)-1)*100 -> -0.0064175449 | E102: =((AVERAGE(B100:B102)/AVERAGE(B97:B99))^4-1)*100 -> -0.025667709 | F102: =(B102/B90-1)*100 -> 4.1314331 | G102: =IFERROR((AVERAGE(B91:B102)/AVERAGE(B79:B90)-1)*100,"") -> 6.0039525 | H102: ='SA Data'!U102 -> 145.98998 | I102: =(H102/H101-1)*100 -> 0.37862543 | J102: =(AVERAGE(H100:H102)/AVERAGE(H97:H99)-1)*100 -> -0.084887451 | K102: =((AVERAGE(H100:H102)/AVERAGE(H97:H99))^4-1)*100 -> -0.3391177 | L102: =IFERROR(('SA Data'!Y102/'SA Data'!Y90-1)*100,"") -> 3.7336071 | M102: =IFERROR((AVERAGE('SA Data'!Y91:Y102)/AVERAGE('SA Data'!Y79:Y90)-1)*100,"") -> 5.6896735
A103: 40939 | B103: ='SA Data'!B103 -> 147.73334 | C103: =(B103/B102-1)*100 -> -0.075923807 | D103: =(AVERAGE(B101:B103)/AVERAGE(B98:B100)-1)*100 -> 0.063139043 | E103: =((AVERAGE(B101:B103)/AVERAGE(B98:B100))^4-1)*100 -> 0.25279546 | F103: =(B103/B91-1)*100 -> 1.2904869 | G103: =IFERROR((AVERAGE(B103:B103)/AVERAGE(B91:B91)-1)*100,"") -> 1.2904869 | H103: ='SA Data'!U103 -> 145.17759 | I103: =(H103/H102-1)*100 -> -0.5564709 | J103: =(AVERAGE(H101:H103)/AVERAGE(H98:H100)-1)*100 -> -0.34778518 | K103: =((AVERAGE(H101:H103)/AVERAGE(H98:H100))^4-1)*100 -> -1.3839003 | L103: =IFERROR(('SA Data'!Y103/'SA Data'!Y91-1)*100,"") -> 1.9759287 | M103: =IFERROR((AVERAGE('SA Data'!Y103:Y103)/AVERAGE('SA Data'!Y91:Y91)-1)*100,"") -> 1.9759287
...

Sheet Sub-Index Analysis
A1: Sub-Index Analysis
A2: Primary = agriculture + fishing. Industrial = mining + manufacturing + construction. Services = the remaining ten. Growth rates on SA levels; y/y and YTD on NSA levels, which is how INDEC headlines them.
A6: Date | B6: Primary: SA level | C6: Primary: m/m % | D6: Primary: 3m/3m % | E6: Primary: 3m/3m ann. % | F6: Primary: y/y % | G6: Primary: YTD avg % | H6: Industrial: SA level | I6: Industrial: m/m % | J6: Industrial: 3m/3m % | K6: Industrial: 3m/3m ann. % | L6: Industrial: y/y % | M6: Industrial: YTD avg % | N6: Services: SA level | O6: Services: m/m % | P6: Services: 3m/3m % | Q6: Services: 3m/3m ann. % | R6: Services: y/y % | S6: Services: YTD avg %
A7: 38017 | B7: ='SA Data'!R7 -> 122.271 | H7: ='SA Data'!S7 -> 96.418289 | N7: ='SA Data'!T7 -> 96.990289
A8: 38046 | B8: ='SA Data'!R8 -> 115.4648 | C8: =(B8/B7-1)*100 -> -5.5664929 | H8: ='SA Data'!S8 -> 97.510269 | I8: =(H8/H7-1)*100 -> 1.1325446 | N8: ='SA Data'!T8 -> 97.569313 | O8: =(N8/N7-1)*100 -> 0.59699197
A9: 38077 | B9: ='SA Data'!R9 -> 100.88559 | C9: =(B9/B8-1)*100 -> -12.626535 | H9: ='SA Data'!S9 -> 97.863223 | I9: =(H9/H8-1)*100 -> 0.36196622 | N9: ='SA Data'!T9 -> 98.160367 | O9: =(N9/N8-1)*100 -> 0.60577875
A10: 38107 | B10: ='SA Data'!R10 -> 90.410701 | C10: =(B10/B9-1)*100 -> -10.382942 | H10: ='SA Data'!S10 -> 97.589094 | I10: =(H10/H9-1)*100 -> -0.28011471 | N10: ='SA Data'!T10 -> 98.241864 | O10: =(N10/N9-1)*100 -> 0.083023654
A11: 38138 | B11: ='SA Data'!R11 -> 85.061959 | C11: =(B11/B10-1)*100 -> -5.91605 | H11: ='SA Data'!S11 -> 98.557359 | I11: =(H11/H10-1)*100 -> 0.99218639 | N11: ='SA Data'!T11 -> 98.417382 | O11: =(N11/N10-1)*100 -> 0.17865937
A12: 38168 | B12: ='SA Data'!R12 -> 85.021263 | C12: =(B12/B11-1)*100 -> -0.047842296 | D12: =(AVERAGE(B10:B12)/AVERAGE(B7:B9)-1)*100 -> -23.072219 | E12: =((AVERAGE(B10:B12)/AVERAGE(B7:B9))^4-1)*100 -> -64.978656 | H12: ='SA Data'!S12 -> 99.823043 | I12: =(H12/H11-1)*100 -> 1.2842098 | J12: =(AVERAGE(H10:H12)/AVERAGE(H7:H9)-1)*100 -> 1.4317454 | K12: =((AVERAGE(H10:H12)/AVERAGE(H7:H9))^4-1)*100 -> 5.8511536 | N12: ='SA Data'!T12 -> 99.469379 | O12: =(N12/N11-1)*100 -> 1.0689141 | P12: =(AVERAGE(N10:N12)/AVERAGE(N7:N9)-1)*100 -> 1.1644765 | Q12: =((AVERAGE(N10:N12)/AVERAGE(N7:N9))^4-1)*100 -> 4.7399
A13: 38199 | B13: ='SA Data'!R13 -> 95.623107 | C13: =(B13/B12-1)*100 -> 12.469638 | D13: =(AVERAGE(B11:B13)/AVERAGE(B8:B10)-1)*100 -> -13.383302 | E13: =((AVERAGE(B11:B13)/AVERAGE(B8:B10))^4-1)*100 -> -43.713208 | H13: ='SA Data'!S13 -> 100.483 | I13: =(H13/H12-1)*100 -> 0.66112275 | J13: =(AVERAGE(H11:H13)/AVERAGE(H8:H10)-1)*100 -> 2.0141863 | K13: =((AVERAGE(H11:H13)/AVERAGE(H8:H10))^4-1)*100 -> 8.303447 | N13: ='SA Data'!T13 -> 100.4122 | O13: =(N13/N12-1)*100 -> 0.94784708 | P13: =(AVERAGE(N11:N13)/AVERAGE(N8:N10)-1)*100 -> 1.4720519 | Q13: =((AVERAGE(N11:N13)/AVERAGE(N8:N10))^4-1)*100 -> 6.0195046
A14: 38230 | B14: ='SA Data'!R14 -> 96.535222 | C14: =(B14/B13-1)*100 -> 0.95386384 | D14: =(AVERAGE(B12:B14)/AVERAGE(B9:B11)-1)*100 -> 0.29720049 | E14: =((AVERAGE(B12:B14)/AVERAGE(B9:B11))^4-1)*100 -> 1.1941122 | H14: ='SA Data'!S14 -> 100.45216 | I14: =(H14/H13-1)*100 -> -0.03069186 | J14: =(AVERAGE(H12:H14)/AVERAGE(H9:H11)-1)*100 -> 2.2953386 | K14: =((AVERAGE(H12:H14)/AVERAGE(H9:H11))^4-1)*100 -> 9.5023342 | N14: ='SA Data'!T14 -> 100.6897 | O14: =(N14/N13-1)*100 -> 0.27636511 | P14: =(AVERAGE(N12:N14)/AVERAGE(N9:N11)-1)*100 -> 1.9509096 | Q14: =((AVERAGE(N12:N14)/AVERAGE(N9:N11))^4-1)*100 -> 8.034986
A15: 38260 | B15: ='SA Data'!R15 -> 96.435945 | C15: =(B15/B14-1)*100 -> -0.10283964 | D15: =(AVERAGE(B13:B15)/AVERAGE(B10:B12)-1)*100 -> 10.787334 | E15: =((AVERAGE(B13:B15)/AVERAGE(B10:B12))^4-1)*100 -> 50.646988 | H15: ='SA Data'!S15 -> 101.99917 | I15: =(H15/H14-1)*100 -> 1.5400532 | J15: =(AVERAGE(H13:H15)/AVERAGE(H10:H12)-1)*100 -> 2.3532247 | K15: =((AVERAGE(H13:H15)/AVERAGE(H10:H12))^4-1)*100 -> 9.750402 | N15: ='SA Data'!T15 -> 101.62732 | O15: =(N15/N14-1)*100 -> 0.93119703 | P15: =(AVERAGE(N13:N15)/AVERAGE(N10:N12)-1)*100 -> 2.2289617 | Q15: =((AVERAGE(N13:N15)/AVERAGE(N10:N12))^4-1)*100 -> 9.2183975
A16: 38291 | B16: ='SA Data'!R16 -> 98.383994 | C16: =(B16/B15-1)*100 -> 2.0200441 | D16: =(AVERAGE(B14:B16)/AVERAGE(B11:B13)-1)*100 -> 9.6530748 | E16: =((AVERAGE(B14:B16)/AVERAGE(B11:B13))^4-1)*100 -> 44.57169 | H16: ='SA Data'!S16 -> 101.63656 | I16: =(H16/H15-1)*100 -> -0.35550067 | J16: =(AVERAGE(H14:H16)/AVERAGE(H11:H13)-1)*100 -> 1.7481211 | K16: =((AVERAGE(H14:H16)/AVERAGE(H11:H13))^4-1)*100 -> 7.1779864 | N16: ='SA Data'!T16 -> 102.36677 | O16: =(N16/N15-1)*100 -> 0.72760804 | P16: =(AVERAGE(N14:N16)/AVERAGE(N11:N13)-1)*100 -> 2.1404141 | Q16: =((AVERAGE(N14:N16)/AVERAGE(N11:N13))^4-1)*100 -> 8.8404821
A17: 38321 | B17: ='SA Data'!R17 -> 98.00988 | C17: =(B17/B16-1)*100 -> -0.38025897 | D17: =(AVERAGE(B15:B17)/AVERAGE(B12:B14)-1)*100 -> 5.6462405 | E17: =((AVERAGE(B15:B17)/AVERAGE(B12:B14))^4-1)*100 -> 24.570781 | H17: ='SA Data'!S17 -> 102.20359 | I17: =(H17/H16-1)*100 -> 0.55789677 | J17: =(AVERAGE(H15:H17)/AVERAGE(H12:H14)-1)*100 -> 1.6894417 | K17: =((AVERAGE(H15:H17)/AVERAGE(H12:H14))^4-1)*100 -> 6.9309564 | N17: ='SA Data'!T17 -> 102.83803 | O17: =(N17/N16-1)*100 -> 0.46036646 | P17: =(AVERAGE(N15:N17)/AVERAGE(N12:N14)-1)*100 -> 2.0829815 | Q17: =((AVERAGE(N15:N17)/AVERAGE(N12:N14))^4-1)*100 -> 8.5958886
A18: 38352 | B18: ='SA Data'!R18 -> 96.77477 | C18: =(B18/B17-1)*100 -> -1.2601895 | D18: =(AVERAGE(B16:B18)/AVERAGE(B13:B15)-1)*100 -> 1.5850519 | E18: =((AVERAGE(B16:B18)/AVERAGE(B13:B15))^4-1)*100 -> 6.4925502 | H18: ='SA Data'!S18 -> 103.21251 | I18: =(H18/H17-1)*100 -> 0.98716826 | J18: =(AVERAGE(H16:H18)/AVERAGE(H13:H15)-1)*100 -> 1.3594847 | K18: =((AVERAGE(H16:H18)/AVERAGE(H13:H15))^4-1)*100 -> 5.549839 | N18: ='SA Data'!T18 -> 103.7364 | O18: =(N18/N17-1)*100 -> 0.87357264 | P18: =(AVERAGE(N16:N18)/AVERAGE(N13:N15)-1)*100 -> 2.0519917 | Q18: =((AVERAGE(N16:N18)/AVERAGE(N13:N15))^4-1)*100 -> 8.4640808
A19: 38383 | B19: ='SA Data'!R19 -> 96.005967 | C19: =(B19/B18-1)*100 -> -0.79442483 | D19: =(AVERAGE(B17:B19)/AVERAGE(B14:B16)-1)*100 -> -0.19376498 | E19: =((AVERAGE(B17:B19)/AVERAGE(B14:B16))^4-1)*100 -> -0.77281015 | F19: =IFERROR(('SA Data'!V19/'SA Data'!V7-1)*100,"") -> -0.57587843 | G19: =IFERROR((AVERAGE('SA Data'!V19:V19)/AVERAGE('SA Data'!V7:V7)-1)*100,"") -> -0.57587843 | H19: ='SA Data'!S19 -> 103.62723 | I19: =(H19/H18-1)*100 -> 0.40181028 | J19: =(AVERAGE(H17:H19)/AVERAGE(H14:H16)-1)*100 -> 1.6296091 | K19: =((AVERAGE(H17:H19)/AVERAGE(H14:H16))^4-1)*100 -> 6.6795119 | L19: =IFERROR(('SA Data'!W19/'SA Data'!W7-1)*100,"") -> 6.3548509 | M19: =IFERROR((AVERAGE('SA Data'!W19:W19)/AVERAGE('SA Data'!W7:W7)-1)*100,"") -> 6.3548509 | N19: ='SA Data'!T19 -> 104.10401 | O19: =(N19/N18-1)*100 -> 0.35437696 | P19: =(AVERAGE(N17:N19)/AVERAGE(N14:N16)-1)*100 -> 1.9674992 | Q19: =((AVERAGE(N17:N19)/AVERAGE(N14:N16))^4-1)*100 -> 8.1053214 | R19: =IFERROR(('SA Data'!X19/'SA Data'!X7-1)*100,"") -> 7.4699326 | S19: =IFERROR((AVERAGE('SA Data'!X19:X19)/AVERAGE('SA Data'!X7:X7)-1)*100,"") -> 7.4699326
A20: 38411 | B20: ='SA Data'!R20 -> 101.41242 | C20: =(B20/B19-1)*100 -> 5.6313754 | D20: =(AVERAGE(B18:B20)/AVERAGE(B15:B17)-1)*100 -> 0.4655745 | E20: =((AVERAGE(B18:B20)/AVERAGE(B15:B17))^4-1)*100 -> 1.875344 | F20: =IFERROR(('SA Data'!V20/'SA Data'!V8-1)*100,"") -> 7.0198373 | G20: =IFERROR((AVERAGE('SA Data'!V19:V20)/AVERAGE('SA Data'!V7:V8)-1)*100,"") -> 3.1983696 | H20: ='SA Data'!S20 -> 103.9266 | I20: =(H20/H19-1)*100 -> 0.28888862 | J20: =(AVERAGE(H18:H20)/AVERAGE(H15:H17)-1)*100 -> 1.6109815 | K20: =((AVERAGE(H18:H20)/AVERAGE(H15:H17))^4-1)*100 -> 6.6013208 | L20: =IFERROR(('SA Data'!W20/'SA Data'!W8-1)*100,"") -> 5.8704335 | M20: =IFERROR((AVERAGE('SA Data'!W19:W20)/AVERAGE('SA Data'!W7:W8)-1)*100,"") -> 6.1144547 | N20: ='SA Data'!T20 -> 105.05508 | O20: =(N20/N19-1)*100 -> 0.91357555 | P20: =(AVERAGE(N18:N20)/AVERAGE(N15:N17)-1)*100 -> 1.9761205 | Q20: =((AVERAGE(N18:N20)/AVERAGE(N15:N17))^4-1)*100 -> 8.1418871 | R20: =IFERROR(('SA Data'!X20/'SA Data'!X8-1)*100,"") -> 7.8390301 | S20: =IFERROR((AVERAGE('SA Data'!X19:X20)/AVERAGE('SA Data'!X7:X8)-1)*100,"") -> 7.6530439
A21: 38442 | B21: ='SA Data'!R21 -> 108.68396 | C21: =(B21/B20-1)*100 -> 7.1702579 | D21: =(AVERAGE(B19:B21)/AVERAGE(B16:B18)-1)*100 -> 4.4116936 | E21: =((AVERAGE(B19:B21)/AVERAGE(B16:B18))^4-1)*100 -> 18.849282 | F21: =IFERROR(('SA Data'!V21/'SA Data'!V9-1)*100,"") -> 24.424482 | G21: =IFERROR((AVERAGE('SA Data'!V19:V21)/AVERAGE('SA Data'!V7:V9)-1)*100,"") -> 12.971292 | H21: ='SA Data'!S21 -> 104.43096 | I21: =(H21/H20-1)*100 -> 0.48530837 | J21: =(AVERAGE(H19:H21)/AVERAGE(H16:H18)-1)*100 -> 1.6062796 | K21: =((AVERAGE(H19:H21)/AVERAGE(H16:H18))^4-1)*100 -> 6.581591 | L21: =IFERROR(('SA Data'!W21/'SA Data'!W9-1)*100,"") -> 6.4972441 | M21: =IFERROR((AVERAGE('SA Data'!W19:W21)/AVERAGE('SA Data'!W7:W9)-1)*100,"") -> 6.2499061 | N21: ='SA Data'!T21 -> 106.03998 | O21: =(N21/N20-1)*100 -> 0.93750923 | P21: =(AVERAGE(N19:N21)/AVERAGE(N16:N18)-1)*100 -> 2.0255908 | Q21: =((AVERAGE(N19:N21)/AVERAGE(N16:N18))^4-1)*100 -> 8.3518856 | R21: =IFERROR(('SA Data'!X21/'SA Data'!X9-1)*100,"") -> 8.1930671 | S21: =IFERROR((AVERAGE('SA Data'!X19:X21)/AVERAGE('SA Data'!X7:X9)-1)*100,"") -> 7.8402593
A22: 38472 | B22: ='SA Data'!R22 -> 111.81223 | C22: =(B22/B21-1)*100 -> 2.8783229 | D22: =(AVERAGE(B20:B22)/AVERAGE(B17:B19)-1)*100 -> 10.701168 | E22: =((AVERAGE(B20:B22)/AVERAGE(B17:B19))^4-1)*100 -> 50.178865 | F22: =IFERROR(('SA Data'!V22/'SA Data'!V10-1)*100,"") -> 38.456754 | G22: =IFERROR((AVERAGE('SA Data'!V19:V22)/AVERAGE('SA Data'!V7:V10)-1)*100,"") -> 22.726712 | H22: ='SA Data'!S22 -> 106.4926 | I22: =(H22/H21-1)*100 -> 1.9741664 | J22: =(AVERAGE(H20:H22)/AVERAGE(H17:H19)-1)*100 -> 1.8789696 | K22: =((AVERAGE(H20:H22)/AVERAGE(H17:H19))^4-1)*100 -> 7.7303758 | L22: =IFERROR(('SA Data'!W22/'SA Data'!W10-1)*100,"") -> 9.3358696 | M22: =IFERROR((AVERAGE('SA Data'!W19:W22)/AVERAGE('SA Data'!W7:W10)-1)*100,"") -> 7.0330482 | N22: ='SA Data'!T22 -> 107.66718 | O22: =(N22/N21-1)*100 -> 1.5345127 | P22: =(AVERAGE(N20:N22)/AVERAGE(N17:N19)-1)*100 -> 2.601985 | Q22: =((AVERAGE(N20:N22)/AVERAGE(N17:N19))^4-1)*100 -> 10.821252 | R22: =IFERROR(('SA Data'!X22/'SA Data'!X10-1)*100,"") -> 9.7518258 | S22: =IFERROR((AVERAGE('SA Data'!X19:X22)/AVERAGE('SA Data'!X7:X10)-1)*100,"") -> 8.3241681
A23: 38503 | B23: ='SA Data'!R23 -> 111.2212 | C23: =(B23/B22-1)*100 -> -0.52858942 | D23: =(AVERAGE(B21:B23)/AVERAGE(B18:B20)-1)*100 -> 12.754963 | E23: =((AVERAGE(B21:B23)/AVERAGE(B18:B20))^4-1)*100 -> 61.637704 | F23: =IFERROR(('SA Data'!V23/'SA Data'!V11-1)*100,"") -> 40.862317 | G23: =IFERROR((AVERAGE('SA Data'!V19:V23)/AVERAGE('SA Data'!V7:V11)-1)*100,"") -> 29.020807 | H23: ='SA Data'!S23 -> 106.93509 | I23: =(H23/H22-1)*100 -> 0.415505 | J23: =(AVERAGE(H21:H23)/AVERAGE(H18:H20)-1)*100 -> 2.2822004 | K23: =((AVERAGE(H21:H23)/AVERAGE(H18:H20))^4-1)*100 -> 9.4460896 | L23: =IFERROR(('SA Data'!W23/'SA Data'!W11-1)*100,"") -> 8.824217 | M23: =IFERROR((AVERAGE('SA Data'!W19:W23)/AVERAGE('SA Data'!W7:W11)-1)*100,"") -> 7.4033281 | N23: ='SA Data'!T23 -> 108.42153 | O23: =(N23/N22-1)*100 -> 0.70063323 | P23: =(AVERAGE(N21:N23)/AVERAGE(N18:N20)-1)*100 -> 2.950891 | Q23: =((AVERAGE(N21:N23)/AVERAGE(N18:N20))^4-1)*100 -> 12.336384 | R23: =IFERROR(('SA Data'!X23/'SA Data'!X11-1)*100,"") -> 10.566942 | S23: =IFERROR((AVERAGE('SA Data'!X19:X23)/AVERAGE('SA Data'!X7:X11)-1)*100,"") -> 8.7842845
A24: 38533 | B24: ='SA Data'!R24 -> 110.04066 | C24: =(B24/B23-1)*100 -> -1.0614385 | D24: =(AVERAGE(B22:B24)/AVERAGE(B19:B21)-1)*100 -> 8.8113492 | E24: =((AVERAGE(B22:B24)/AVERAGE(B19:B21))^4-1)*100 -> 40.183462 | F24: =IFERROR(('SA Data'!V24/'SA Data'!V12-1)*100,"") -> 35.665224 | G24: =IFERROR((AVERAGE('SA Data'!V19:V24)/AVERAGE('SA Data'!V7:V12)-1)*100,"") -> 30.311793 | H24: ='SA Data'!S24 -> 107.42572 | I24: =(H24/H23-1)*100 -> 0.45881189 | J24: =(AVERAGE(H22:H24)/AVERAGE(H19:H21)-1)*100 -> 2.8426432 | K24: =((AVERAGE(H22:H24)/AVERAGE(H19:H21))^4-1)*100 -> 11.864663 | L24: =IFERROR(('SA Data'!W24/'SA Data'!W12-1)*100,"") -> 7.4107255 | M24: =IFERROR((AVERAGE('SA Data'!W19:W24)/AVERAGE('SA Data'!W7:W12)-1)*100,"") -> 7.4045958 | N24: ='SA Data'!T24 -> 108.73796 | O24: =(N24/N23-1)*100 -> 0.29184457 | P24: =(AVERAGE(N22:N24)/AVERAGE(N19:N21)-1)*100 -> 3.0544469 | Q24: =((AVERAGE(N22:N24)/AVERAGE(N19:N21))^4-1)*100 -> 12.789052 | R24: =IFERROR(('SA Data'!X24/'SA Data'!X12-1)*100,"") -> 9.306151 | S24: =IFERROR((AVERAGE('SA Data'!X19:X24)/AVERAGE('SA Data'!X7:X12)-1)*100,"") -> 8.8739549
A25: 38564 | B25: ='SA Data'!R25 -> 99.177524 | C25: =(B25/B24-1)*100 -> -9.8719282 | D25: =(AVERAGE(B23:B25)/AVERAGE(B20:B22)-1)*100 -> -0.4564104 | E25: =((AVERAGE(B23:B25)/AVERAGE(B20:B22))^4-1)*100 -> -1.813181 | F25: =IFERROR(('SA Data'!V25/'SA Data'!V13-1)*100,"") -> 3.6683713 | G25: =IFERROR((AVERAGE('SA Data'!V19:V25)/AVERAGE('SA Data'!V7:V13)-1)*100,"") -> 27.310017 | H25: ='SA Data'!S25 -> 107.30977 | I25: =(H25/H24-1)*100 -> -0.10792833 | J25: =(AVERAGE(H23:H25)/AVERAGE(H20:H22)-1)*100 -> 2.1662405 | K25: =((AVERAGE(H23:H25)/AVERAGE(H20:H22))^4-1)*100 -> 8.950606 | L25: =IFERROR(('SA Data'!W25/'SA Data'!W13-1)*100,"") -> 6.4842643 | M25: =IFERROR((AVERAGE('SA Data'!W19:W25)/AVERAGE('SA Data'!W7:W13)-1)*100,"") -> 7.2685771 | N25: ='SA Data'!T25 -> 109.56375 | O25: =(N25/N24-1)*100 -> 0.75943424 | P25: =(AVERAGE(N23:N25)/AVERAGE(N20:N22)-1)*100 -> 2.4974693 | Q25: =((AVERAGE(N23:N25)/AVERAGE(N20:N22))^4-1)*100 -> 10.370388 | R25: =IFERROR(('SA Data'!X25/'SA Data'!X13-1)*100,"") -> 9.2116468 | S25: =IFERROR((AVERAGE('SA Data'!X19:X25)/AVERAGE('SA Data'!X7:X13)-1)*100,"") -> 8.923317
A26: 38595 | B26: ='SA Data'!R26 -> 95.603998 | C26: =(B26/B25-1)*100 -> -3.6031603 | D26: =(AVERAGE(B24:B26)/AVERAGE(B21:B23)-1)*100 -> -8.1078682 | E26: =((AVERAGE(B24:B26)/AVERAGE(B21:B23))^4-1)*100 -> -28.696096 | F26: =IFERROR(('SA Data'!V26/'SA Data'!V14-1)*100,"") -> -2.33026 | G26: =IFERROR((AVERAGE('SA Data'!V19:V26)/AVERAGE('SA Data'!V7:V14)-1)*100,"") -> 25.172766 | H26: ='SA Data'!S26 -> 108.5206 | I26: =(H26/H25-1)*100 -> 1.1283423 | J26: =(AVERAGE(H24:H26)/AVERAGE(H21:H23)-1)*100 -> 1.698061 | K26: =((AVERAGE(H24:H26)/AVERAGE(H21:H23))^4-1)*100 -> 6.9672156 | L26: =IFERROR(('SA Data'!W26/'SA Data'!W14-1)*100,"") -> 8.2300641 | M26: =IFERROR((AVERAGE('SA Data'!W19:W26)/AVERAGE('SA Data'!W7:W14)-1)*100,"") -> 7.3921901 | N26: ='SA Data'!T26 -> 110.5247 | O26: =(N26/N25-1)*100 -> 0.87706646 | P26: =(AVERAGE(N24:N26)/AVERAGE(N21:N23)-1)*100 -> 2.0792006 | Q26: =((AVERAGE(N24:N26)/AVERAGE(N21:N23))^4-1)*100 -> 8.5798008 | R26: =IFERROR(('SA Data'!X26/'SA Data'!X14-1)*100,"") -> 10.05712 | S26: =IFERROR((AVERAGE('SA Data'!X19:X26)/AVERAGE('SA Data'!X7:X14)-1)*100,"") -> 9.0675827
A27: 38625 | B27: ='SA Data'!R27 -> 95.137238 | C27: =(B27/B26-1)*100 -> -0.48822222 | D27: =(AVERAGE(B25:B27)/AVERAGE(B22:B24)-1)*100 -> -12.956676 | E27: =((AVERAGE(B25:B27)/AVERAGE(B22:B24))^4-1)*100 -> -42.596038 | F27: =IFERROR(('SA Data'!V27/'SA Data'!V15-1)*100,"") -> -2.7531161 | G27: =IFERROR((AVERAGE('SA Data'!V19:V27)/AVERAGE('SA Data'!V7:V15)-1)*100,"") -> 23.414325 | H27: ='SA Data'!S27 -> 108.12592 | I27: =(H27/H26-1)*100 -> -0.36369166 | J27: =(AVERAGE(H25:H27)/AVERAGE(H22:H24)-1)*100 -> 0.96707042 | K27: =((AVERAGE(H25:H27)/AVERAGE(H22:H24))^4-1)*100 -> 3.9247578 | L27: =IFERROR(('SA Data'!W27/'SA Data'!W15-1)*100,"") -> 5.9491411 | M27: =IFERROR((AVERAGE('SA Data'!W19:W27)/AVERAGE('SA Data'!W7:W15)-1)*100,"") -> 7.2251648 | N27: ='SA Data'!T27 -> 111.59057 | O27: =(N27/N26-1)*100 -> 0.96437561 | P27: =(AVERAGE(N25:N27)/AVERAGE(N22:N24)-1)*100 -> 2.1095385 | Q27: =((AVERAGE(N25:N27)/AVERAGE(N22:N24))^4-1)*100 -> 8.708938 | R27: =IFERROR(('SA Data'!X27/'SA Data'!X15-1)*100,"") -> 9.7136698 | S27: =IFERROR((AVERAGE('SA Data'!X19:X27)/AVERAGE('SA Data'!X7:X15)-1)*100,"") -> 9.1407061
A28: 38656 | B28: ='SA Data'!R28 -> 96.988717 | C28: =(B28/B27-1)*100 -> 1.9461136 | D28: =(AVERAGE(B26:B28)/AVERAGE(B23:B25)-1)*100 -> -10.207681 | E28: =((AVERAGE(B26:B28)/AVERAGE(B23:B25))^4-1)*100 -> -34.993505 | F28: =IFERROR(('SA Data'!V28/'SA Data'!V16-1)*100,"") -> -3.6054535 | G28: =IFERROR((AVERAGE('SA Data'!V19:V28)/AVERAGE('SA Data'!V7:V16)-1)*100,"") -> 21.761971 | H28: ='SA Data'!S28 -> 109.374 | I28: =(H28/H27-1)*100 -> 1.1542861 | J28: =(AVERAGE(H26:H28)/AVERAGE(H23:H25)-1)*100 -> 1.352294 | K28: =((AVERAGE(H26:H28)/AVERAGE(H23:H25))^4-1)*100 -> 5.5198903 | L28: =IFERROR(('SA Data'!W28/'SA Data'!W16-1)*100,"") -> 8.0892892 | M28: =IFERROR((AVERAGE('SA Data'!W19:W28)/AVERAGE('SA Data'!W7:W16)-1)*100,"") -> 7.3151763 | N28: ='SA Data'!T28 -> 111.05162 | O28: =(N28/N27-1)*100 -> -0.48296855 | P28: =(AVERAGE(N26:N28)/AVERAGE(N23:N25)-1)*100 -> 1.972204 | Q28: =((AVERAGE(N26:N28)/AVERAGE(N23:N25))^4-1)*100 -> 8.1252747 | R28: =IFERROR(('SA Data'!X28/'SA Data'!X16-1)*100,"") -> 8.7769489 | S28: =IFERROR((AVERAGE('SA Data'!X19:X28)/AVERAGE('SA Data'!X7:X16)-1)*100,"") -> 9.1036762
A29: 38686 | B29: ='SA Data'!R29 -> 100.7458 | C29: =(B29/B28-1)*100 -> 3.8737335 | D29: =(AVERAGE(B27:B29)/AVERAGE(B24:B26)-1)*100 -> -3.9204571 | E29: =((AVERAGE(B27:B29)/AVERAGE(B24:B26))^4-1)*100 -> -14.783496 | F29: =IFERROR(('SA Data'!V29/'SA Data'!V17-1)*100,"") -> 1.1037477 | G29: =IFERROR((AVERAGE('SA Data'!V19:V29)/AVERAGE('SA Data'!V7:V17)-1)*100,"") -> 20.30107 | H29: ='SA Data'!S29 -> 111.09014 | I29: =(H29/H28-1)*100 -> 1.5690578 | J29: =(AVERAGE(H27:H29)/AVERAGE(H24:H26)-1)*100 -> 1.6500742 | K29: =((AVERAGE(H27:H29)/AVERAGE(H24:H26))^4-1)*100 -> 6.7654661 | L29: =IFERROR(('SA Data'!W29/'SA Data'!W17-1)*100,"") -> 9.1464988 | M29: =IFERROR((AVERAGE('SA Data'!W19:W29)/AVERAGE('SA Data'!W7:W17)-1)*100,"") -> 7.4866826 | N29: ='SA Data'!T29 -> 112.60578 | O29: =(N29/N28-1)*100 -> 1.3994953 | P29: =(AVERAGE(N27:N29)/AVERAGE(N24:N26)-1)*100 -> 1.9528767 | Q29: =((AVERAGE(N27:N29)/AVERAGE(N24:N26))^4-1)*100 -> 8.0433241 | R29: =IFERROR(('SA Data'!X29/'SA Data'!X17-1)*100,"") -> 9.7381736 | S29: =IFERROR((AVERAGE('SA Data'!X19:X29)/AVERAGE('SA Data'!X7:X17)-1)*100,"") -> 9.1630194
A30: 38717 | B30: ='SA Data'!R30 -> 106.91859 | C30: =(B30/B29-1)*100 -> 6.1270925 | D30: =(AVERAGE(B28:B30)/AVERAGE(B25:B27)-1)*100 -> 5.0822336 | E30: =((AVERAGE(B28:B30)/AVERAGE(B25:B27))^4-1)*100 -> 21.931855 | F30: =IFERROR(('SA Data'!V30/'SA Data'!V18-1)*100,"") -> 8.981743 | G30: =IFERROR((AVERAGE('SA Data'!V19:V30)/AVERAGE('SA Data'!V7:V18)-1)*100,"") -> 19.428228 | H30: ='SA Data'!S30 -> 111.58877 | I30: =(H30/H29-1)*100 -> 0.44884811 | J30: =(AVERAGE(H28:H30)/AVERAGE(H25:H27)-1)*100 -> 2.4992929 | K30: =((AVERAGE(H28:H30)/AVERAGE(H25:H27))^4-1)*100 -> 10.378243 | L30: =IFERROR(('SA Data'!W30/'SA Data'!W18-1)*100,"") -> 8.2458823 | M30: =IFERROR((AVERAGE('SA Data'!W19:W30)/AVERAGE('SA Data'!W7:W18)-1)*100,"") -> 7.5510464 | N30: ='SA Data'!T30 -> 113.93164 | O30: =(N30/N29-1)*100 -> 1.1774322 | P30: =(AVERAGE(N28:N30)/AVERAGE(N25:N27)-1)*100 -> 1.781853 | Q30: =((AVERAGE(N28:N30)/AVERAGE(N25:N27))^4-1)*100 -> 7.3201851 | R30: =IFERROR(('SA Data'!X30/'SA Data'!X18-1)*100,"") -> 9.6881502 | S30: =IFERROR((AVERAGE('SA Data'!X19:X30)/AVERAGE('SA Data'!X7:X18)-1)*100,"") -> 9.2082446
A31: 38748 | B31: ='SA Data'!R31 -> 104.3317 | C31: =(B31/B30-1)*100 -> -2.4194949 | D31: =(AVERAGE(B29:B31)/AVERAGE(B26:B28)-1)*100 -> 8.4336502 | E31: =((AVERAGE(B29:B31)/AVERAGE(B26:B28))^4-1)*100 -> 38.24719 | F31: =IFERROR(('SA Data'!V31/'SA Data'!V19-1)*100,"") -> 5.4995226 | G31: =IFERROR((AVERAGE('SA Data'!V31:V31)/AVERAGE('SA Data'!V19:V19)-1)*100,"") -> 5.4995226 | H31: ='SA Data'!S31 -> 113.35787 | I31: =(H31/H30-1)*100 -> 1.5853794 | J31: =(AVERAGE(H29:H31)/AVERAGE(H26:H28)-1)*100 -> 3.0722808 | K31: =((AVERAGE(H29:H31)/AVERAGE(H26:H28))^4-1)*100 -> 12.867146 | L31: =IFERROR(('SA Data'!W31/'SA Data'!W19-1)*100,"") -> 8.9634803 | M31: =IFERROR((AVERAGE('SA Data'!W31:W31)/AVERAGE('SA Data'!W19:W19)-1)*100,"") -> 8.9634803 | N31: ='SA Data'!T31 -> 113.49546 | O31: =(N31/N30-1)*100 -> -0.38284109 | P31: =(AVERAGE(N29:N31)/AVERAGE(N26:N28)-1)*100 -> 2.0608295 | Q31: =((AVERAGE(N29:N31)/AVERAGE(N26:N28))^4-1)*100 -> 8.5016583 | R31: =IFERROR(('SA Data'!X31/'SA Data'!X19-1)*100,"") -> 8.8590178 | S31: =IFERROR((AVERAGE('SA Data'!X31:X31)/AVERAGE('SA Data'!X19:X19)-1)*100,"") -> 8.8590178
A32: 38776 | B32: ='SA Data'!R32 -> 101.92911 | C32: =(B32/B31-1)*100 -> -2.3028396 | D32: =(AVERAGE(B30:B32)/AVERAGE(B27:B29)-1)*100 -> 6.9339707 | E32: =((AVERAGE(B30:B32)/AVERAGE(B27:B29))^4-1)*100 -> 30.756345 | F32: =IFERROR(('SA Data'!V32/'SA Data'!V20-1)*100,"") -> -2.3007013 | G32: =IFERROR((AVERAGE('SA Data'!V31:V32)/AVERAGE('SA Data'!V19:V20)-1)*100,"") -> 1.4801316 | H32: ='SA Data'!S32 -> 113.50726 | I32: =(H32/H31-1)*100 -> 0.13178375 | J32: =(AVERAGE(H30:H32)/AVERAGE(H27:H29)-1)*100 -> 3.0018683 | K32: =((AVERAGE(H30:H32)/AVERAGE(H27:H29))^4-1)*100 -> 12.559047 | L32: =IFERROR(('SA Data'!W32/'SA Data'!W20-1)*100,"") -> 8.8977911 | M32: =IFERROR((AVERAGE('SA Data'!W31:W32)/AVERAGE('SA Data'!W19:W20)-1)*100,"") -> 8.9309564 | N32: ='SA Data'!T32 -> 114.44354 | O32: =(N32/N31-1)*100 -> 0.83534172 | P32: =(AVERAGE(N30:N32)/AVERAGE(N27:N29)-1)*100 -> 1.9754536 | Q32: =((AVERAGE(N30:N32)/AVERAGE(N27:N29))^4-1)*100 -> 8.1390583 | R32: =IFERROR(('SA Data'!X32/'SA Data'!X20-1)*100,"") -> 8.7697358 | S32: =IFERROR((AVERAGE('SA Data'!X31:X32)/AVERAGE('SA Data'!X19:X20)-1)*100,"") -> 8.814648
A33: 38807 | B33: ='SA Data'!R33 -> 100.99142 | C33: =(B33/B32-1)*100 -> -0.91993845 | D33: =(AVERAGE(B31:B33)/AVERAGE(B28:B30)-1)*100 -> 0.85314198 | E33: =((AVERAGE(B31:B33)/AVERAGE(B28:B30))^4-1)*100 -> 3.4564879 | F33: =IFERROR(('SA Data'!V33/'SA Data'!V21-1)*100,"") -> -7.4988361 | G33: =IFERROR((AVERAGE('SA Data'!V31:V33)/AVERAGE('SA Data'!V19:V21)-1)*100,"") -> -3.0730831 | H33: ='SA Data'!S33 -> 115.35883 | I33: =(H33/H32-1)*100 -> 1.6312374 | J33: =(AVERAGE(H31:H33)/AVERAGE(H28:H30)-1)*100 -> 3.0630831 | K33: =((AVERAGE(H31:H33)/AVERAGE(H28:H30))^4-1)*100 -> 12.826865 | L33: =IFERROR(('SA Data'!W33/'SA Data'!W21-1)*100,"") -> 9.9601601 | M33: =IFERROR((AVERAGE('SA Data'!W31:W33)/AVERAGE('SA Data'!W19:W21)-1)*100,"") -> 9.2959916 | N33: ='SA Data'!T33 -> 115.43217 | O33: =(N33/N32-1)*100 -> 0.86386089 | P33: =(AVERAGE(N31:N33)/AVERAGE(N28:N30)-1)*100 -> 1.712771 | Q33: =((AVERAGE(N31:N33)/AVERAGE(N28:N30))^4-1)*100 -> 7.0291175 | R33: =IFERROR(('SA Data'!X33/'SA Data'!X21-1)*100,"") -> 8.3058451 | S33: =IFERROR((AVERAGE('SA Data'!X31:X33)/AVERAGE('SA Data'!X19:X21)-1)*100,"") -> 8.637679
A34: 38837 | B34: ='SA Data'!R34 -> 99.478524 | C34: =(B34/B33-1)*100 -> -1.4980479 | D34: =(AVERAGE(B32:B34)/AVERAGE(B29:B31)-1)*100 -> -3.0760117 | E34: =((AVERAGE(B32:B34)/AVERAGE(B29:B31))^4-1)*100 -> -11.747888 | F34: =IFERROR(('SA Data'!V34/'SA Data'!V22-1)*100,"") -> -8.0241516 | G34: =IFERROR((AVERAGE('SA Data'!V31:V34)/AVERAGE('SA Data'!V19:V22)-1)*100,"") -> -5.2111803 | H34: ='SA Data'!S34 -> 115.19239 | I34: =(H34/H33-1)*100 -> -0.14428164 | J34: =(AVERAGE(H32:H34)/AVERAGE(H29:H31)-1)*100 -> 2.3871501 | K34: =((AVERAGE(H32:H34)/AVERAGE(H29:H31))^4-1)*100 -> 9.8959833 | L34: =IFERROR(('SA Data'!W34/'SA Data'!W22-1)*100,"") -> 8.4383336 | M34: =IFERROR((AVERAGE('SA Data'!W31:W34)/AVERAGE('SA Data'!W19:W22)-1)*100,"") -> 9.0736562 | N34: ='SA Data'!T34 -> 115.56298 | O34: =(N34/N33-1)*100 -> 0.11332285 | P34: =(AVERAGE(N32:N34)/AVERAGE(N29:N31)-1)*100 -> 1.5897887 | Q34: =((AVERAGE(N32:N34)/AVERAGE(N29:N31))^4-1)*100 -> 6.512414 | R34: =IFERROR(('SA Data'!X34/'SA Data'!X22-1)*100,"") -> 7.281509 | S34: =IFERROR((AVERAGE('SA Data'!X31:X34)/AVERAGE('SA Data'!X19:X22)-1)*100,"") -> 8.2898429
A35: 38868 | B35: ='SA Data'!R35 -> 100.82433 | C35: =(B35/B34-1)*100 -> 1.3528577 | D35: =(AVERAGE(B33:B35)/AVERAGE(B30:B32)-1)*100 -> -3.7949895 | E35: =((AVERAGE(B33:B35)/AVERAGE(B30:B32))^4-1)*100 -> -14.337496 | F35: =IFERROR(('SA Data'!V35/'SA Data'!V23-1)*100,"") -> -4.7533161 | G35: =IFERROR((AVERAGE('SA Data'!V31:V35)/AVERAGE('SA Data'!V19:V23)-1)*100,"") -> -5.0376909 | H35: ='SA Data'!S35 -> 116.22683 | I35: =(H35/H34-1)*100 -> 0.89801031 | J35: =(AVERAGE(H33:H35)/AVERAGE(H30:H32)-1)*100 -> 2.4594648 | K35: =((AVERAGE(H33:H35)/AVERAGE(H30:H32))^4-1)*100 -> 10.206785 | L35: =IFERROR(('SA Data'!W35/'SA Data'!W23-1)*100,"") -> 8.7370516 | M35: =IFERROR((AVERAGE('SA Data'!W31:W35)/AVERAGE('SA Data'!W19:W23)-1)*100,"") -> 9.0031509 | N35: ='SA Data'!T35 -> 116.88627 | O35: =(N35/N34-1)*100 -> 1.145076 | P35: =(AVERAGE(N33:N35)/AVERAGE(N30:N32)-1)*100 -> 1.7582024 | Q35: =((AVERAGE(N33:N35)/AVERAGE(N30:N32))^4-1)*100 -> 7.2204695 | R35: =IFERROR(('SA Data'!X35/'SA Data'!X23-1)*100,"") -> 7.9501603 | S35: =IFERROR((AVERAGE('SA Data'!X31:X35)/AVERAGE('SA Data'!X19:X23)-1)*100,"") -> 8.2190133
A36: 38898 | B36: ='SA Data'!R36 -> 101.24919 | C36: =(B36/B35-1)*100 -> 0.42139021 | D36: =(AVERAGE(B34:B36)/AVERAGE(B31:B33)-1)*100 -> -1.8552158 | E36: =((AVERAGE(B34:B36)/AVERAGE(B31:B33))^4-1)*100 -> -7.216896 | F36: =IFERROR(('SA Data'!V36/'SA Data'!V24-1)*100,"") -> -4.017154 | G36: =IFERROR((AVERAGE('SA Data'!V31:V36)/AVERAGE('SA Data'!V19:V24)-1)*100,"") -> -4.8312583 | H36: ='SA Data'!S36 -> 117.63529 | I36: =(H36/H35-1)*100 -> 1.2118191 | J36: =(AVERAGE(H34:H36)/AVERAGE(H31:H33)-1)*100 -> 1.9959286 | K36: =((AVERAGE(H34:H36)/AVERAGE(H31:H33))^4-1)*100 -> 8.2259348 | L36: =IFERROR(('SA Data'!W36/'SA Data'!W24-1)*100,"") -> 8.7049041 | M36: =IFERROR((AVERAGE('SA Data'!W31:W36)/AVERAGE('SA Data'!W19:W24)-1)*100,"") -> 8.9520363 | N36: ='SA Data'!T36 -> 117.80879 | O36: =(N36/N35-1)*100 -> 0.7892468 | P36: =(AVERAGE(N34:N36)/AVERAGE(N31:N33)-1)*100 -> 2.0056614 | Q36: =((AVERAGE(N34:N36)/AVERAGE(N31:N33))^4-1)*100 -> 8.2672496 | R36: =IFERROR(('SA Data'!X36/'SA Data'!X24-1)*100,"") -> 8.0497132 | S36: =IFERROR((AVERAGE('SA Data'!X31:X36)/AVERAGE('SA Data'!X19:X24)-1)*100,"") -> 8.1898076
A37: 38929 | B37: ='SA Data'!R37 -> 104.53159 | C37: =(B37/B36-1)*100 -> 3.2418984 | D37: =(AVERAGE(B35:B37)/AVERAGE(B32:B34)-1)*100 -> 1.390893 | E37: =((AVERAGE(B35:B37)/AVERAGE(B32:B34))^4-1)*100 -> 5.680727 | F37: =IFERROR(('SA Data'!V37/'SA Data'!V25-1)*100,"") -> 6.4118913 | G37: =IFERROR((AVERAGE('SA Data'!V31:V37)/AVERAGE('SA Data'!V19:V25)-1)*100,"") -> -3.7997804 | H37: ='SA Data'!S37 -> 118.92746 | I37: =(H37/H36-1)*100 -> 1.0984596 | J37: =(AVERAGE(H35:H37)/AVERAGE(H32:H34)-1)*100 -> 2.5376797 | K37: =((AVERAGE(H35:H37)/AVERAGE(H32:H34))^4-1)*100 -> 10.543686 | L37: =IFERROR(('SA Data'!W37/'SA Data'!W25-1)*100,"") -> 10.926202 | M37: =IFERROR((AVERAGE('SA Data'!W31:W37)/AVERAGE('SA Data'!W19:W25)-1)*100,"") -> 9.2416712 | N37: ='SA Data'!T37 -> 118.56802 | O37: =(N37/N36-1)*100 -> 0.64446406 | P37: =(AVERAGE(N35:N37)/AVERAGE(N32:N34)-1)*100 -> 2.2650573 | Q37: =((AVERAGE(N35:N37)/AVERAGE(N32:N34))^4-1)*100 -> 9.372733 | R37: =IFERROR(('SA Data'!X37/'SA Data'!X25-1)*100,"") -> 8.5116203 | S37: =IFERROR((AVERAGE('SA Data'!X31:X37)/AVERAGE('SA Data'!X19:X25)-1)*100,"") -> 8.2369731
A38: 38960 | B38: ='SA Data'!R38 -> 108.08547 | C38: =(B38/B37-1)*100 -> 3.3998159 | D38: =(AVERAGE(B36:B38)/AVERAGE(B33:B35)-1)*100 -> 4.172655 | E38: =((AVERAGE(B36:B38)/AVERAGE(B33:B35))^4-1)*100 -> 17.764646 | F38: =IFERROR(('SA Data'!V38/'SA Data'!V26-1)*100,"") -> 13.503198 | G38: =IFERROR((AVERAGE('SA Data'!V31:V38)/AVERAGE('SA Data'!V19:V26)-1)*100,"") -> -2.8262614 | H38: ='SA Data'!S38 -> 118.81822 | I38: =(H38/H37-1)*100 -> -0.091858965 | J38: =(AVERAGE(H36:H38)/AVERAGE(H33:H35)-1)*100 -> 2.4808147 | K38: =((AVERAGE(H36:H38)/AVERAGE(H33:H35))^4-1)*100 -> 10.298671 | L38: =IFERROR(('SA Data'!W38/'SA Data'!W26-1)*100,"") -> 10.017661 | M38: =IFERROR((AVERAGE('SA Data'!W31:W38)/AVERAGE('SA Data'!W19:W26)-1)*100,"") -> 9.3422143 | N38: ='SA Data'!T38 -> 120.03543 | O38: =(N38/N37-1)*100 -> 1.2376052 | P38: =(AVERAGE(N36:N38)/AVERAGE(N33:N35)-1)*100 -> 2.4522198 | Q38: =((AVERAGE(N36:N38)/AVERAGE(N33:N35))^4-1)*100 -> 10.175617 | R38: =IFERROR(('SA Data'!X38/'SA Data'!X26-1)*100,"") -> 8.9902688 | S38: =IFERROR((AVERAGE('SA Data'!X31:X38)/AVERAGE('SA Data'!X19:X26)-1)*100,"") -> 8.3336924
A39: 38990 | B39: ='SA Data'!R39 -> 108.57352 | C39: =(B39/B38-1)*100 -> 0.45154558 | D39: =(AVERAGE(B37:B39)/AVERAGE(B34:B36)-1)*100 -> 6.5124867 | E39: =((AVERAGE(B37:B39)/AVERAGE(B34:B36))^4-1)*100 -> 28.706979 | F39: =IFERROR(('SA Data'!V39/'SA Data'!V27-1)*100,"") -> 13.853518 | G39: =IFERROR((AVERAGE('SA Data'!V31:V39)/AVERAGE('SA Data'!V19:V27)-1)*100,"") -> -1.9986599 | H39: ='SA Data'!S39 -> 118.40955 | I39: =(H39/H38-1)*100 -> -0.34394722 | J39: =(AVERAGE(H37:H39)/AVERAGE(H34:H36)-1)*100 -> 2.0342733 | K39: =((AVERAGE(H37:H39)/AVERAGE(H34:H36))^4-1)*100 -> 8.3887739 | L39: =IFERROR(('SA Data'!W39/'SA Data'!W27-1)*100,"") -> 10.403605 | M39: =IFERROR((AVERAGE('SA Data'!W31:W39)/AVERAGE('SA Data'!W19:W27)-1)*100,"") -> 9.4636026 | N39: ='SA Data'!T39 -> 120.421 | O39: =(N39/N38-1)*100 -> 0.3212124 | P39: =(AVERAGE(N37:N39)/AVERAGE(N34:N36)-1)*100 -> 2.502843 | Q39: =((AVERAGE(N37:N39)/AVERAGE(N34:N36))^4-1)*100 -> 10.393536 | R39: =IFERROR(('SA Data'!X39/'SA Data'!X27-1)*100,"") -> 8.0663817 | S39: =IFERROR((AVERAGE('SA Data'!X31:X39)/AVERAGE('SA Data'!X19:X27)-1)*100,"") -> 8.3032797
A40: 39021 | B40: ='SA Data'!R40 -> 102.66614 | C40: =(B40/B39-1)*100 -> -5.4409061 | D40: =(AVERAGE(B38:B40)/AVERAGE(B35:B37)-1)*100 -> 4.1486677 | E40: =((AVERAGE(B38:B40)/AVERAGE(B35:B37))^4-1)*100 -> 17.656216 | F40: =IFERROR(('SA Data'!V40/'SA Data'!V28-1)*100,"") -> 4.7171065 | G40: =IFERROR((AVERAGE('SA Data'!V31:V40)/AVERAGE('SA Data'!V19:V28)-1)*100,"") -> -1.6735295 | H40: ='SA Data'!S40 -> 119.12084 | I40: =(H40/H39-1)*100 -> 0.60070452 | J40: =(AVERAGE(H38:H40)/AVERAGE(H35:H37)-1)*100 -> 1.0088229 | K40: =((AVERAGE(H38:H40)/AVERAGE(H35:H37))^4-1)*100 -> 4.0967668 | L40: =IFERROR(('SA Data'!W40/'SA Data'!W28-1)*100,"") -> 9.8998015 | M40: =IFERROR((AVERAGE('SA Data'!W31:W40)/AVERAGE('SA Data'!W19:W28)-1)*100,"") -> 9.509367 | N40: ='SA Data'!T40 -> 121.16142 | O40: =(N40/N39-1)*100 -> 0.61486132 | P40: =(AVERAGE(N38:N40)/AVERAGE(N35:N37)-1)*100 -> 2.3650259 | Q40: =((AVERAGE(N38:N40)/AVERAGE(N35:N37))^4-1)*100 -> 9.8010272 | R40: =IFERROR(('SA Data'!X40/'SA Data'!X28-1)*100,"") -> 9.7015206 | S40: =IFERROR((AVERAGE('SA Data'!X31:X40)/AVERAGE('SA Data'!X19:X28)-1)*100,"") -> 8.4451922
A41: 39051 | B41: ='SA Data'!R41 -> 102.67293 | C41: =(B41/B40-1)*100 -> 0.0066177379 | D41: =(AVERAGE(B39:B41)/AVERAGE(B36:B38)-1)*100 -> 0.014767949 | E41: =((AVERAGE(B39:B41)/AVERAGE(B36:B38))^4-1)*100 -> 0.059084882 | F41: =IFERROR(('SA Data'!V41/'SA Data'!V29-1)*100,"") -> 0.87134764 | G41: =IFERROR((AVERAGE('SA Data'!V31:V41)/AVERAGE('SA Data'!V19:V29)-1)*100,"") -> -1.5222805 | H41: ='SA Data'!S41 -> 120.46293 | I41: =(H41/H40-1)*100 -> 1.1266637 | J41: =(AVERAGE(H39:H41)/AVERAGE(H36:H38)-1)*100 -> 0.73508254 | K41: =((AVERAGE(H39:H41)/AVERAGE(H36:H38))^4-1)*100 -> 2.9729101 | L41: =IFERROR(('SA Data'!W41/'SA Data'!W29-1)*100,"") -> 8.9183953 | M41: =IFERROR((AVERAGE('SA Data'!W31:W41)/AVERAGE('SA Data'!W19:W29)-1)*100,"") -> 9.4531669 | N41: ='SA Data'!T41 -> 122.63097 | O41: =(N41/N40-1)*100 -> 1.2128906 | P41: =(AVERAGE(N39:N41)/AVERAGE(N36:N38)-1)*100 -> 2.1887995 | Q41: =((AVERAGE(N39:N41)/AVERAGE(N36:N38))^4-1)*100 -> 9.0468659 | R41: =IFERROR(('SA Data'!X41/'SA Data'!X29-1)*100,"") -> 8.9868245 | S41: =IFERROR((AVERAGE('SA Data'!X31:X41)/AVERAGE('SA Data'!X19:X29)-1)*100,"") -> 8.4961169
A42: 39082 | B42: ='SA Data'!R42 -> 105.99638 | C42: =(B42/B41-1)*100 -> 3.2369267 | D42: =(AVERAGE(B40:B42)/AVERAGE(B37:B39)-1)*100 -> -3.06831 | E42: =((AVERAGE(B40:B42)/AVERAGE(B37:B39))^4-1)*100 -> -11.719835 | F42: =IFERROR(('SA Data'!V42/'SA Data'!V30-1)*100,"") -> -3.4337434 | G42: =IFERROR((AVERAGE('SA Data'!V31:V42)/AVERAGE('SA Data'!V19:V30)-1)*100,"") -> -1.6567821 | H42: ='SA Data'!S42 -> 121.52669 | I42: =(H42/H41-1)*100 -> 0.88306025 | J42: =(AVERAGE(H40:H42)/AVERAGE(H37:H39)-1)*100 -> 1.3913113 | K42: =((AVERAGE(H40:H42)/AVERAGE(H37:H39))^4-1)*100 -> 5.682471 | L42: =IFERROR(('SA Data'!W42/'SA Data'!W30-1)*100,"") -> 8.8787623 | M42: =IFERROR((AVERAGE('SA Data'!W31:W42)/AVERAGE('SA Data'!W19:W30)-1)*100,"") -> 9.4041552 | N42: ='SA Data'!T42 -> 123.22456 | O42: =(N42/N41-1)*100 -> 0.48404555 | P42: =(AVERAGE(N40:N42)/AVERAGE(N37:N39)-1)*100 -> 2.2261739 | Q42: =((AVERAGE(N40:N42)/AVERAGE(N37:N39))^4-1)*100 -> 9.2064842 | R42: =IFERROR(('SA Data'!X42/'SA Data'!X30-1)*100,"") -> 7.837862 | S42: =IFERROR((AVERAGE('SA Data'!X31:X42)/AVERAGE('SA Data'!X19:X30)-1)*100,"") -> 8.4391777
A43: 39113 | B43: ='SA Data'!R43 -> 107.98756 | C43: =(B43/B42-1)*100 -> 1.8785306 | D43: =(AVERAGE(B41:B43)/AVERAGE(B38:B40)-1)*100 -> -0.83559337 | E43: =((AVERAGE(B41:B43)/AVERAGE(B38:B40))^4-1)*100 -> -3.3007134 | F43: =IFERROR(('SA Data'!V43/'SA Data'!V31-1)*100,"") -> 1.0914493 | G43: =IFERROR((AVERAGE('SA Data'!V43:V43)/AVERAGE('SA Data'!V31:V31)-1)*100,"") -> 1.0914493 | H43: ='SA Data'!S43 -> 120.93755 | I43: =(H43/H42-1)*100 -> -0.48478424 | J43: =(AVERAGE(H41:H43)/AVERAGE(H38:H40)-1)*100 -> 1.8461032 | K43: =((AVERAGE(H41:H43)/AVERAGE(H38:H40))^4-1)*100 -> 7.5914271 | L43: =IFERROR(('SA Data'!W43/'SA Data'!W31-1)*100,"") -> 5.5757988 | M43: =IFERROR((AVERAGE('SA Data'!W43:W43)/AVERAGE('SA Data'!W31:W31)-1)*100,"") -> 5.5757988 | N43: ='SA Data'!T43 -> 124.59696 | O43: =(N43/N42-1)*100 -> 1.1137387 | P43: =(AVERAGE(N41:N43)/AVERAGE(N38:N40)-1)*100 -> 2.4430926 | Q43: =((AVERAGE(N41:N43)/AVERAGE(N38:N40))^4-1)*100 -> 10.136361 | R43: =IFERROR(('SA Data'!X43/'SA Data'!X31-1)*100,"") -> 9.5708203 | S43: =IFERROR((AVERAGE('SA Data'!X43:X43)/AVERAGE('SA Data'!X31:X31)-1)*100,"") -> 9.5708203
A44: 39141 | B44: ='SA Data'!R44 -> 106.29029 | C44: =(B44/B43-1)*100 -> -1.5717188 | D44: =(AVERAGE(B42:B44)/AVERAGE(B39:B41)-1)*100 -> 2.0265628 | E44: =((AVERAGE(B42:B44)/AVERAGE(B39:B41))^4-1)*100 -> 8.3560146 | F44: =IFERROR(('SA Data'!V44/'SA Data'!V32-1)*100,"") -> 2.871911 | G44: =IFERROR((AVERAGE('SA Data'!V43:V44)/AVERAGE('SA Data'!V31:V32)-1)*100,"") -> 1.9747249 | H44: ='SA Data'!S44 -> 122.55099 | I44: =(H44/H43-1)*100 -> 1.3341118 | J44: =(AVERAGE(H42:H44)/AVERAGE(H39:H41)-1)*100 -> 1.9614647 | K44: =((AVERAGE(H42:H44)/AVERAGE(H39:H41))^4-1)*100 -> 8.0797328 | L44: =IFERROR(('SA Data'!W44/'SA Data'!W32-1)*100,"") -> 7.3004118 | M44: =IFERROR((AVERAGE('SA Data'!W43:W44)/AVERAGE('SA Data'!W31:W32)-1)*100,"") -> 6.4294243 | N44: ='SA Data'!T44 -> 125.06709 | O44: =(N44/N43-1)*100 -> 0.37731494 | P44: =(AVERAGE(N42:N44)/AVERAGE(N39:N41)-1)*100 -> 2.3819071 | Q44: =((AVERAGE(N42:N44)/AVERAGE(N39:N41))^4-1)*100 -> 9.8734751 | R44: =IFERROR(('SA Data'!X44/'SA Data'!X32-1)*100,"") -> 9.0875795 | S44: =IFERROR((AVERAGE('SA Data'!X43:X44)/AVERAGE('SA Data'!X31:X32)-1)*100,"") -> 9.3307668
A45: 39172 | B45: ='SA Data'!R45 -> 108.1712 | C45: =(B45/B44-1)*100 -> 1.7695916 | D45: =(AVERAGE(B43:B45)/AVERAGE(B40:B42)-1)*100 -> 3.569653 | E45: =((AVERAGE(B43:B45)/AVERAGE(B40:B42))^4-1)*100 -> 15.061514 | F45: =IFERROR(('SA Data'!V45/'SA Data'!V33-1)*100,"") -> 6.3814246 | G45: =IFERROR((AVERAGE('SA Data'!V43:V45)/AVERAGE('SA Data'!V31:V33)-1)*100,"") -> 4.1073179 | H45: ='SA Data'!S45 -> 124.84321 | I45: =(H45/H44-1)*100 -> 1.8704254 | J45: =(AVERAGE(H43:H45)/AVERAGE(H40:H42)-1)*100 -> 1.9997466 | K45: =((AVERAGE(H43:H45)/AVERAGE(H40:H42))^4-1)*100 -> 8.2421405 | L45: =IFERROR(('SA Data'!W45/'SA Data'!W33-1)*100,"") -> 7.1849316 | M45: =IFERROR((AVERAGE('SA Data'!W43:W45)/AVERAGE('SA Data'!W31:W33)-1)*100,"") -> 6.6990139 | N45: ='SA Data'!T45 -> 127.26262 | O45: =(N45/N44-1)*100 -> 1.7554865 | P45: =(AVERAGE(N43:N45)/AVERAGE(N40:N42)-1)*100 -> 2.7000703 | Q45: =((AVERAGE(N43:N45)/AVERAGE(N40:N42))^4-1)*100 -> 11.245631 | R45: =IFERROR(('SA Data'!X45/'SA Data'!X33-1)*100,"") -> 9.5819841 | S45: =IFERROR((AVERAGE('SA Data'!X43:X45)/AVERAGE('SA Data'!X31:X33)-1)*100,"") -> 9.4178769
A46: 39202 | B46: ='SA Data'!R46 -> 115.29223 | C46: =(B46/B45-1)*100 -> 6.5831152 | D46: =(AVERAGE(B44:B46)/AVERAGE(B41:B43)-1)*100 -> 4.1359776 | E46: =((AVERAGE(B44:B46)/AVERAGE(B41:B43))^4-1)*100 -> 17.598882 | F46: =IFERROR(('SA Data'!V46/'SA Data'!V34-1)*100,"") -> 16.266676 | G46: =IFERROR((AVERAGE('SA Data'!V43:V46)/AVERAGE('SA Data'!V31:V34)-1)*100,"") -> 9.2024545 | H46: ='SA Data'!S46 -> 123.2724 | I46: =(H46/H45-1)*100 -> -1.2582257 | J46: =(AVERAGE(H44:H46)/AVERAGE(H41:H43)-1)*100 -> 2.1325057 | K46: =((AVERAGE(H44:H46)/AVERAGE(H41:H43))^4-1)*100 -> 8.8067773 | L46: =IFERROR(('SA Data'!W46/'SA Data'!W34-1)*100,"") -> 7.1198387 | M46: =IFERROR((AVERAGE('SA Data'!W43:W46)/AVERAGE('SA Data'!W31:W34)-1)*100,"") -> 6.8074713 | N46: ='SA Data'!T46 -> 125.8746 | O46: =(N46/N45-1)*100 -> -1.0906712 | P46: =(AVERAGE(N44:N46)/AVERAGE(N41:N43)-1)*100 -> 2.0925254 | Q46: =((AVERAGE(N44:N46)/AVERAGE(N41:N43))^4-1)*100 -> 8.6365057 | R46: =IFERROR(('SA Data'!X46/'SA Data'!X34-1)*100,"") -> 8.9955505 | S46: =IFERROR((AVERAGE('SA Data'!X43:X46)/AVERAGE('SA Data'!X31:X34)-1)*100,"") -> 9.3105655
A47: 39233 | B47: ='SA Data'!R47 -> 117.28571 | C47: =(B47/B46-1)*100 -> 1.7290604 | D47: =(AVERAGE(B45:B47)/AVERAGE(B42:B44)-1)*100 -> 6.3929298 | E47: =((AVERAGE(B45:B47)/AVERAGE(B42:B44))^4-1)*100 -> 28.130073 | F47: =IFERROR(('SA Data'!V47/'SA Data'!V35-1)*100,"") -> 17.597175 | G47: =IFERROR((AVERAGE('SA Data'!V43:V47)/AVERAGE('SA Data'!V31:V35)-1)*100,"") -> 12.392825 | H47: ='SA Data'!S47 -> 125.13943 | I47: =(H47/H46-1)*100 -> 1.5145525 | J47: =(AVERAGE(H45:H47)/AVERAGE(H42:H44)-1)*100 -> 2.2573916 | K47: =((AVERAGE(H45:H47)/AVERAGE(H42:H44))^4-1)*100 -> 9.3399426 | L47: =IFERROR(('SA Data'!W47/'SA Data'!W35-1)*100,"") -> 7.5144733 | M47: =IFERROR((AVERAGE('SA Data'!W43:W47)/AVERAGE('SA Data'!W31:W35)-1)*100,"") -> 6.9551985 | N47: ='SA Data'!T47 -> 128.0392 | O47: =(N47/N46-1)*100 -> 1.719641 | P47: =(AVERAGE(N45:N47)/AVERAGE(N42:N44)-1)*100 -> 2.2225969 | Q47: =((AVERAGE(N45:N47)/AVERAGE(N42:N44))^4-1)*100 -> 9.1912 | R47: =IFERROR(('SA Data'!X47/'SA Data'!X35-1)*100,"") -> 9.4751539 | S47: =IFERROR((AVERAGE('SA Data'!X43:X47)/AVERAGE('SA Data'!X31:X35)-1)*100,"") -> 9.3447997
A48: 39263 | B48: ='SA Data'!R48 -> 116.68298 | C48: =(B48/B47-1)*100 -> -0.51389523 | D48: =(AVERAGE(B46:B48)/AVERAGE(B43:B45)-1)*100 -> 8.3150719 | E48: =((AVERAGE(B46:B48)/AVERAGE(B43:B45))^4-1)*100 -> 37.643457 | F48: =IFERROR(('SA Data'!V48/'SA Data'!V36-1)*100,"") -> 16.235061 | G48: =IFERROR((AVERAGE('SA Data'!V43:V48)/AVERAGE('SA Data'!V31:V36)-1)*100,"") -> 13.176675 | H48: ='SA Data'!S48 -> 125.00554 | I48: =(H48/H47-1)*100 -> -0.10699264 | J48: =(AVERAGE(H46:H48)/AVERAGE(H43:H45)-1)*100 -> 1.3807184 | K48: =((AVERAGE(H46:H48)/AVERAGE(H43:H45))^4-1)*100 -> 5.638313 | L48: =IFERROR(('SA Data'!W48/'SA Data'!W36-1)*100,"") -> 5.5726355 | M48: =IFERROR((AVERAGE('SA Data'!W43:W48)/AVERAGE('SA Data'!W31:W36)-1)*100,"") -> 6.7187873 | N48: ='SA Data'!T48 -> 129.07226 | O48: =(N48/N47-1)*100 -> 0.80683656 | P48: =(AVERAGE(N46:N48)/AVERAGE(N43:N45)-1)*100 -> 1.607579 | Q48: =((AVERAGE(N46:N48)/AVERAGE(N43:N45))^4-1)*100 -> 6.587043 | R48: =IFERROR(('SA Data'!X48/'SA Data'!X36-1)*100,"") -> 9.4028547 | S48: =IFERROR((AVERAGE('SA Data'!X43:X48)/AVERAGE('SA Data'!X31:X36)-1)*100,"") -> 9.3548017
A49: 39294 | B49: ='SA Data'!R49 -> 108.55099 | C49: =(B49/B48-1)*100 -> -6.9693064 | D49: =(AVERAGE(B47:B49)/AVERAGE(B44:B46)-1)*100 -> 3.8713572 | E49: =((AVERAGE(B47:B49)/AVERAGE(B44:B46))^4-1)*100 -> 16.408107 | F49: =IFERROR(('SA Data'!V49/'SA Data'!V37-1)*100,"") -> 5.5189429 | G49: =IFERROR((AVERAGE('SA Data'!V43:V49)/AVERAGE('SA Data'!V31:V37)-1)*100,"") -> 12.399558 | H49: ='SA Data'!S49 -> 123.13595 | I49: =(H49/H48-1)*100 -> -1.4956058 | J49: =(AVERAGE(H47:H49)/AVERAGE(H44:H46)-1)*100 -> 0.70530007 | K49: =((AVERAGE(H47:H49)/AVERAGE(H44:H46))^4-1)*100 -> 2.8511878 | L49: =IFERROR(('SA Data'!W49/'SA Data'!W37-1)*100,"") -> 3.927581 | M49: =IFERROR((AVERAGE('SA Data'!W43:W49)/AVERAGE('SA Data'!W31:W37)-1)*100,"") -> 6.3029676 | N49: ='SA Data'!T49 -> 129.11506 | O49: =(N49/N48-1)*100 -> 0.033156649 | P49: =(AVERAGE(N47:N49)/AVERAGE(N44:N46)-1)*100 -> 2.1211303 | Q49: =((AVERAGE(N47:N49)/AVERAGE(N44:N46))^4-1)*100 -> 8.7583106 | R49: =IFERROR(('SA Data'!X49/'SA Data'!X37-1)*100,"") -> 9.1862658 | S49: =IFERROR((AVERAGE('SA Data'!X43:X49)/AVERAGE('SA Data'!X31:X37)-1)*100,"") -> 9.3300381
A50: 39325 | B50: ='SA Data'!R50 -> 104.77623 | C50: =(B50/B49-1)*100 -> -3.4774041 | D50: =(AVERAGE(B48:B50)/AVERAGE(B45:B47)-1)*100 -> -3.1515686 | E50: =((AVERAGE(B48:B50)/AVERAGE(B45:B47))^4-1)*100 -> -12.022754 | F50: =IFERROR(('SA Data'!V50/'SA Data'!V38-1)*100,"") -> -2.1207307 | G50: =IFERROR((AVERAGE('SA Data'!V43:V50)/AVERAGE('SA Data'!V31:V38)-1)*100,"") -> 11.445317 | H50: ='SA Data'!S50 -> 126.25433 | I50: =(H50/H49-1)*100 -> 2.5324721 | J50: =(AVERAGE(H48:H50)/AVERAGE(H45:H47)-1)*100 -> 0.30562872 | K50: =((AVERAGE(H48:H50)/AVERAGE(H45:H47))^4-1)*100 -> 1.2281308 | L50: =IFERROR(('SA Data'!W50/'SA Data'!W38-1)*100,"") -> 6.8092401 | M50: =IFERROR((AVERAGE('SA Data'!W43:W50)/AVERAGE('SA Data'!W31:W38)-1)*100,"") -> 6.3689692 | N50: ='SA Data'!T50 -> 130.68914 | O50: =(N50/N49-1)*100 -> 1.2191305 | P50: =(AVERAGE(N48:N50)/AVERAGE(N45:N47)-1)*100 -> 2.0200725 | Q50: =((AVERAGE(N48:N50)/AVERAGE(N45:N47))^4-1)*100 -> 8.3284457 | R50: =IFERROR(('SA Data'!X50/'SA Data'!X38-1)*100,"") -> 9.0710481 | S50: =IFERROR((AVERAGE('SA Data'!X43:X50)/AVERAGE('SA Data'!X31:X38)-1)*100,"") -> 9.2965836
A51: 39355 | B51: ='SA Data'!R51 -> 102.35162 | C51: =(B51/B50-1)*100 -> -2.3140863 | D51: =(AVERAGE(B49:B51)/AVERAGE(B46:B48)-1)*100 -> -9.6151861 | E51: =((AVERAGE(B49:B51)/AVERAGE(B46:B48))^4-1)*100 -> -33.260665 | F51: =IFERROR(('SA Data'!V51/'SA Data'!V39-1)*100,"") -> -4.1568343 | G51: =IFERROR((AVERAGE('SA Data'!V43:V51)/AVERAGE('SA Data'!V31:V39)-1)*100,"") -> 10.545965 | H51: ='SA Data'!S51 -> 126.66131 | I51: =(H51/H50-1)*100 -> 0.32234752 | J51: =(AVERAGE(H49:H51)/AVERAGE(H46:H48)-1)*100 -> 0.70543581 | K51: =((AVERAGE(H49:H51)/AVERAGE(H46:H48))^4-1)*100 -> 2.8517423 | L51: =IFERROR(('SA Data'!W51/'SA Data'!W39-1)*100,"") -> 8.1618035 | M51: =IFERROR((AVERAGE('SA Data'!W43:W51)/AVERAGE('SA Data'!W31:W39)-1)*100,"") -> 6.5757716 | N51: ='SA Data'!T51 -> 129.66972 | O51: =(N51/N50-1)*100 -> -0.78003539 | P51: =(AVERAGE(N49:N51)/AVERAGE(N46:N48)-1)*100 -> 1.6940184 | Q51: =((AVERAGE(N49:N51)/AVERAGE(N46:N48))^4-1)*100 -> 6.9502081 | R51: =IFERROR(('SA Data'!X51/'SA Data'!X39-1)*100,"") -> 8.0827496 | S51: =IFERROR((AVERAGE('SA Data'!X43:X51)/AVERAGE('SA Data'!X31:X39)-1)*100,"") -> 9.1587841
A52: 39386 | B52: ='SA Data'!R52 -> 105.87448 | C52: =(B52/B51-1)*100 -> 3.4419217 | D52: =(AVERAGE(B50:B52)/AVERAGE(B47:B49)-1)*100 -> -8.6177083 | E52: =((AVERAGE(B50:B52)/AVERAGE(B47:B49))^4-1)*100 -> -30.265421 | F52: =IFERROR(('SA Data'!V52/'SA Data'!V40-1)*100,"") -> 5.0446475 | G52: =IFERROR((AVERAGE('SA Data'!V43:V52)/AVERAGE('SA Data'!V31:V40)-1)*100,"") -> 10.262319 | H52: ='SA Data'!S52 -> 129.47357 | I52: =(H52/H51-1)*100 -> 2.2202996 | J52: =(AVERAGE(H50:H52)/AVERAGE(H47:H49)-1)*100 -> 2.4400649 | K52: =((AVERAGE(H50:H52)/AVERAGE(H47:H49))^4-1)*100 -> 10.123341 | L52: =IFERROR(('SA Data'!W52/'SA Data'!W40-1)*100,"") -> 10.017419 | M52: =IFERROR((AVERAGE('SA Data'!W43:W52)/AVERAGE('SA Data'!W31:W40)-1)*100,"") -> 6.9381441 | N52: ='SA Data'!T52 -> 132.18156 | O52: =(N52/N51-1)*100 -> 1.9371075 | P52: =(AVERAGE(N50:N52)/AVERAGE(N47:N49)-1)*100 -> 1.6347664 | Q52: =((AVERAGE(N50:N52)/AVERAGE(N47:N49))^4-1)*100 -> 6.7011679 | R52: =IFERROR(('SA Data'!X52/'SA Data'!X40-1)*100,"") -> 9.8410853 | S52: =IFERROR((AVERAGE('SA Data'!X43:X52)/AVERAGE('SA Data'!X31:X40)-1)*100,"") -> 9.2288356
A53: 39416 | B53: ='SA Data'!R53 -> 106.1844 | C53: =(B53/B52-1)*100 -> 0.29271995 | D53: =(AVERAGE(B51:B53)/AVERAGE(B48:B50)-1)*100 -> -4.7270369 | E53: =((AVERAGE(B51:B53)/AVERAGE(B48:B50))^4-1)*100 -> -17.609206 | F53: =IFERROR(('SA Data'!V53/'SA Data'!V41-1)*100,"") -> 4.6519125 | G53: =IFERROR((AVERAGE('SA Data'!V43:V53)/AVERAGE('SA Data'!V31:V41)-1)*100,"") -> 9.9207729 | H53: ='SA Data'!S53 -> 130.71111 | I53: =(H53/H52-1)*100 -> 0.95581941 | J53: =(AVERAGE(H51:H53)/AVERAGE(H48:H50)-1)*100 -> 3.3254017 | K53: =((AVERAGE(H51:H53)/AVERAGE(H48:H50))^4-1)*100 -> 13.979936 | L53: =IFERROR(('SA Data'!W53/'SA Data'!W41-1)*100,"") -> 9.017494 | M53: =IFERROR((AVERAGE('SA Data'!W43:W53)/AVERAGE('SA Data'!W31:W41)-1)*100,"") -> 7.1349196 | N53: ='SA Data'!T53 -> 133.53208 | O53: =(N53/N52-1)*100 -> 1.0217145 | P53: =(AVERAGE(N51:N53)/AVERAGE(N48:N50)-1)*100 -> 1.6732552 | Q53: =((AVERAGE(N51:N53)/AVERAGE(N48:N50))^4-1)*100 -> 6.8628895 | R53: =IFERROR(('SA Data'!X53/'SA Data'!X41-1)*100,"") -> 8.8682729 | S53: =IFERROR((AVERAGE('SA Data'!X43:X53)/AVERAGE('SA Data'!X31:X41)-1)*100,"") -> 9.1947819
A54: 39447 | B54: ='SA Data'!R54 -> 108.58719 | C54: =(B54/B53-1)*100 -> 2.2628483 | D54: =(AVERAGE(B52:B54)/AVERAGE(B49:B51)-1)*100 -> 1.5735073 | E54: =((AVERAGE(B52:B54)/AVERAGE(B49:B51))^4-1)*100 -> 6.4441493 | F54: =IFERROR(('SA Data'!V54/'SA Data'!V42-1)*100,"") -> -1.8798165 | G54: =IFERROR((AVERAGE('SA Data'!V43:V54)/AVERAGE('SA Data'!V31:V42)-1)*100,"") -> 9.1054184 | H54: ='SA Data'!S54 -> 131.14308 | I54: =(H54/H53-1)*100 -> 0.33048386 | J54: =(AVERAGE(H52:H54)/AVERAGE(H49:H51)-1)*100 -> 4.0622529 | K54: =((AVERAGE(H52:H54)/AVERAGE(H49:H51))^4-1)*100 -> 17.266212 | L54: =IFERROR(('SA Data'!W54/'SA Data'!W42-1)*100,"") -> 7.8097135 | M54: =IFERROR((AVERAGE('SA Data'!W43:W54)/AVERAGE('SA Data'!W31:W42)-1)*100,"") -> 7.1922206 | N54: ='SA Data'!T54 -> 132.78911 | O54: =(N54/N53-1)*100 -> -0.55639807 | P54: =(AVERAGE(N52:N54)/AVERAGE(N49:N51)-1)*100 -> 2.3182118 | Q54: =((AVERAGE(N52:N54)/AVERAGE(N49:N51))^4-1)*100 -> 9.6003056 | R54: =IFERROR(('SA Data'!X54/'SA Data'!X42-1)*100,"") -> 7.4138474 | S54: =IFERROR((AVERAGE('SA Data'!X43:X54)/AVERAGE('SA Data'!X31:X42)-1)*100,"") -> 9.0415848
A55: 39478 | B55: ='SA Data'!R55 -> 104.99996 | C55: =(B55/B54-1)*100 -> -3.3035434 | D55: =(AVERAGE(B53:B55)/AVERAGE(B50:B52)-1)*100 -> 2.1626735 | E55: =((AVERAGE(B53:B55)/AVERAGE(B50:B52))^4-1)*100 -> 8.9353915 | F55: =IFERROR(('SA Data'!V55/'SA Data'!V43-1)*100,"") -> -5.1564554 | G55: =IFERROR((AVERAGE('SA Data'!V55:V55)/AVERAGE('SA Data'!V43:V43)-1)*100,"") -> -5.1564554 | H55: ='SA Data'!S55 -> 133.27724 | I55: =(H55/H54-1)*100 -> 1.6273486 | J55: =(AVERAGE(H53:H55)/AVERAGE(H50:H52)-1)*100 -> 3.3322626 | K55: =((AVERAGE(H53:H55)/AVERAGE(H50:H52))^4-1)*100 -> 14.010213 | L55: =IFERROR(('SA Data'!W55/'SA Data'!W43-1)*100,"") -> 9.1439972 | M55: =IFERROR((AVERAGE('SA Data'!W55:W55)/AVERAGE('SA Data'!W43:W43)-1)*100,"") -> 9.1439972 | N55: ='SA Data'!T55 -> 134.961 | O55: =(N55/N54-1)*100 -> 1.6355912 | P55: =(AVERAGE(N53:N55)/AVERAGE(N50:N52)-1)*100 -> 2.2269716 | Q55: =((AVERAGE(N53:N55)/AVERAGE(N50:N52))^4-1)*100 -> 9.2098931 | R55: =IFERROR(('SA Data'!X55/'SA Data'!X43-1)*100,"") -> 7.9703763 | S55: =IFERROR((AVERAGE('SA Data'!X55:X55)/AVERAGE('SA Data'!X43:X43)-1)*100,"") -> 7.9703763
A56: 39507 | B56: ='SA Data'!R56 -> 104.46361 | C56: =(B56/B55-1)*100 -> -0.51081137 | D56: =(AVERAGE(B54:B56)/AVERAGE(B51:B53)-1)*100 -> 1.1578073 | E56: =((AVERAGE(B54:B56)/AVERAGE(B51:B53))^4-1)*100 -> 4.7122831 | F56: =IFERROR(('SA Data'!V56/'SA Data'!V44-1)*100,"") -> -1.7722295 | G56: =IFERROR((AVERAGE('SA Data'!V55:V56)/AVERAGE('SA Data'!V43:V44)-1)*100,"") -> -3.4627915 | H56: ='SA Data'!S56 -> 133.65788 | I56: =(H56/H55-1)*100 -> 0.28560336 | J56: =(AVERAGE(H54:H56)/AVERAGE(H51:H53)-1)*100 -> 2.9035378 | K56: =((AVERAGE(H54:H56)/AVERAGE(H51:H53))^4-1)*100 -> 12.129846 | L56: =IFERROR(('SA Data'!W56/'SA Data'!W44-1)*100,"") -> 8.022625 | M56: =IFERROR((AVERAGE('SA Data'!W55:W56)/AVERAGE('SA Data'!W43:W44)-1)*100,"") -> 8.5844133 | N56: ='SA Data'!T56 -> 136.02947 | O56: =(N56/N55-1)*100 -> 0.79168773 | P56: =(AVERAGE(N54:N56)/AVERAGE(N51:N53)-1)*100 -> 2.1235623 | Q56: =((AVERAGE(N54:N56)/AVERAGE(N51:N53))^4-1)*100 -> 8.7686711 | R56: =IFERROR(('SA Data'!X56/'SA Data'!X44-1)*100,"") -> 8.4944708 | S56: =IFERROR((AVERAGE('SA Data'!X55:X56)/AVERAGE('SA Data'!X43:X44)-1)*100,"") -> 8.2301451
A57: 39538 | B57: ='SA Data'!R57 -> 108.13136 | C57: =(B57/B56-1)*100 -> 3.511033 | D57: =(AVERAGE(B55:B57)/AVERAGE(B52:B54)-1)*100 -> -0.95155603 | E57: =((AVERAGE(B55:B57)/AVERAGE(B52:B54))^4-1)*100 -> -3.7522404 | F57: =IFERROR(('SA Data'!V57/'SA Data'!V45-1)*100,"") -> -0.86900329 | G57: =IFERROR((AVERAGE('SA Data'!V55:V57)/AVERAGE('SA Data'!V43:V45)-1)*100,"") -> -2.1801255 | H57: ='SA Data'!S57 -> 130.02598 | I57: =(H57/H56-1)*100 -> -2.7173109 | J57: =(AVERAGE(H55:H57)/AVERAGE(H52:H54)-1)*100 -> 1.4395466 | K57: =((AVERAGE(H55:H57)/AVERAGE(H52:H54))^4-1)*100 -> 5.8837216 | L57: =IFERROR(('SA Data'!W57/'SA Data'!W45-1)*100,"") -> 2.8041219 | M57: =IFERROR((AVERAGE('SA Data'!W55:W57)/AVERAGE('SA Data'!W43:W45)-1)*100,"") -> 6.5124237 | N57: ='SA Data'!T57 -> 133.10749 | O57: =(N57/N56-1)*100 -> -2.1480472 | P57: =(AVERAGE(N55:N57)/AVERAGE(N52:N54)-1)*100 -> 1.4040559 | Q57: =((AVERAGE(N55:N57)/AVERAGE(N52:N54))^4-1)*100 -> 5.7356171 | R57: =IFERROR(('SA Data'!X57/'SA Data'!X45-1)*100,"") -> 3.9189445 | S57: =IFERROR((AVERAGE('SA Data'!X55:X57)/AVERAGE('SA Data'!X43:X45)-1)*100,"") -> 6.7329856
A58: 39568 | B58: ='SA Data'!R58 -> 115.71479 | C58: =(B58/B57-1)*100 -> 7.0131637 | D58: =(AVERAGE(B56:B58)/AVERAGE(B53:B55)-1)*100 -> 2.6701 | E58: =((AVERAGE(B56:B58)/AVERAGE(B53:B55))^4-1)*100 -> 11.115831 | F58: =IFERROR(('SA Data'!V58/'SA Data'!V46-1)*100,"") -> -0.80080153 | G58: =IFERROR((AVERAGE('SA Data'!V55:V58)/AVERAGE('SA Data'!V43:V46)-1)*100,"") -> -1.5647583 | H58: ='SA Data'!S58 -> 134.46285 | I58: =(H58/H57-1)*100 -> 3.4122908 | J58: =(AVERAGE(H56:H58)/AVERAGE(H53:H55)-1)*100 -> 0.7631097 | K58: =((AVERAGE(H56:H58)/AVERAGE(H53:H55))^4-1)*100 -> 3.0875571 | L58: =IFERROR(('SA Data'!W58/'SA Data'!W46-1)*100,"") -> 9.0567662 | M58: =IFERROR((AVERAGE('SA Data'!W55:W58)/AVERAGE('SA Data'!W43:W46)-1)*100,"") -> 7.1700836 | N58: ='SA Data'!T58 -> 137.87493 | O58: =(N58/N57-1)*100 -> 3.5816457 | P58: =(AVERAGE(N56:N58)/AVERAGE(N53:N55)-1)*100 -> 1.4278474 | Q58: =((AVERAGE(N56:N58)/AVERAGE(N53:N55))^4-1)*100 -> 5.8348832 | R58: =IFERROR(('SA Data'!X58/'SA Data'!X46-1)*100,"") -> 9.84434 | S58: =IFERROR((AVERAGE('SA Data'!X55:X58)/AVERAGE('SA Data'!X43:X46)-1)*100,"") -> 7.5212897
A59: 39599 | B59: ='SA Data'!R59 -> 115.55587 | C59: =(B59/B58-1)*100 -> -0.13734172 | D59: =(AVERAGE(B57:B59)/AVERAGE(B54:B56)-1)*100 -> 6.7131616 | E59: =((AVERAGE(B57:B59)/AVERAGE(B54:B56))^4-1)*100 -> 29.679685 | F59: =IFERROR(('SA Data'!V59/'SA Data'!V47-1)*100,"") -> -2.3438767 | G59: =IFERROR((AVERAGE('SA Data'!V55:V59)/AVERAGE('SA Data'!V43:V47)-1)*100,"") -> -1.8745692 | H59: ='SA Data'!S59 -> 132.17601 | I59: =(H59/H58-1)*100 -> -1.7007175 | J59: =(AVERAGE(H57:H59)/AVERAGE(H54:H56)-1)*100 -> -0.35504609 | K59: =((AVERAGE(H57:H59)/AVERAGE(H54:H56))^4-1)*100 -> -1.4126388 | L59: =IFERROR(('SA Data'!W59/'SA Data'!W47-1)*100,"") -> 5.2752078 | M59: =IFERROR((AVERAGE('SA Data'!W55:W59)/AVERAGE('SA Data'!W43:W47)-1)*100,"") -> 6.7720813 | N59: ='SA Data'!T59 -> 137.108 | O59: =(N59/N58-1)*100 -> -0.55625054 | P59: =(AVERAGE(N57:N59)/AVERAGE(N54:N56)-1)*100 -> 1.0676226 | Q59: =((AVERAGE(N57:N59)/AVERAGE(N54:N56))^4-1)*100 -> 4.3393677 | R59: =IFERROR(('SA Data'!X59/'SA Data'!X47-1)*100,"") -> 6.8539327 | S59: =IFERROR((AVERAGE('SA Data'!X55:X59)/AVERAGE('SA Data'!X43:X47)-1)*100,"") -> 7.3823147
A60: 39629 | B60: ='SA Data'!R60 -> 113.80045 | C60: =(B60/B59-1)*100 -> -1.5191087 | D60: =(AVERAGE(B58:B60)/AVERAGE(B55:B57)-1)*100 -> 8.6513255 | E60: =((AVERAGE(B58:B60)/AVERAGE(B55:B57))^4-1)*100 -> 39.360635 | F60: =IFERROR(('SA Data'!V60/'SA Data'!V48-1)*100,"") -> -3.2800452 | G60: =IFERROR((AVERAGE('SA Data'!V55:V60)/AVERAGE('SA Data'!V43:V48)-1)*100,"") -> -2.1690469 | H60: ='SA Data'!S60 -> 130.22014 | I60: =(H60/H59-1)*100 -> -1.4797491 | J60: =(AVERAGE(H58:H60)/AVERAGE(H55:H57)-1)*100 -> -0.025720956 | K60: =((AVERAGE(H58:H60)/AVERAGE(H55:H57))^4-1)*100 -> -0.10284414 | L60: =IFERROR(('SA Data'!W60/'SA Data'!W48-1)*100,"") -> 3.9765122 | M60: =IFERROR((AVERAGE('SA Data'!W55:W60)/AVERAGE('SA Data'!W43:W48)-1)*100,"") -> 6.2991874 | N60: ='SA Data'!T60 -> 134.77932 | O60: =(N60/N59-1)*100 -> -1.6984264 | P60: =(AVERAGE(N58:N60)/AVERAGE(N55:N57)-1)*100 -> 1.4017128 | Q60: =((AVERAGE(N58:N60)/AVERAGE(N55:N57))^4-1)*100 -> 5.7258447 | R60: =IFERROR(('SA Data'!X60/'SA Data'!X48-1)*100,"") -> 4.4155949 | S60: =IFERROR((AVERAGE('SA Data'!X55:X60)/AVERAGE('SA Data'!X43:X48)-1)*100,"") -> 6.8709686
A61: 39660 | B61: ='SA Data'!R61 -> 108.31633 | C61: =(B61/B60-1)*100 -> -4.8190654 | D61: =(AVERAGE(B59:B61)/AVERAGE(B56:B58)-1)*100 -> 2.8518434 | E61: =((AVERAGE(B59:B61)/AVERAGE(B56:B58))^4-1)*100 -> 11.904698 | F61: =IFERROR(('SA Data'!V61/'SA Data'!V49-1)*100,"") -> 1.4130479 | G61: =IFERROR((AVERAGE('SA Data'!V55:V61)/AVERAGE('SA Data'!V43:V49)-1)*100,"") -> -1.8277841 | H61: ='SA Data'!S61 -> 132.86882 | I61: =(H61/H60-1)*100 -> 2.0340045 | J61: =(AVERAGE(H59:H61)/AVERAGE(H56:H58)-1)*100 -> -0.72378694 | K61: =((AVERAGE(H59:H61)/AVERAGE(H56:H58))^4-1)*100 -> -2.8638671 | L61: =IFERROR(('SA Data'!W61/'SA Data'!W49-1)*100,"") -> 9.0992203 | M61: =IFERROR((AVERAGE('SA Data'!W55:W61)/AVERAGE('SA Data'!W43:W49)-1)*100,"") -> 6.707001 | N61: ='SA Data'!T61 -> 137.4825 | O61: =(N61/N60-1)*100 -> 2.0056354 | P61: =(AVERAGE(N59:N61)/AVERAGE(N56:N58)-1)*100 -> 0.57932824 | Q61: =((AVERAGE(N59:N61)/AVERAGE(N56:N58))^4-1)*100 -> 2.3375281 | R61: =IFERROR(('SA Data'!X61/'SA Data'!X49-1)*100,"") -> 6.7518994 | S61: =IFERROR((AVERAGE('SA Data'!X55:X61)/AVERAGE('SA Data'!X43:X49)-1)*100,"") -> 6.8534963
A62: 39691 | B62: ='SA Data'!R62 -> 104.64381 | C62: =(B62/B61-1)*100 -> -3.3905484 | D62: =(AVERAGE(B60:B62)/AVERAGE(B57:B59)-1)*100 -> -3.7246187 | E62: =((AVERAGE(B60:B62)/AVERAGE(B57:B59))^4-1)*100 -> -14.086584 | F62: =IFERROR(('SA Data'!V62/'SA Data'!V50-1)*100,"") -> 1.7940389 | G62: =IFERROR((AVERAGE('SA Data'!V55:V62)/AVERAGE('SA Data'!V43:V50)-1)*100,"") -> -1.6187396 | H62: ='SA Data'!S62 -> 129.99233 | I62: =(H62/H61-1)*100 -> -2.1649103 | J62: =(AVERAGE(H60:H62)/AVERAGE(H57:H59)-1)*100 -> -0.90341903 | K62: =((AVERAGE(H60:H62)/AVERAGE(H57:H59))^4-1)*100 -> -3.5650004 | L62: =IFERROR(('SA Data'!W62/'SA Data'!W50-1)*100,"") -> 3.7997181 | M62: =IFERROR((AVERAGE('SA Data'!W55:W62)/AVERAGE('SA Data'!W43:W50)-1)*100,"") -> 6.3264161 | N62: ='SA Data'!T62 -> 136.0332 | O62: =(N62/N61-1)*100 -> -1.0541698 | P62: =(AVERAGE(N60:N62)/AVERAGE(N57:N59)-1)*100 -> 0.050137806 | Q62: =((AVERAGE(N60:N62)/AVERAGE(N57:N59))^4-1)*100 -> 0.2007021 | R62: =IFERROR(('SA Data'!X62/'SA Data'!X50-1)*100,"") -> 4.1517925 | S62: =IFERROR((AVERAGE('SA Data'!X55:X62)/AVERAGE('SA Data'!X43:X50)-1)*100,"") -> 6.5052291
A63: 39721 | B63: ='SA Data'!R63 -> 104.44484 | C63: =(B63/B62-1)*100 -> -0.19014631 | D63: =(AVERAGE(B61:B63)/AVERAGE(B58:B60)-1)*100 -> -8.0175152 | E63: =((AVERAGE(B61:B63)/AVERAGE(B58:B60))^4-1)*100 -> -28.415244 | F63: =IFERROR(('SA Data'!V63/'SA Data'!V51-1)*100,"") -> 4.4001885 | G63: =IFERROR((AVERAGE('SA Data'!V55:V63)/AVERAGE('SA Data'!V43:V51)-1)*100,"") -> -1.3179361 | H63: ='SA Data'!S63 -> 132.23684 | I63: =(H63/H62-1)*100 -> 1.7266426 | J63: =(AVERAGE(H61:H63)/AVERAGE(H58:H60)-1)*100 -> -0.44373646 | K63: =((AVERAGE(H61:H63)/AVERAGE(H58:H60))^4-1)*100 -> -1.7631666 | L63: =IFERROR(('SA Data'!W63/'SA Data'!W51-1)*100,"") -> 5.7747964 | M63: =IFERROR((AVERAGE('SA Data'!W55:W63)/AVERAGE('SA Data'!W43:W51)-1)*100,"") -> 6.2618402 | N63: ='SA Data'!T63 -> 136.84887 | O63: =(N63/N62-1)*100 -> 0.59961002 | P63: =(AVERAGE(N61:N63)/AVERAGE(N58:N60)-1)*100 -> 0.14699475 | Q63: =((AVERAGE(N61:N63)/AVERAGE(N58:N60))^4-1)*100 -> 0.58927671 | R63: =IFERROR(('SA Data'!X63/'SA Data'!X51-1)*100,"") -> 6.236596 | S63: =IFERROR((AVERAGE('SA Data'!X55:X63)/AVERAGE('SA Data'!X43:X51)-1)*100,"") -> 6.4750333
A64: 39752 | B64: ='SA Data'!R64 -> 103.38824 | C64: =(B64/B63-1)*100 -> -1.0116264 | D64: =(AVERAGE(B62:B64)/AVERAGE(B59:B61)-1)*100 -> -7.4615912 | E64: =((AVERAGE(B62:B64)/AVERAGE(B59:B61))^4-1)*100 -> -26.668915 | F64: =IFERROR(('SA Data'!V64/'SA Data'!V52-1)*100,"") -> 0.39360479 | G64: =IFERROR((AVERAGE('SA Data'!V55:V64)/AVERAGE('SA Data'!V43:V52)-1)*100,"") -> -1.2338657 | H64: ='SA Data'!S64 -> 126.90865 | I64: =(H64/H63-1)*100 -> -4.0292722 | J64: =(AVERAGE(H62:H64)/AVERAGE(H59:H61)-1)*100 -> -1.5501386 | K64: =((AVERAGE(H62:H64)/AVERAGE(H59:H61))^4-1)*100 -> -6.0578627 | L64: =IFERROR(('SA Data'!W64/'SA Data'!W52-1)*100,"") -> -1.4410273 | M64: =IFERROR((AVERAGE('SA Data'!W55:W64)/AVERAGE('SA Data'!W43:W52)-1)*100,"") -> 5.4274482 | N64: ='SA Data'!T64 -> 135.93531 | O64: =(N64/N63-1)*100 -> -0.66756687 | P64: =(AVERAGE(N62:N64)/AVERAGE(N59:N61)-1)*100 -> -0.13494697 | Q64: =((AVERAGE(N62:N64)/AVERAGE(N59:N61))^4-1)*100 -> -0.53869623 | R64: =IFERROR(('SA Data'!X64/'SA Data'!X52-1)*100,"") -> 3.1482352 | S64: =IFERROR((AVERAGE('SA Data'!X55:X64)/AVERAGE('SA Data'!X43:X52)-1)*100,"") -> 6.1315584
A65: 39782 | B65: ='SA Data'!R65 -> 100.04331 | C65: =(B65/B64-1)*100 -> -3.2353095 | D65: =(AVERAGE(B63:B65)/AVERAGE(B60:B62)-1)*100 -> -5.7792144 | E65: =((AVERAGE(B63:B65)/AVERAGE(B60:B62))^4-1)*100 -> -21.188992 | F65: =IFERROR(('SA Data'!V65/'SA Data'!V53-1)*100,"") -> -4.2864342 | G65: =IFERROR((AVERAGE('SA Data'!V55:V65)/AVERAGE('SA Data'!V43:V53)-1)*100,"") -> -1.4107903 | H65: ='SA Data'!S65 -> 122.95398 | I65: =(H65/H64-1)*100 -> -3.1161614 | J65: =(AVERAGE(H63:H65)/AVERAGE(H60:H62)-1)*100 -> -2.7937813 | K65: =((AVERAGE(H63:H65)/AVERAGE(H60:H62))^4-1)*100 -> -10.715474 | L65: =IFERROR(('SA Data'!W65/'SA Data'!W53-1)*100,"") -> -5.9167739 | M65: =IFERROR((AVERAGE('SA Data'!W55:W65)/AVERAGE('SA Data'!W43:W53)-1)*100,"") -> 4.3350443 | N65: ='SA Data'!T65 -> 132.81279 | O65: =(N65/N64-1)*100 -> -2.2970629 | P65: =(AVERAGE(N63:N65)/AVERAGE(N60:N62)-1)*100 -> -0.66080773 | Q65: =((AVERAGE(N63:N65)/AVERAGE(N60:N62))^4-1)*100 -> -2.6171462 | R65: =IFERROR(('SA Data'!X65/'SA Data'!X53-1)*100,"") -> -0.6349455 | S65: =IFERROR((AVERAGE('SA Data'!X55:X65)/AVERAGE('SA Data'!X43:X53)-1)*100,"") -> 5.4944002
A66: 39813 | B66: ='SA Data'!R66 -> 93.460343 | C66: =(B66/B65-1)*100 -> -6.5801221 | D66: =(AVERAGE(B64:B66)/AVERAGE(B61:B63)-1)*100 -> -6.4627457 | E66: =((AVERAGE(B64:B66)/AVERAGE(B61:B63))^4-1)*100 -> -23.451185 | F66: =IFERROR(('SA Data'!V66/'SA Data'!V54-1)*100,"") -> -16.904562 | G66: =IFERROR((AVERAGE('SA Data'!V55:V66)/AVERAGE('SA Data'!V43:V54)-1)*100,"") -> -2.3735368 | H66: ='SA Data'!S66 -> 121.29802 | I66: =(H66/H65-1)*100 -> -1.3468121 | J66: =(AVERAGE(H64:H66)/AVERAGE(H61:H63)-1)*100 -> -6.0585848 | K66: =((AVERAGE(H64:H66)/AVERAGE(H61:H63))^4-1)*100 -> -22.11956 | L66: =IFERROR(('SA Data'!W66/'SA Data'!W54-1)*100,"") -> -7.8631226 | M66: =IFERROR((AVERAGE('SA Data'!W55:W66)/AVERAGE('SA Data'!W43:W54)-1)*100,"") -> 3.2932529 | N66: ='SA Data'!T66 -> 133.41823 | O66: =(N66/N65-1)*100 -> 0.45585761 | P66: =(AVERAGE(N64:N66)/AVERAGE(N61:N63)-1)*100 -> -1.9977935 | Q66: =((AVERAGE(N64:N66)/AVERAGE(N61:N63))^4-1)*100 -> -7.7548767 | R66: =IFERROR(('SA Data'!X66/'SA Data'!X54-1)*100,"") -> 0.57334468 | S66: =IFERROR((AVERAGE('SA Data'!X55:X66)/AVERAGE('SA Data'!X43:X54)-1)*100,"") -> 5.0774071
A67: 39844 | B67: ='SA Data'!R67 -> 94.255404 | C67: =(B67/B66-1)*100 -> 0.85069393 | D67: =(AVERAGE(B65:B67)/AVERAGE(B62:B64)-1)*100 -> -7.910291 | E67: =((AVERAGE(B65:B67)/AVERAGE(B62:B64))^4-1)*100 -> -28.080874 | F67: =IFERROR(('SA Data'!V67/'SA Data'!V55-1)*100,"") -> -11.837296 | G67: =IFERROR((AVERAGE('SA Data'!V67:V67)/AVERAGE('SA Data'!V55:V55)-1)*100,"") -> -11.837296 | H67: ='SA Data'!S67 -> 118.02463 | I67: =(H67/H66-1)*100 -> -2.6986307 | J67: =(AVERAGE(H65:H67)/AVERAGE(H62:H64)-1)*100 -> -6.9027471 | K67: =((AVERAGE(H65:H67)/AVERAGE(H62:H64))^4-1)*100 -> -24.881404 | L67: =IFERROR(('SA Data'!W67/'SA Data'!W55-1)*100,"") -> -12.299555 | M67: =IFERROR((AVERAGE('SA Data'!W67:W67)/AVERAGE('SA Data'!W55:W55)-1)*100,"") -> -12.299555 | N67: ='SA Data'!T67 -> 131.95027 | O67: =(N67/N66-1)*100 -> -1.1002718 | P67: =(AVERAGE(N65:N67)/AVERAGE(N62:N64)-1)*100 -> -2.6016737 | Q67: =((AVERAGE(N65:N67)/AVERAGE(N62:N64))^4-1)*100 -> -10.007571 | R67: =IFERROR(('SA Data'!X67/'SA Data'!X55-1)*100,"") -> -2.5805016 | S67: =IFERROR((AVERAGE('SA Data'!X67:X67)/AVERAGE('SA Data'!X55:X55)-1)*100,"") -> -2.5805016
A68: 39872 | B68: ='SA Data'!R68 -> 94.426433 | C68: =(B68/B67-1)*100 -> 0.18145316 | D68: =(AVERAGE(B66:B68)/AVERAGE(B63:B65)-1)*100 -> -8.3586192 | E68: =((AVERAGE(B66:B68)/AVERAGE(B63:B65))^4-1)*100 -> -29.4712 | F68: =IFERROR(('SA Data'!V68/'SA Data'!V56-1)*100,"") -> -8.7145666 | G68: =IFERROR((AVERAGE('SA Data'!V67:V68)/AVERAGE('SA Data'!V55:V56)-1)*100,"") -> -10.247132 | H68: ='SA Data'!S68 -> 118.02411 | I68: =(H68/H67-1)*100 -> -0.00044517002 | J68: =(AVERAGE(H66:H68)/AVERAGE(H63:H65)-1)*100 -> -6.4780809 | K68: =((AVERAGE(H66:H68)/AVERAGE(H63:H65))^4-1)*100 -> -23.501373 | L68: =IFERROR(('SA Data'!W68/'SA Data'!W56-1)*100,"") -> -12.705094 | M68: =IFERROR((AVERAGE('SA Data'!W67:W68)/AVERAGE('SA Data'!W55:W56)-1)*100,"") -> -12.500879 | N68: ='SA Data'!T68 -> 131.99462 | O68: =(N68/N67-1)*100 -> 0.033614559 | P68: =(AVERAGE(N66:N68)/AVERAGE(N63:N65)-1)*100 -> -2.0300588 | Q68: =((AVERAGE(N66:N68)/AVERAGE(N63:N65))^4-1)*100 -> -7.8762964 | R68: =IFERROR(('SA Data'!X68/'SA Data'!X56-1)*100,"") -> -3.3171124 | S68: =IFERROR((AVERAGE('SA Data'!X67:X68)/AVERAGE('SA Data'!X55:X56)-1)*100,"") -> -2.9464963
A69: 39903 | B69: ='SA Data'!R69 -> 85.355824 | C69: =(B69/B68-1)*100 -> -9.6060062 | D69: =(AVERAGE(B67:B69)/AVERAGE(B64:B66)-1)*100 -> -7.6978321 | E69: =((AVERAGE(B67:B69)/AVERAGE(B64:B66))^4-1)*100 -> -27.414879 | F69: =IFERROR(('SA Data'!V69/'SA Data'!V57-1)*100,"") -> -20.618616 | G69: =IFERROR((AVERAGE('SA Data'!V67:V69)/AVERAGE('SA Data'!V55:V57)-1)*100,"") -> -15.444726 | H69: ='SA Data'!S69 -> 117.66966 | I69: =(H69/H68-1)*100 -> -0.30031788 | J69: =(AVERAGE(H67:H69)/AVERAGE(H64:H66)-1)*100 -> -4.6993806 | K69: =((AVERAGE(H67:H69)/AVERAGE(H64:H66))^4-1)*100 -> -17.513497 | L69: =IFERROR(('SA Data'!W69/'SA Data'!W57-1)*100,"") -> -9.9067267 | M69: =IFERROR((AVERAGE('SA Data'!W67:W69)/AVERAGE('SA Data'!W55:W57)-1)*100,"") -> -11.60336 | N69: ='SA Data'!T69 -> 132.23637 | O69: =(N69/N68-1)*100 -> 0.18314915 | P69: =(AVERAGE(N67:N69)/AVERAGE(N64:N66)-1)*100 -> -1.4882098 | Q69: =((AVERAGE(N67:N69)/AVERAGE(N64:N66))^4-1)*100 -> -5.8212665 | R69: =IFERROR(('SA Data'!X69/'SA Data'!X57-1)*100,"") -> -0.82696689 | S69: =IFERROR((AVERAGE('SA Data'!X67:X69)/AVERAGE('SA Data'!X55:X57)-1)*100,"") -> -2.2298492
A70: 39933 | B70: ='SA Data'!R70 -> 69.998474 | C70: =(B70/B69-1)*100 -> -17.992153 | D70: =(AVERAGE(B68:B70)/AVERAGE(B65:B67)-1)*100 -> -13.197961 | E70: =((AVERAGE(B68:B70)/AVERAGE(B65:B67))^4-1)*100 -> -43.229894 | F70: =IFERROR(('SA Data'!V70/'SA Data'!V58-1)*100,"") -> -40.423065 | G70: =IFERROR((AVERAGE('SA Data'!V67:V70)/AVERAGE('SA Data'!V55:V58)-1)*100,"") -> -26.674969 | H70: ='SA Data'!S70 -> 117.47961 | I70: =(H70/H69-1)*100 -> -0.16151358 | J70: =(AVERAGE(H68:H70)/AVERAGE(H65:H67)-1)*100 -> -2.5127908 | K70: =((AVERAGE(H68:H70)/AVERAGE(H65:H67))^4-1)*100 -> -9.6786227 | L70: =IFERROR(('SA Data'!W70/'SA Data'!W58-1)*100,"") -> -12.888721 | M70: =IFERROR((AVERAGE('SA Data'!W67:W70)/AVERAGE('SA Data'!W55:W58)-1)*100,"") -> -11.941448 | N70: ='SA Data'!T70 -> 131.65456 | O70: =(N70/N69-1)*100 -> -0.43997747 | P70: =(AVERAGE(N68:N70)/AVERAGE(N65:N67)-1)*100 -> -0.57655693 | Q70: =((AVERAGE(N68:N70)/AVERAGE(N65:N67))^4-1)*100 -> -2.2863592 | R70: =IFERROR(('SA Data'!X70/'SA Data'!X58-1)*100,"") -> -4.6208632 | S70: =IFERROR((AVERAGE('SA Data'!X67:X70)/AVERAGE('SA Data'!X55:X58)-1)*100,"") -> -2.8487338
A71: 39964 | B71: ='SA Data'!R71 -> 68.237629 | C71: =(B71/B70-1)*100 -> -2.5155484 | D71: =(AVERAGE(B69:B71)/AVERAGE(B66:B68)-1)*100 -> -20.752038 | E71: =((AVERAGE(B69:B71)/AVERAGE(B66:B68))^4-1)*100 -> -60.558593 | F71: =IFERROR(('SA Data'!V71/'SA Data'!V59-1)*100,"") -> -41.799606 | G71: =IFERROR((AVERAGE('SA Data'!V67:V71)/AVERAGE('SA Data'!V55:V59)-1)*100,"") -> -32.660409 | H71: ='SA Data'!S71 -> 117.03395 | I71: =(H71/H70-1)*100 -> -0.37935015 | J71: =(AVERAGE(H69:H71)/AVERAGE(H66:H68)-1)*100 -> -1.444967 | K71: =((AVERAGE(H69:H71)/AVERAGE(H66:H68))^4-1)*100 -> -5.6557948 | L71: =IFERROR(('SA Data'!W71/'SA Data'!W59-1)*100,"") -> -11.476282 | M71: =IFERROR((AVERAGE('SA Data'!W67:W71)/AVERAGE('SA Data'!W55:W59)-1)*100,"") -> -11.845114 | N71: ='SA Data'!T71 -> 131.02029 | O71: =(N71/N70-1)*100 -> -0.48176868 | P71: =(AVERAGE(N69:N71)/AVERAGE(N66:N68)-1)*100 -> -0.61704368 | Q71: =((AVERAGE(N69:N71)/AVERAGE(N66:N68))^4-1)*100 -> -2.445424 | R71: =IFERROR(('SA Data'!X71/'SA Data'!X59-1)*100,"") -> -4.6335946 | S71: =IFERROR((AVERAGE('SA Data'!X67:X71)/AVERAGE('SA Data'!X55:X59)-1)*100,"") -> -3.2185966
A72: 39994 | B72: ='SA Data'!R72 -> 70.11367 | C72: =(B72/B71-1)*100 -> 2.7492773 | D72: =(AVERAGE(B70:B72)/AVERAGE(B67:B69)-1)*100 -> -23.970387 | E72: =((AVERAGE(B70:B72)/AVERAGE(B67:B69))^4-1)*100 -> -66.585797 | F72: =IFERROR(('SA Data'!V72/'SA Data'!V60-1)*100,"") -> -38.97913 | G72: =IFERROR((AVERAGE('SA Data'!V67:V72)/AVERAGE('SA Data'!V55:V60)-1)*100,"") -> -33.969283 | H72: ='SA Data'!S72 -> 118.68438 | I72: =(H72/H71-1)*100 -> 1.4102137 | J72: =(AVERAGE(H70:H72)/AVERAGE(H67:H69)-1)*100 -> -0.14714168 | K72: =((AVERAGE(H70:H72)/AVERAGE(H67:H69))^4-1)*100 -> -0.58726896 | L72: =IFERROR(('SA Data'!W72/'SA Data'!W60-1)*100,"") -> -8.2253856 | M72: =IFERROR((AVERAGE('SA Data'!W67:W72)/AVERAGE('SA Data'!W55:W60)-1)*100,"") -> -11.246186 | N72: ='SA Data'!T72 -> 132.8737 | O72: =(N72/N71-1)*100 -> 1.4145967 | P72: =(AVERAGE(N70:N72)/AVERAGE(N67:N69)-1)*100 -> -0.15970324 | Q72: =((AVERAGE(N70:N72)/AVERAGE(N67:N69))^4-1)*100 -> -0.6372843 | R72: =IFERROR(('SA Data'!X72/'SA Data'!X60-1)*100,"") -> -1.0111011 | S72: =IFERROR((AVERAGE('SA Data'!X67:X72)/AVERAGE('SA Data'!X55:X60)-1)*100,"") -> -2.8468527
A73: 40025 | B73: ='SA Data'!R73 -> 86.779929 | C73: =(B73/B72-1)*100 -> 23.770342 | D73: =(AVERAGE(B71:B73)/AVERAGE(B68:B70)-1)*100 -> -9.8684569 | E73: =((AVERAGE(B71:B73)/AVERAGE(B68:B70))^4-1)*100 -> -34.005578 | F73: =IFERROR(('SA Data'!V73/'SA Data'!V61-1)*100,"") -> -20.017975 | G73: =IFERROR((AVERAGE('SA Data'!V67:V73)/AVERAGE('SA Data'!V55:V61)-1)*100,"") -> -32.596279 | H73: ='SA Data'!S73 -> 120.61793 | I73: =(H73/H72-1)*100 -> 1.6291528 | J73: =(AVERAGE(H71:H73)/AVERAGE(H68:H70)-1)*100 -> 0.89555953 | K73: =((AVERAGE(H71:H73)/AVERAGE(H68:H70))^4-1)*100 -> 3.6306477 | L73: =IFERROR(('SA Data'!W73/'SA Data'!W61-1)*100,"") -> -8.8036279 | M73: =IFERROR((AVERAGE('SA Data'!W67:W73)/AVERAGE('SA Data'!W55:W61)-1)*100,"") -> -10.882461 | N73: ='SA Data'!T73 -> 133.11245 | O73: =(N73/N72-1)*100 -> 0.17968614 | P73: =(AVERAGE(N71:N73)/AVERAGE(N68:N70)-1)*100 -> 0.28313442 | Q73: =((AVERAGE(N71:N73)/AVERAGE(N68:N70))^4-1)*100 -> 1.1373567 | R73: =IFERROR(('SA Data'!X73/'SA Data'!X61-1)*100,"") -> -3.3517185 | S73: =IFERROR((AVERAGE('SA Data'!X67:X73)/AVERAGE('SA Data'!X55:X61)-1)*100,"") -> -2.9208665
A74: 40056 | B74: ='SA Data'!R74 -> 95.573617 | C74: =(B74/B73-1)*100 -> 10.13332 | D74: =(AVERAGE(B72:B74)/AVERAGE(B69:B71)-1)*100 -> 12.914281 | E74: =((AVERAGE(B72:B74)/AVERAGE(B69:B71))^4-1)*100 -> 62.553189 | F74: =IFERROR(('SA Data'!V74/'SA Data'!V62-1)*100,"") -> -8.8347343 | G74: =IFERROR((AVERAGE('SA Data'!V67:V74)/AVERAGE('SA Data'!V55:V62)-1)*100,"") -> -31.177233 | H74: ='SA Data'!S74 -> 119.06196 | I74: =(H74/H73-1)*100 -> -1.2899953 | J74: =(AVERAGE(H72:H74)/AVERAGE(H69:H71)-1)*100 -> 1.7550666 | K74: =((AVERAGE(H72:H74)/AVERAGE(H69:H71))^4-1)*100 -> 7.2072537 | L74: =IFERROR(('SA Data'!W74/'SA Data'!W62-1)*100,"") -> -7.9424564 | M74: =IFERROR((AVERAGE('SA Data'!W67:W74)/AVERAGE('SA Data'!W55:W62)-1)*100,"") -> -10.506739 | N74: ='SA Data'!T74 -> 133.15152 | O74: =(N74/N73-1)*100 -> 0.029347336 | P74: =(AVERAGE(N72:N74)/AVERAGE(N69:N71)-1)*100 -> 1.0702282 | Q74: =((AVERAGE(N72:N74)/AVERAGE(N69:N71))^4-1)*100 -> 4.3501277 | R74: =IFERROR(('SA Data'!X74/'SA Data'!X62-1)*100,"") -> -2.1055644 | S74: =IFERROR((AVERAGE('SA Data'!X67:X74)/AVERAGE('SA Data'!X55:X62)-1)*100,"") -> -2.8180911
A75: 40086 | B75: ='SA Data'!R75 -> 98.006693 | C75: =(B75/B74-1)*100 -> 2.5457613 | D75: =(AVERAGE(B73:B75)/AVERAGE(B70:B72)-1)*100 -> 34.562297 | E75: =((AVERAGE(B73:B75)/AVERAGE(B70:B72))^4-1)*100 -> 227.86387 | F75: =IFERROR(('SA Data'!V75/'SA Data'!V63-1)*100,"") -> -4.8935239 | G75: =IFERROR((AVERAGE('SA Data'!V67:V75)/AVERAGE('SA Data'!V55:V63)-1)*100,"") -> -29.787558 | H75: ='SA Data'!S75 -> 119.58143 | I75: =(H75/H74-1)*100 -> 0.43630368 | J75: =(AVERAGE(H73:H75)/AVERAGE(H70:H72)-1)*100 -> 1.7167112 | K75: =((AVERAGE(H73:H75)/AVERAGE(H70:H72))^4-1)*100 -> 7.0457033 | L75: =IFERROR(('SA Data'!W75/'SA Data'!W63-1)*100,"") -> -9.6104715 | M75: =IFERROR((AVERAGE('SA Data'!W67:W75)/AVERAGE('SA Data'!W55:W63)-1)*100,"") -> -10.402297 | N75: ='SA Data'!T75 -> 135.14851 | O75: =(N75/N74-1)*100 -> 1.4997934 | P75: =(AVERAGE(N73:N75)/AVERAGE(N70:N72)-1)*100 -> 1.4824833 | Q75: =((AVERAGE(N73:N75)/AVERAGE(N70:N72))^4-1)*100 -> 6.0631069 | R75: =IFERROR(('SA Data'!X75/'SA Data'!X63-1)*100,"") -> -0.93710238 | S75: =IFERROR((AVERAGE('SA Data'!X67:X75)/AVERAGE('SA Data'!X55:X63)-1)*100,"") -> -2.6071318
A76: 40117 | B76: ='SA Data'!R76 -> 95.518337 | C76: =(B76/B75-1)*100 -> -2.5389653 | D76: =(AVERAGE(B74:B76)/AVERAGE(B71:B73)-1)*100 -> 28.413393 | E76: =((AVERAGE(B74:B76)/AVERAGE(B71:B73))^4-1)*100 -> 171.92008 | F76: =IFERROR(('SA Data'!V76/'SA Data'!V64-1)*100,"") -> -6.0873518 | G76: =IFERROR((AVERAGE('SA Data'!V67:V76)/AVERAGE('SA Data'!V55:V64)-1)*100,"") -> -28.604227 | H76: ='SA Data'!S76 -> 123.50994 | I76: =(H76/H75-1)*100 -> 3.2852122 | J76: =(AVERAGE(H74:H76)/AVERAGE(H71:H73)-1)*100 -> 1.632469 | K76: =((AVERAGE(H74:H76)/AVERAGE(H71:H73))^4-1)*100 -> 6.6915207 | L76: =IFERROR(('SA Data'!W76/'SA Data'!W64-1)*100,"") -> -2.7949931 | M76: =IFERROR((AVERAGE('SA Data'!W67:W76)/AVERAGE('SA Data'!W55:W64)-1)*100,"") -> -9.6319422 | N76: ='SA Data'!T76 -> 135.61949 | O76: =(N76/N75-1)*100 -> 0.34848847 | P76: =(AVERAGE(N74:N76)/AVERAGE(N71:N73)-1)*100 -> 1.7413035 | Q76: =((AVERAGE(N74:N76)/AVERAGE(N71:N73))^4-1)*100 -> 7.1492634 | R76: =IFERROR(('SA Data'!X76/'SA Data'!X64-1)*100,"") -> -0.38339299 | S76: =IFERROR((AVERAGE('SA Data'!X67:X76)/AVERAGE('SA Data'!X55:X64)-1)*100,"") -> -2.3839958
A77: 40147 | B77: ='SA Data'!R77 -> 94.506014 | C77: =(B77/B76-1)*100 -> -1.0598212 | D77: =(AVERAGE(B75:B77)/AVERAGE(B72:B74)-1)*100 -> 14.086513 | E77: =((AVERAGE(B75:B77)/AVERAGE(B72:B74))^4-1)*100 -> 69.409292 | F77: =IFERROR(('SA Data'!V77/'SA Data'!V65-1)*100,"") -> -4.5588417 | G77: =IFERROR((AVERAGE('SA Data'!V67:V77)/AVERAGE('SA Data'!V55:V65)-1)*100,"") -> -27.251224 | H77: ='SA Data'!S77 -> 124.1976 | I77: =(H77/H76-1)*100 -> 0.55676659 | J77: =(AVERAGE(H75:H77)/AVERAGE(H72:H74)-1)*100 -> 2.4903999 | K77: =((AVERAGE(H75:H77)/AVERAGE(H72:H74))^4-1)*100 -> 10.339942 | L77: =IFERROR(('SA Data'!W77/'SA Data'!W65-1)*100,"") -> 1.2759762 | M77: =IFERROR((AVERAGE('SA Data'!W67:W77)/AVERAGE('SA Data'!W55:W65)-1)*100,"") -> -8.6847625 | N77: ='SA Data'!T77 -> 136.19599 | O77: =(N77/N76-1)*100 -> 0.42508373 | P77: =(AVERAGE(N75:N77)/AVERAGE(N72:N74)-1)*100 -> 1.9608094 | Q77: =((AVERAGE(N75:N77)/AVERAGE(N72:N74))^4-1)*100 -> 8.0769542 | R77: =IFERROR(('SA Data'!X77/'SA Data'!X65-1)*100,"") -> 2.7852986 | S77: =IFERROR((AVERAGE('SA Data'!X67:X77)/AVERAGE('SA Data'!X55:X65)-1)*100,"") -> -1.9255179
A78: 40178 | B78: ='SA Data'!R78 -> 86.122534 | C78: =(B78/B77-1)*100 -> -8.8708423 | D78: =(AVERAGE(B76:B78)/AVERAGE(B73:B75)-1)*100 -> -1.502836 | E78: =((AVERAGE(B76:B78)/AVERAGE(B73:B75))^4-1)*100 -> -5.8771855 | F78: =IFERROR(('SA Data'!V78/'SA Data'!V66-1)*100,"") -> -8.658576 | G78: =IFERROR((AVERAGE('SA Data'!V67:V78)/AVERAGE('SA Data'!V55:V66)-1)*100,"") -> -26.26788 | H78: ='SA Data'!S78 -> 125.91534 | I78: =(H78/H77-1)*100 -> 1.3830683 | J78: =(AVERAGE(H76:H78)/AVERAGE(H73:H75)-1)*100 -> 3.9975222 | K78: =((AVERAGE(H76:H78)/AVERAGE(H73:H75))^4-1)*100 -> 16.974708 | L78: =IFERROR(('SA Data'!W78/'SA Data'!W66-1)*100,"") -> 3.7264283 | M78: =IFERROR((AVERAGE('SA Data'!W67:W78)/AVERAGE('SA Data'!W55:W66)-1)*100,"") -> -7.7392632 | N78: ='SA Data'!T78 -> 137.37985 | O78: =(N78/N77-1)*100 -> 0.86923568 | P78: =(AVERAGE(N76:N78)/AVERAGE(N73:N75)-1)*100 -> 1.9388655 | Q78: =((AVERAGE(N76:N78)/AVERAGE(N73:N75))^4-1)*100 -> 7.9839434 | R78: =IFERROR(('SA Data'!X78/'SA Data'!X66-1)*100,"") -> 3.1573262 | S78: =IFERROR((AVERAGE('SA Data'!X67:X78)/AVERAGE('SA Data'!X55:X66)-1)*100,"") -> -1.5132771
A79: 40209 | B79: ='SA Data'!R79 -> 90.453353 | C79: =(B79/B78-1)*100 -> 5.0286705 | D79: =(AVERAGE(B77:B79)/AVERAGE(B74:B76)-1)*100 -> -6.2320413 | E79: =((AVERAGE(B77:B79)/AVERAGE(B74:B76))^4-1)*100 -> -22.693173 | F79: =IFERROR(('SA Data'!V79/'SA Data'!V67-1)*100,"") -> -4.5643478 | G79: =IFERROR((AVERAGE('SA Data'!V79:V79)/AVERAGE('SA Data'!V67:V67)-1)*100,"") -> -4.5643478 | H79: ='SA Data'!S79 -> 127.12223 | I79: =(H79/H78-1)*100 -> 0.95849421 | J79: =(AVERAGE(H77:H79)/AVERAGE(H74:H76)-1)*100 -> 4.164488 | K79: =((AVERAGE(H77:H79)/AVERAGE(H74:H76))^4-1)*100 -> 17.72772 | L79: =IFERROR(('SA Data'!W79/'SA Data'!W67-1)*100,"") -> 7.3531003 | M79: =IFERROR((AVERAGE('SA Data'!W79:W79)/AVERAGE('SA Data'!W67:W67)-1)*100,"") -> 7.3531003 | N79: ='SA Data'!T79 -> 137.93467 | O79: =(N79/N78-1)*100 -> 0.40385984 | P79: =(AVERAGE(N77:N79)/AVERAGE(N74:N76)-1)*100 -> 1.8793325 | Q79: =((AVERAGE(N77:N79)/AVERAGE(N74:N76))^4-1)*100 -> 7.7319111 | R79: =IFERROR(('SA Data'!X79/'SA Data'!X67-1)*100,"") -> 4.3591231 | S79: =IFERROR((AVERAGE('SA Data'!X79:X79)/AVERAGE('SA Data'!X67:X67)-1)*100,"") -> 4.3591231
A80: 40237 | B80: ='SA Data'!R80 -> 98.077551 | C80: =(B80/B79-1)*100 -> 8.4288736 | D80: =(AVERAGE(B78:B80)/AVERAGE(B75:B77)-1)*100 -> -4.6445014 | E80: =((AVERAGE(B78:B80)/AVERAGE(B75:B77))^4-1)*100 -> -17.323332 | F80: =IFERROR(('SA Data'!V80/'SA Data'!V68-1)*100,"") -> 3.1826305 | G80: =IFERROR((AVERAGE('SA Data'!V79:V80)/AVERAGE('SA Data'!V67:V68)-1)*100,"") -> -0.55205226 | H80: ='SA Data'!S80 -> 126.82211 | I80: =(H80/H79-1)*100 -> -0.23608629 | J80: =(AVERAGE(H78:H80)/AVERAGE(H75:H77)-1)*100 -> 3.4225654 | K80: =((AVERAGE(H78:H80)/AVERAGE(H75:H77))^4-1)*100 -> 14.409273 | L80: =IFERROR(('SA Data'!W80/'SA Data'!W68-1)*100,"") -> 6.9547064 | M80: =IFERROR((AVERAGE('SA Data'!W79:W80)/AVERAGE('SA Data'!W67:W68)-1)*100,"") -> 7.1557851 | N80: ='SA Data'!T80 -> 138.92555 | O80: =(N80/N79-1)*100 -> 0.71836536 | P80: =(AVERAGE(N78:N80)/AVERAGE(N75:N77)-1)*100 -> 1.7878931 | Q80: =((AVERAGE(N78:N80)/AVERAGE(N75:N77))^4-1)*100 -> 7.3456624 | R80: =IFERROR(('SA Data'!X80/'SA Data'!X68-1)*100,"") -> 4.8841084 | S80: =IFERROR((AVERAGE('SA Data'!X79:X80)/AVERAGE('SA Data'!X67:X68)-1)*100,"") -> 4.6189728
A81: 40268 | B81: ='SA Data'!R81 -> 104.86879 | C81: =(B81/B80-1)*100 -> 6.924354 | D81: =(AVERAGE(B79:B81)/AVERAGE(B76:B78)-1)*100 -> 6.2476922 | E81: =((AVERAGE(B79:B81)/AVERAGE(B76:B78))^4-1)*100 -> 27.43186 | F81: =IFERROR(('SA Data'!V81/'SA Data'!V69-1)*100,"") -> 23.284326 | G81: =IFERROR((AVERAGE('SA Data'!V79:V81)/AVERAGE('SA Data'!V67:V69)-1)*100,"") -> 10.662441 | H81: ='SA Data'!S81 -> 129.40339 | I81: =(H81/H80-1)*100 -> 2.035354 | J81: =(AVERAGE(H79:H81)/AVERAGE(H76:H78)-1)*100 -> 2.6028528 | K81: =((AVERAGE(H79:H81)/AVERAGE(H76:H78))^4-1)*100 -> 10.825001 | L81: =IFERROR(('SA Data'!W81/'SA Data'!W69-1)*100,"") -> 10.499926 | M81: =IFERROR((AVERAGE('SA Data'!W79:W81)/AVERAGE('SA Data'!W67:W69)-1)*100,"") -> 8.3349899 | N81: ='SA Data'!T81 -> 140.62191 | O81: =(N81/N80-1)*100 -> 1.221057 | P81: =(AVERAGE(N79:N81)/AVERAGE(N76:N78)-1)*100 -> 2.0251455 | Q81: =((AVERAGE(N79:N81)/AVERAGE(N76:N78))^4-1)*100 -> 8.3499938 | R81: =IFERROR(('SA Data'!X81/'SA Data'!X69-1)*100,"") -> 6.5284313 | S81: =IFERROR((AVERAGE('SA Data'!X79:X81)/AVERAGE('SA Data'!X67:X69)-1)*100,"") -> 5.2738554
A82: 40298 | B82: ='SA Data'!R82 -> 121.02517 | C82: =(B82/B81-1)*100 -> 15.406283 | D82: =(AVERAGE(B80:B82)/AVERAGE(B77:B79)-1)*100 -> 19.510565 | E82: =((AVERAGE(B80:B82)/AVERAGE(B77:B79))^4-1)*100 -> 103.99766 | F82: =IFERROR(('SA Data'!V82/'SA Data'!V70-1)*100,"") -> 75.652551 | G82: =IFERROR((AVERAGE('SA Data'!V79:V82)/AVERAGE('SA Data'!V67:V70)-1)*100,"") -> 34.403428 | H82: ='SA Data'!S82 -> 130.98773 | I82: =(H82/H81-1)*100 -> 1.2243477 | J82: =(AVERAGE(H80:H82)/AVERAGE(H77:H79)-1)*100 -> 2.6450532 | K82: =((AVERAGE(H80:H82)/AVERAGE(H77:H79))^4-1)*100 -> 11.007442 | L82: =IFERROR(('SA Data'!W82/'SA Data'!W70-1)*100,"") -> 11.069991 | M82: =IFERROR((AVERAGE('SA Data'!W79:W82)/AVERAGE('SA Data'!W67:W70)-1)*100,"") -> 9.0466379 | N82: ='SA Data'!T82 -> 141.0273 | O82: =(N82/N81-1)*100 -> 0.28828754 | P82: =(AVERAGE(N80:N82)/AVERAGE(N77:N79)-1)*100 -> 2.2026773 | Q82: =((AVERAGE(N80:N82)/AVERAGE(N77:N79))^4-1)*100 -> 9.1061146 | R82: =IFERROR(('SA Data'!X82/'SA Data'!X70-1)*100,"") -> 6.8303953 | S82: =IFERROR((AVERAGE('SA Data'!X79:X82)/AVERAGE('SA Data'!X67:X70)-1)*100,"") -> 5.6693975
A83: 40329 | B83: ='SA Data'!R83 -> 124.92848 | C83: =(B83/B82-1)*100 -> 3.2252064 | D83: =(AVERAGE(B81:B83)/AVERAGE(B78:B80)-1)*100 -> 27.732769 | E83: =((AVERAGE(B81:B83)/AVERAGE(B78:B80))^4-1)*100 -> 166.20077 | F83: =IFERROR(('SA Data'!V83/'SA Data'!V71-1)*100,"") -> 86.572429 | G83: =IFERROR((AVERAGE('SA Data'!V79:V83)/AVERAGE('SA Data'!V67:V71)-1)*100,"") -> 52.246889 | H83: ='SA Data'!S83 -> 130.71365 | I83: =(H83/H82-1)*100 -> -0.20924152 | J83: =(AVERAGE(H81:H83)/AVERAGE(H78:H80)-1)*100 -> 2.9603315 | K83: =((AVERAGE(H81:H83)/AVERAGE(H78:H80))^4-1)*100 -> 12.377594 | L83: =IFERROR(('SA Data'!W83/'SA Data'!W71-1)*100,"") -> 11.804503 | M83: =IFERROR((AVERAGE('SA Data'!W79:W83)/AVERAGE('SA Data'!W67:W71)-1)*100,"") -> 9.6201724 | N83: ='SA Data'!T83 -> 141.34277 | O83: =(N83/N82-1)*100 -> 0.22369174 | P83: =(AVERAGE(N81:N83)/AVERAGE(N78:N80)-1)*100 -> 2.1127626 | Q83: =((AVERAGE(N81:N83)/AVERAGE(N78:N80))^4-1)*100 -> 8.7226687 | R83: =IFERROR(('SA Data'!X83/'SA Data'!X71-1)*100,"") -> 7.9632799 | S83: =IFERROR((AVERAGE('SA Data'!X79:X83)/AVERAGE('SA Data'!X67:X71)-1)*100,"") -> 6.1377911
A84: 40359 | B84: ='SA Data'!R84 -> 123.16492 | C84: =(B84/B83-1)*100 -> -1.4116538 | D84: =(AVERAGE(B82:B84)/AVERAGE(B79:B81)-1)*100 -> 25.807418 | E84: =((AVERAGE(B82:B84)/AVERAGE(B79:B81))^4-1)*100 -> 150.50996 | F84: =IFERROR(('SA Data'!V84/'SA Data'!V72-1)*100,"") -> 78.155681 | G84: =IFERROR((AVERAGE('SA Data'!V79:V84)/AVERAGE('SA Data'!V67:V72)-1)*100,"") -> 57.206508 | H84: ='SA Data'!S84 -> 132.28081 | I84: =(H84/H83-1)*100 -> 1.1989243 | J84: =(AVERAGE(H82:H84)/AVERAGE(H79:H81)-1)*100 -> 2.7741075 | K84: =((AVERAGE(H82:H84)/AVERAGE(H79:H81))^4-1)*100 -> 11.566769 | L84: =IFERROR(('SA Data'!W84/'SA Data'!W72-1)*100,"") -> 12.066088 | M84: =IFERROR((AVERAGE('SA Data'!W79:W84)/AVERAGE('SA Data'!W67:W72)-1)*100,"") -> 10.038653 | N84: ='SA Data'!T84 -> 142.56325 | O84: =(N84/N83-1)*100 -> 0.86348986 | P84: =(AVERAGE(N82:N84)/AVERAGE(N79:N81)-1)*100 -> 1.7847937 | Q84: =((AVERAGE(N82:N84)/AVERAGE(N79:N81))^4-1)*100 -> 7.3325884 | R84: =IFERROR(('SA Data'!X84/'SA Data'!X72-1)*100,"") -> 7.5237659 | S84: =IFERROR((AVERAGE('SA Data'!X79:X84)/AVERAGE('SA Data'!X67:X72)-1)*100,"") -> 6.3756005
A85: 40390 | B85: ='SA Data'!R85 -> 107.58427 | C85: =(B85/B84-1)*100 -> -12.650238 | D85: =(AVERAGE(B83:B85)/AVERAGE(B80:B82)-1)*100 -> 9.786714 | E85: =((AVERAGE(B83:B85)/AVERAGE(B80:B82))^4-1)*100 -> 45.277764 | F85: =IFERROR(('SA Data'!V85/'SA Data'!V73-1)*100,"") -> 22.753598 | G85: =IFERROR((AVERAGE('SA Data'!V79:V85)/AVERAGE('SA Data'!V67:V73)-1)*100,"") -> 53.183123 | H85: ='SA Data'!S85 -> 131.46192 | I85: =(H85/H84-1)*100 -> -0.61905467 | J85: =(AVERAGE(H83:H85)/AVERAGE(H80:H82)-1)*100 -> 1.870586 | K85: =((AVERAGE(H83:H85)/AVERAGE(H80:H82))^4-1)*100 -> 7.6949199 | L85: =IFERROR(('SA Data'!W85/'SA Data'!W73-1)*100,"") -> 9.0046793 | M85: =IFERROR((AVERAGE('SA Data'!W79:W85)/AVERAGE('SA Data'!W67:W73)-1)*100,"") -> 9.8810915 | N85: ='SA Data'!T85 -> 142.87813 | O85: =(N85/N84-1)*100 -> 0.22087097 | P85: =(AVERAGE(N83:N85)/AVERAGE(N80:N82)-1)*100 -> 1.4764062 | Q85: =((AVERAGE(N83:N85)/AVERAGE(N80:N82))^4-1)*100 -> 6.0377035 | R85: =IFERROR(('SA Data'!X85/'SA Data'!X73-1)*100,"") -> 7.2527859 | S85: =IFERROR((AVERAGE('SA Data'!X79:X85)/AVERAGE('SA Data'!X67:X73)-1)*100,"") -> 6.503626
A86: 40421 | B86: ='SA Data'!R86 -> 99.509186 | C86: =(B86/B85-1)*100 -> -7.5058214 | D86: =(AVERAGE(B84:B86)/AVERAGE(B81:B83)-1)*100 -> -5.8616723 | E86: =((AVERAGE(B84:B86)/AVERAGE(B81:B83))^4-1)*100 -> -21.464517 | F86: =IFERROR(('SA Data'!V86/'SA Data'!V74-1)*100,"") -> 2.0605428 | G86: =IFERROR((AVERAGE('SA Data'!V79:V86)/AVERAGE('SA Data'!V67:V74)-1)*100,"") -> 49.138933 | H86: ='SA Data'!S86 -> 133.72906 | I86: =(H86/H85-1)*100 -> 1.724558 | J86: =(AVERAGE(H84:H86)/AVERAGE(H81:H83)-1)*100 -> 1.6279564 | K86: =((AVERAGE(H84:H86)/AVERAGE(H81:H83))^4-1)*100 -> 6.672573 | L86: =IFERROR(('SA Data'!W86/'SA Data'!W74-1)*100,"") -> 12.604721 | M86: =IFERROR((AVERAGE('SA Data'!W79:W86)/AVERAGE('SA Data'!W67:W74)-1)*100,"") -> 10.239135 | N86: ='SA Data'!T86 -> 143.46596 | O86: =(N86/N85-1)*100 -> 0.41142057 | P86: =(AVERAGE(N84:N86)/AVERAGE(N81:N83)-1)*100 -> 1.3984571 | Q86: =((AVERAGE(N84:N86)/AVERAGE(N81:N83))^4-1)*100 -> 5.7122672 | R86: =IFERROR(('SA Data'!X86/'SA Data'!X74-1)*100,"") -> 7.9926525 | S86: =IFERROR((AVERAGE('SA Data'!X79:X86)/AVERAGE('SA Data'!X67:X74)-1)*100,"") -> 6.6927061
A87: 40451 | B87: ='SA Data'!R87 -> 98.868519 | C87: =(B87/B86-1)*100 -> -0.64382693 | D87: =(AVERAGE(B85:B87)/AVERAGE(B82:B84)-1)*100 -> -17.110112 | E87: =((AVERAGE(B85:B87)/AVERAGE(B82:B84))^4-1)*100 -> -52.793022 | F87: =IFERROR(('SA Data'!V87/'SA Data'!V75-1)*100,"") -> -0.62520517 | G87: =IFERROR((AVERAGE('SA Data'!V79:V87)/AVERAGE('SA Data'!V67:V75)-1)*100,"") -> 45.57492 | H87: ='SA Data'!S87 -> 133.02228 | I87: =(H87/H86-1)*100 -> -0.52851714 | J87: =(AVERAGE(H85:H87)/AVERAGE(H82:H84)-1)*100 -> 1.0739207 | K87: =((AVERAGE(H85:H87)/AVERAGE(H82:H84))^4-1)*100 -> 4.3653779 | L87: =IFERROR(('SA Data'!W87/'SA Data'!W75-1)*100,"") -> 10.956439 | M87: =IFERROR((AVERAGE('SA Data'!W79:W87)/AVERAGE('SA Data'!W67:W75)-1)*100,"") -> 10.323461 | N87: ='SA Data'!T87 -> 143.6386 | O87: =(N87/N86-1)*100 -> 0.12033364 | P87: =(AVERAGE(N85:N87)/AVERAGE(N82:N84)-1)*100 -> 1.188273 | Q87: =((AVERAGE(N85:N87)/AVERAGE(N82:N84))^4-1)*100 -> 4.8384845 | R87: =IFERROR(('SA Data'!X87/'SA Data'!X75-1)*100,"") -> 6.2425511 | S87: =IFERROR((AVERAGE('SA Data'!X79:X87)/AVERAGE('SA Data'!X67:X75)-1)*100,"") -> 6.641354
A88: 40482 | B88: ='SA Data'!R88 -> 102.13528 | C88: =(B88/B87-1)*100 -> 3.3041501 | D88: =(AVERAGE(B86:B88)/AVERAGE(B83:B85)-1)*100 -> -15.509741 | E88: =((AVERAGE(B86:B88)/AVERAGE(B83:B85))^4-1)*100 -> -49.040336 | F88: =IFERROR(('SA Data'!V88/'SA Data'!V76-1)*100,"") -> 5.7708027 | G88: =IFERROR((AVERAGE('SA Data'!V79:V88)/AVERAGE('SA Data'!V67:V76)-1)*100,"") -> 42.960751 | H88: ='SA Data'!S88 -> 132.84209 | I88: =(H88/H87-1)*100 -> -0.13545898 | J88: =(AVERAGE(H86:H88)/AVERAGE(H83:H85)-1)*100 -> 1.3023075 | K88: =((AVERAGE(H86:H88)/AVERAGE(H83:H85))^4-1)*100 -> 5.3118768 | L88: =IFERROR(('SA Data'!W88/'SA Data'!W76-1)*100,"") -> 7.1411942 | M88: =IFERROR((AVERAGE('SA Data'!W79:W88)/AVERAGE('SA Data'!W67:W76)-1)*100,"") -> 9.9768276 | N88: ='SA Data'!T88 -> 143.45565 | O88: =(N88/N87-1)*100 -> -0.12737055 | P88: =(AVERAGE(N86:N88)/AVERAGE(N83:N85)-1)*100 -> 0.88476917 | Q88: =((AVERAGE(N86:N88)/AVERAGE(N83:N85))^4-1)*100 -> 3.5863233 | R88: =IFERROR(('SA Data'!X88/'SA Data'!X76-1)*100,"") -> 5.6820619 | S88: =IFERROR((AVERAGE('SA Data'!X79:X88)/AVERAGE('SA Data'!X67:X76)-1)*100,"") -> 6.5431232
A89: 40512 | B89: ='SA Data'!R89 -> 106.10201 | C89: =(B89/B88-1)*100 -> 3.8837966 | D89: =(AVERAGE(B87:B89)/AVERAGE(B84:B86)-1)*100 -> -7.0104405 | E89: =((AVERAGE(B87:B89)/AVERAGE(B84:B86))^4-1)*100 -> -25.228385 | F89: =IFERROR(('SA Data'!V89/'SA Data'!V77-1)*100,"") -> 12.210347 | G89: =IFERROR((AVERAGE('SA Data'!V79:V89)/AVERAGE('SA Data'!V67:V77)-1)*100,"") -> 40.690741 | H89: ='SA Data'!S89 -> 135.92767 | I89: =(H89/H88-1)*100 -> 2.3227484 | J89: =(AVERAGE(H87:H89)/AVERAGE(H84:H86)-1)*100 -> 1.0869317 | K89: =((AVERAGE(H87:H89)/AVERAGE(H84:H86))^4-1)*100 -> 4.419127 | L89: =IFERROR(('SA Data'!W89/'SA Data'!W77-1)*100,"") -> 9.6374788 | M89: =IFERROR((AVERAGE('SA Data'!W79:W89)/AVERAGE('SA Data'!W67:W77)-1)*100,"") -> 9.9441463 | N89: ='SA Data'!T89 -> 146.67717 | O89: =(N89/N88-1)*100 -> 2.2456558 | P89: =(AVERAGE(N87:N89)/AVERAGE(N84:N86)-1)*100 -> 1.1340603 | Q89: =((AVERAGE(N87:N89)/AVERAGE(N84:N86))^4-1)*100 -> 4.6139917 | R89: =IFERROR(('SA Data'!X89/'SA Data'!X77-1)*100,"") -> 8.1608217 | S89: =IFERROR((AVERAGE('SA Data'!X79:X89)/AVERAGE('SA Data'!X67:X77)-1)*100,"") -> 6.6934927
A90: 40543 | B90: ='SA Data'!R90 -> 117.53679 | C90: =(B90/B89-1)*100 -> 10.777154 | D90: =(AVERAGE(B88:B90)/AVERAGE(B85:B87)-1)*100 -> 6.4753491 | E90: =((AVERAGE(B88:B90)/AVERAGE(B85:B87))^4-1)*100 -> 28.527568 | F90: =IFERROR(('SA Data'!V90/'SA Data'!V78-1)*100,"") -> 39.349434 | G90: =IFERROR((AVERAGE('SA Data'!V79:V90)/AVERAGE('SA Data'!V67:V78)-1)*100,"") -> 40.602858 | H90: ='SA Data'!S90 -> 135.07996 | I90: =(H90/H89-1)*100 -> -0.62365407 | J90: =(AVERAGE(H88:H90)/AVERAGE(H85:H87)-1)*100 -> 1.4154375 | K90: =((AVERAGE(H88:H90)/AVERAGE(H85:H87))^4-1)*100 -> 5.7830961 | L90: =IFERROR(('SA Data'!W90/'SA Data'!W78-1)*100,"") -> 7.2726781 | M90: =IFERROR((AVERAGE('SA Data'!W79:W90)/AVERAGE('SA Data'!W67:W78)-1)*100,"") -> 9.7153388 | N90: ='SA Data'!T90 -> 146.66297 | O90: =(N90/N89-1)*100 -> -0.009679304 | P90: =(AVERAGE(N88:N90)/AVERAGE(N85:N87)-1)*100 -> 1.584503 | Q90: =((AVERAGE(N88:N90)/AVERAGE(N85:N87))^4-1)*100 -> 6.4902484 | R90: =IFERROR(('SA Data'!X90/'SA Data'!X78-1)*100,"") -> 6.9486085 | S90: =IFERROR((AVERAGE('SA Data'!X79:X90)/AVERAGE('SA Data'!X67:X78)-1)*100,"") -> 6.715165
A91: 40574 | B91: ='SA Data'!R91 -> 111.96489 | C91: =(B91/B90-1)*100 -> -4.7405549 | D91: =(AVERAGE(B89:B91)/AVERAGE(B86:B88)-1)*100 -> 11.676933 | E91: =((AVERAGE(B89:B91)/AVERAGE(B86:B88))^4-1)*100 -> 55.54423 | F91: =IFERROR(('SA Data'!V91/'SA Data'!V79-1)*100,"") -> 26.895906 | G91: =IFERROR((AVERAGE('SA Data'!V91:V91)/AVERAGE('SA Data'!V79:V79)-1)*100,"") -> 26.895906 | H91: ='SA Data'!S91 -> 139.33496 | I91: =(H91/H90-1)*100 -> 3.1499882 | J91: =(AVERAGE(H89:H91)/AVERAGE(H86:H88)-1)*100 -> 2.6900258 | K91: =((AVERAGE(H89:H91)/AVERAGE(H86:H88))^4-1)*100 -> 11.202116 | L91: =IFERROR(('SA Data'!W91/'SA Data'!W79-1)*100,"") -> 9.2669027 | M91: =IFERROR((AVERAGE('SA Data'!W91:W91)/AVERAGE('SA Data'!W79:W79)-1)*100,"") -> 9.2669027 | N91: ='SA Data'!T91 -> 148.06041 | O91: =(N91/N90-1)*100 -> 0.95282749 | P91: =(AVERAGE(N89:N91)/AVERAGE(N86:N88)-1)*100 -> 2.5177296 | Q91: =((AVERAGE(N89:N91)/AVERAGE(N86:N88))^4-1)*100 -> 10.45768 | R91: =IFERROR(('SA Data'!X91/'SA Data'!X79-1)*100,"") -> 7.1291989 | S91: =IFERROR((AVERAGE('SA Data'!X91:X91)/AVERAGE('SA Data'!X79:X79)-1)*100,"") -> 7.1291989
A92: 40602 | B92: ='SA Data'!R92 -> 107.17257 | C92: =(B92/B91-1)*100 -> -4.2801995 | D92: =(AVERAGE(B90:B92)/AVERAGE(B87:B89)-1)*100 -> 9.6280936 | E92: =((AVERAGE(B90:B92)/AVERAGE(B87:B89))^4-1)*100 -> 44.439989 | F92: =IFERROR(('SA Data'!V92/'SA Data'!V80-1)*100,"") -> 10.549333 | G92: =IFERROR((AVERAGE('SA Data'!V91:V92)/AVERAGE('SA Data'!V79:V80)-1)*100,"") -> 18.11179 | H92: ='SA Data'!S92 -> 139.77041 | I92: =(H92/H91-1)*100 -> 0.31252192 | J92: =(AVERAGE(H90:H92)/AVERAGE(H87:H89)-1)*100 -> 3.0845028 | K92: =((AVERAGE(H90:H92)/AVERAGE(H87:H89))^4-1)*100 -> 12.92069 | L92: =IFERROR(('SA Data'!W92/'SA Data'!W80-1)*100,"") -> 9.9251119 | M92: =IFERROR((AVERAGE('SA Data'!W91:W92)/AVERAGE('SA Data'!W79:W80)-1)*100,"") -> 9.5922866 | N92: ='SA Data'!T92 -> 148.21899 | O92: =(N92/N91-1)*100 -> 0.1071035 | P92: =(AVERAGE(N90:N92)/AVERAGE(N87:N89)-1)*100 -> 2.1142386 | Q92: =((AVERAGE(N90:N92)/AVERAGE(N87:N89))^4-1)*100 -> 8.7289551 | R92: =IFERROR(('SA Data'!X92/'SA Data'!X80-1)*100,"") -> 6.1643733 | S92: =IFERROR((AVERAGE('SA Data'!X91:X92)/AVERAGE('SA Data'!X79:X80)-1)*100,"") -> 6.650433
A93: 40633 | B93: ='SA Data'!R93 -> 109.84215 | C93: =(B93/B92-1)*100 -> 2.4909142 | D93: =(AVERAGE(B91:B93)/AVERAGE(B88:B90)-1)*100 -> 0.98397256 | E93: =((AVERAGE(B91:B93)/AVERAGE(B88:B90))^4-1)*100 -> 3.9943644 | F93: =IFERROR(('SA Data'!V93/'SA Data'!V81-1)*100,"") -> 5.4549008 | G93: =IFERROR((AVERAGE('SA Data'!V91:V93)/AVERAGE('SA Data'!V79:V81)-1)*100,"") -> 11.477812 | H93: ='SA Data'!S93 -> 139.74522 | I93: =(H93/H92-1)*100 -> -0.018020978 | J93: =(AVERAGE(H91:H93)/AVERAGE(H88:H90)-1)*100 -> 3.7144696 | K93: =((AVERAGE(H91:H93)/AVERAGE(H88:H90))^4-1)*100 -> 15.706406 | L93: =IFERROR(('SA Data'!W93/'SA Data'!W81-1)*100,"") -> 8.7474134 | M93: =IFERROR((AVERAGE('SA Data'!W91:W93)/AVERAGE('SA Data'!W79:W81)-1)*100,"") -> 9.2884154 | N93: ='SA Data'!T93 -> 149.02911 | O93: =(N93/N92-1)*100 -> 0.54656907 | P93: =(AVERAGE(N91:N93)/AVERAGE(N88:N90)-1)*100 -> 1.9489052 | Q93: =((AVERAGE(N91:N93)/AVERAGE(N88:N90))^4-1)*100 -> 8.0264899 | R93: =IFERROR(('SA Data'!X93/'SA Data'!X81-1)*100,"") -> 6.1746148 | S93: =IFERROR((AVERAGE('SA Data'!X91:X93)/AVERAGE('SA Data'!X79:X81)-1)*100,"") -> 6.485298
A94: 40663 | B94: ='SA Data'!R94 -> 113.98174 | C94: =(B94/B93-1)*100 -> 3.7686723 | D94: =(AVERAGE(B92:B94)/AVERAGE(B89:B91)-1)*100 -> -1.3728196 | E94: =((AVERAGE(B92:B94)/AVERAGE(B89:B91))^4-1)*100 -> -5.3792316 | F94: =IFERROR(('SA Data'!V94/'SA Data'!V82-1)*100,"") -> -7.2076475 | G94: =IFERROR((AVERAGE('SA Data'!V91:V94)/AVERAGE('SA Data'!V79:V82)-1)*100,"") -> 2.5571027 | H94: ='SA Data'!S94 -> 138.61203 | I94: =(H94/H93-1)*100 -> -0.81089651 | J94: =(AVERAGE(H92:H94)/AVERAGE(H89:H91)-1)*100 -> 1.8972144 | K94: =((AVERAGE(H92:H94)/AVERAGE(H89:H91))^4-1)*100 -> 7.8075674 | L94: =IFERROR(('SA Data'!W94/'SA Data'!W82-1)*100,"") -> 5.4894484 | M94: =IFERROR((AVERAGE('SA Data'!W91:W94)/AVERAGE('SA Data'!W79:W82)-1)*100,"") -> 8.2815818 | N94: ='SA Data'!T94 -> 150.13573 | O94: =(N94/N93-1)*100 -> 0.74255471 | P94: =(AVERAGE(N92:N94)/AVERAGE(N89:N91)-1)*100 -> 1.3555233 | Q94: =((AVERAGE(N92:N94)/AVERAGE(N89:N91))^4-1)*100 -> 5.5333397 | R94: =IFERROR(('SA Data'!X94/'SA Data'!X82-1)*100,"") -> 6.0235944 | S94: =IFERROR((AVERAGE('SA Data'!X91:X94)/AVERAGE('SA Data'!X79:X82)-1)*100,"") -> 6.3666825
A95: 40694 | B95: ='SA Data'!R95 -> 114.02504 | C95: =(B95/B94-1)*100 -> 0.037988764 | D95: =(AVERAGE(B93:B95)/AVERAGE(B90:B92)-1)*100 -> 0.34890535 | E95: =((AVERAGE(B93:B95)/AVERAGE(B90:B92))^4-1)*100 -> 1.4029425 | F95: =IFERROR(('SA Data'!V95/'SA Data'!V83-1)*100,"") -> -10.165024 | G95: =IFERROR((AVERAGE('SA Data'!V91:V95)/AVERAGE('SA Data'!V79:V83)-1)*100,"") -> -2.7753293 | H95: ='SA Data'!S95 -> 141.86552 | I95: =(H95/H94-1)*100 -> 2.3471911 | J95: =(AVERAGE(H93:H95)/AVERAGE(H90:H92)-1)*100 -> 1.4576698 | K95: =((AVERAGE(H93:H95)/AVERAGE(H90:H92))^4-1)*100 -> 5.9594106 | L95: =IFERROR(('SA Data'!W95/'SA Data'!W83-1)*100,"") -> 8.9537527 | M95: =IFERROR((AVERAGE('SA Data'!W91:W95)/AVERAGE('SA Data'!W79:W83)-1)*100,"") -> 8.4241541 | N95: ='SA Data'!T95 -> 151.71058 | O95: =(N95/N94-1)*100 -> 1.0489469 | P95: =(AVERAGE(N93:N95)/AVERAGE(N90:N92)-1)*100 -> 1.7909887 | Q95: =((AVERAGE(N93:N95)/AVERAGE(N90:N92))^4-1)*100 -> 7.3587215 | R95: =IFERROR(('SA Data'!X95/'SA Data'!X83-1)*100,"") -> 7.4120668 | S95: =IFERROR((AVERAGE('SA Data'!X91:X95)/AVERAGE('SA Data'!X79:X83)-1)*100,"") -> 6.5838135
A96: 40724 | B96: ='SA Data'!R96 -> 114.46692 | C96: =(B96/B95-1)*100 -> 0.38753453 | D96: =(AVERAGE(B94:B96)/AVERAGE(B91:B93)-1)*100 -> 4.1018018 | E96: =((AVERAGE(B94:B96)/AVERAGE(B91:B93))^4-1)*100 -> 17.444582 | F96: =IFERROR(('SA Data'!V96/'SA Data'!V84-1)*100,"") -> -8.4622113 | G96: =IFERROR((AVERAGE('SA Data'!V91:V96)/AVERAGE('SA Data'!V79:V84)-1)*100,"") -> -4.0090151 | H96: ='SA Data'!S96 -> 142.80692 | I96: =(H96/H95-1)*100 -> 0.66358499 | J96: =(AVERAGE(H94:H96)/AVERAGE(H91:H93)-1)*100 -> 1.0585841 | K96: =((AVERAGE(H94:H96)/AVERAGE(H91:H93))^4-1)*100 -> 4.3020483 | L96: =IFERROR(('SA Data'!W96/'SA Data'!W84-1)*100,"") -> 8.2300068 | M96: =IFERROR((AVERAGE('SA Data'!W91:W96)/AVERAGE('SA Data'!W79:W84)-1)*100,"") -> 8.3903247 | N96: ='SA Data'!T96 -> 152.22446 | O96: =(N96/N95-1)*100 -> 0.33872325 | P96: =(AVERAGE(N94:N96)/AVERAGE(N91:N93)-1)*100 -> 1.9676811 | Q96: =((AVERAGE(N94:N96)/AVERAGE(N91:N93))^4-1)*100 -> 8.106093 | R96: =IFERROR(('SA Data'!X96/'SA Data'!X84-1)*100,"") -> 6.8450551 | S96: =IFERROR((AVERAGE('SA Data'!X91:X96)/AVERAGE('SA Data'!X79:X84)-1)*100,"") -> 6.6291219
A97: 40755 | B97: ='SA Data'!R97 -> 106.05136 | C97: =(B97/B96-1)*100 -> -7.351963 | D97: =(AVERAGE(B95:B97)/AVERAGE(B92:B94)-1)*100 -> 1.0715721 | E97: =((AVERAGE(B95:B97)/AVERAGE(B92:B94))^4-1)*100 -> 4.3556779 | F97: =IFERROR(('SA Data'!V97/'SA Data'!V85-1)*100,"") -> -2.4884391 | G97: =IFERROR((AVERAGE('SA Data'!V91:V97)/AVERAGE('SA Data'!V79:V85)-1)*100,"") -> -3.8667176 | H97: ='SA Data'!S97 -> 140.7614 | I97: =(H97/H96-1)*100 -> -1.4323665 | J97: =(AVERAGE(H95:H97)/AVERAGE(H92:H94)-1)*100 -> 1.7473562 | K97: =((AVERAGE(H95:H97)/AVERAGE(H92:H94))^4-1)*100 -> 7.1747635 | L97: =IFERROR(('SA Data'!W97/'SA Data'!W85-1)*100,"") -> 6.5503875 | M97: =IFERROR((AVERAGE('SA Data'!W91:W97)/AVERAGE('SA Data'!W79:W85)-1)*100,"") -> 8.1121825 | N97: ='SA Data'!T97 -> 150.99951 | O97: =(N97/N96-1)*100 -> -0.80469699 | P97: =(AVERAGE(N95:N97)/AVERAGE(N92:N94)-1)*100 -> 1.6877475 | Q97: =((AVERAGE(N95:N97)/AVERAGE(N92:N94))^4-1)*100 -> 6.9238305 | R97: =IFERROR(('SA Data'!X97/'SA Data'!X85-1)*100,"") -> 5.6261107 | S97: =IFERROR((AVERAGE('SA Data'!X91:X97)/AVERAGE('SA Data'!X79:X85)-1)*100,"") -> 6.4817023
A98: 40786 | B98: ='SA Data'!R98 -> 104.5367 | C98: =(B98/B97-1)*100 -> -1.4282275 | D98: =(AVERAGE(B96:B98)/AVERAGE(B93:B95)-1)*100 -> -3.7868808 | E98: =((AVERAGE(B96:B98)/AVERAGE(B93:B95))^4-1)*100 -> -14.308612 | F98: =IFERROR(('SA Data'!V98/'SA Data'!V86-1)*100,"") -> 5.1523744 | G98: =IFERROR((AVERAGE('SA Data'!V91:V98)/AVERAGE('SA Data'!V79:V86)-1)*100,"") -> -3.3784606 | H98: ='SA Data'!S98 -> 141.58914 | I98: =(H98/H97-1)*100 -> 0.58804602 | J98: =(AVERAGE(H96:H98)/AVERAGE(H93:H95)-1)*100 -> 1.1743031 | K98: =((AVERAGE(H96:H98)/AVERAGE(H93:H95))^4-1)*100 -> 4.7806014 | L98: =IFERROR(('SA Data'!W98/'SA Data'!W86-1)*100,"") -> 5.7620262 | M98: =IFERROR((AVERAGE('SA Data'!W91:W98)/AVERAGE('SA Data'!W79:W86)-1)*100,"") -> 7.7966051 | N98: ='SA Data'!T98 -> 152.80657 | O98: =(N98/N97-1)*100 -> 1.1967294 | P98: =(AVERAGE(N96:N98)/AVERAGE(N93:N95)-1)*100 -> 1.1433563 | Q98: =((AVERAGE(N96:N98)/AVERAGE(N93:N95))^4-1)*100 -> 4.6524604 | R98: =IFERROR(('SA Data'!X98/'SA Data'!X86-1)*100,"") -> 6.8345291 | S98: =IFERROR((AVERAGE('SA Data'!X91:X98)/AVERAGE('SA Data'!X79:X86)-1)*100,"") -> 6.527051
A99: 40816 | B99: ='SA Data'!R99 -> 104.09199 | C99: =(B99/B98-1)*100 -> -0.42540929 | D99: =(AVERAGE(B97:B99)/AVERAGE(B94:B96)-1)*100 -> -8.1155554 | E99: =((AVERAGE(B97:B99)/AVERAGE(B94:B96))^4-1)*100 -> -28.719953 | F99: =IFERROR(('SA Data'!V99/'SA Data'!V87-1)*100,"") -> 5.2607163 | G99: =IFERROR((AVERAGE('SA Data'!V91:V99)/AVERAGE('SA Data'!V79:V87)-1)*100,"") -> -2.9560986 | H99: ='SA Data'!S99 -> 143.05983 | I99: =(H99/H98-1)*100 -> 1.0387023 | J99: =(AVERAGE(H97:H99)/AVERAGE(H94:H96)-1)*100 -> 0.50223994 | K99: =((AVERAGE(H97:H99)/AVERAGE(H94:H96))^4-1)*100 -> 2.0241452 | L99: =IFERROR(('SA Data'!W99/'SA Data'!W87-1)*100,"") -> 7.2372461 | M99: =IFERROR((AVERAGE('SA Data'!W91:W99)/AVERAGE('SA Data'!W79:W87)-1)*100,"") -> 7.73047 | N99: ='SA Data'!T99 -> 154.05435 | O99: =(N99/N98-1)*100 -> 0.81657923 | P99: =(AVERAGE(N97:N99)/AVERAGE(N94:N96)-1)*100 -> 0.83459747 | Q99: =((AVERAGE(N97:N99)/AVERAGE(N94:N96))^4-1)*100 -> 3.3804161 | R99: =IFERROR(('SA Data'!X99/'SA Data'!X87-1)*100,"") -> 7.0664551 | S99: =IFERROR((AVERAGE('SA Data'!X91:X99)/AVERAGE('SA Data'!X79:X87)-1)*100,"") -> 6.5883542
A100: 40847 | B100: ='SA Data'!R100 -> 104.61233 | C100: =(B100/B99-1)*100 -> 0.49987963 | D100: =(AVERAGE(B98:B100)/AVERAGE(B95:B97)-1)*100 -> -6.3675736 | E100: =((AVERAGE(B98:B100)/AVERAGE(B95:B97))^4-1)*100 -> -23.139163 | F100: =IFERROR(('SA Data'!V100/'SA Data'!V88-1)*100,"") -> 4.1065978 | G100: =IFERROR((AVERAGE('SA Data'!V91:V100)/AVERAGE('SA Data'!V79:V88)-1)*100,"") -> -2.6129161 | H100: ='SA Data'!S100 -> 140.32864 | I100: =(H100/H99-1)*100 -> -1.9091295 | J100: =(AVERAGE(H98:H100)/AVERAGE(H95:H97)-1)*100 -> -0.1072391 | K100: =((AVERAGE(H98:H100)/AVERAGE(H95:H97))^4-1)*100 -> -0.42826689 | L100: =IFERROR(('SA Data'!W100/'SA Data'!W88-1)*100,"") -> 5.7715816 | M100: =IFERROR((AVERAGE('SA Data'!W91:W100)/AVERAGE('SA Data'!W79:W88)-1)*100,"") -> 7.5225966 | N100: ='SA Data'!T100 -> 152.76517 | O100: =(N100/N99-1)*100 -> -0.83683789 | P100: =(AVERAGE(N98:N100)/AVERAGE(N95:N97)-1)*100 -> 1.0312566 | Q100: =((AVERAGE(N98:N100)/AVERAGE(N95:N97))^4-1)*100 -> 4.1892758 | R100: =IFERROR(('SA Data'!X100/'SA Data'!X88-1)*100,"") -> 6.7969896 | S100: =IFERROR((AVERAGE('SA Data'!X91:X100)/AVERAGE('SA Data'!X79:X88)-1)*100,"") -> 6.6095456
