Workbook

Sheet Tabelle1
D1: EMAE | E1: Agri. | F1: Fishing | G1: Mining | H1: Mfg. | I1: Utilities | J1: Const. | K1: Trade | L1: Hotels | M1: Transport | N1: Finance | O1: Real Estate | P1: Public Admin. | Q1: Education | R1: Health | S1: Other Services
B2: 10401 !M NA_ | C2: .excel_last | D2: S213GVI@EMERGELA | E2: N213GAFI@EMERGELA | F2: N213GFFI@EMERGELA | G2: N213GQI@EMERGELA | H2: N213GMI@EMERGELA | I2: N213GEI@EMERGELA | J2: N213GCOI@EMERGELA | K2: N213GWRI@EMERGELA | L2: N213GHI@EMERGELA | M2: N213GTSI@EMERGELA | N2: N213GFMI@EMERGELA | O2: N213GPRI@EMERGELA | P2: N213GGI@EMERGELA | Q2: N213GDI@EMERGELA | R2: N213GHSI@EMERGELA | S2: N213GSOI@EMERGELA
B3: .DESC | D3: Argentina: Economic Activity Indicator (SA, 2004=100) | E3: Argentina: Economic Act: Agr, Livestock, Hunting & Forestry (NSA, 2004=100) | F3: Argentina: Economic Activity: Fishing (NSA, 2004=100) | G3: Argentina: Economic Activity: Mining & Quarrying(NSA, 2004=100) | H3: Argentina: Economic Activity: Manufacturing (NSA, 2004=100) | I3: Argentina: Economic Activity: Electricity, Gas & Water (NSA, 2004=100) | J3: Argentina: Economic Activity: Construction (NSA, 2004=100) | K3: Argentina: Economic Act: Wholesale & Retail Trade and Repairs (NSA, 2004=100) | L3: Argentina: Economic Activity: Hotel & Restaurants (NSA, 2004=100) | M3: Argentina: Economic Activity: Transportation & Communications (NSA, 2004=100) | N3: Argentina: Economic Activity: Financial Intermediation (NSA, 2004=100) | O3: Argentina: Econ Act: Real Estate, Business & Rental Activities (NSA, 2004=100) | P3: Argentina: Econ Act: Public Admin & Defense, SocSec Plans (NSA, 2004=100) | Q3: Argentina: Economic Activity: Education (NSA, 2004=100) | R3: Argentina: Economic Activity: Social & Health Services (NSA, 2004=100) | S3: Argentina: EconAct: Other Community, Social & Personal Srvc Act (NSA, 2004=100)
B4: .SOURCE | D4: INDEC | E4: INDEC | F4: INDEC | G4: INDEC | H4: INDEC | I4: INDEC | J4: INDEC | K4: INDEC | L4: INDEC | M4: INDEC | N4: INDEC | O4: INDEC | P4: INDEC | Q4: INDEC | R4: INDEC | S4: INDEC
B5: .DTLM | D5: Jul-22-2026 15:06 | E5: Jul-22-2026 15:06 | F5: Jul-22-2026 15:06 | G5: Jul-22-2026 15:06 | H5: Jul-22-2026 15:06 | I5: Jul-22-2026 15:06 | J5: Jul-22-2026 15:06 | K5: Jul-22-2026 15:06 | L5: Jul-22-2026 15:06 | M5: Jul-22-2026 15:06 | N5: Jul-22-2026 15:06 | O5: Jul-22-2026 15:06 | P5: Jul-22-2026 15:06 | Q5: Jul-22-2026 15:06 | R5: Jul-22-2026 15:06 | S5: Jul-22-2026 15:06
B6: .DATA_TYPE | D6: INDEX | E6: INDEX | F6: INDEX | G6: INDEX | H6: INDEX | I6: INDEX | J6: INDEX | K6: INDEX | L6: INDEX | M6: INDEX | N6: INDEX | O6: INDEX | P6: INDEX | Q6: INDEX | R6: INDEX | S6: INDEX
B7: .MAG | D7: 0 | E7: 0 | F7: 0 | G7: 0 | H7: 0 | I7: 0 | J7: 0 | K7: 0 | L7: 0 | M7: 0 | N7: 0 | O7: 0 | P7: 0 | Q7: 0 | R7: 0 | S7: 0
B8: 0401 | C8: 38017 | D8: 98.33957 | E8: 65.99535 | F8: 42.54787 | G8: 100.7045 | H8: 91.45461 | I8: 99.91798 | J8: 95.93805 | K8: 92.06534 | L8: 108.41168 | M8: 95.50673 | N8: 103.89026 | O8: 91.41838 | P8: 97.26127 | Q8: 95.6277 | R8: 94.19839 | S8: 97.00618
B9: 0402 | C9: 38046 | D9: 98.07072 | E9: 64.9266 | F9: 62.44077 | G9: 95.41419 | H9: 89.42485 | I9: 92.89344 | J9: 98.85339 | K9: 91.46472 | L9: 103.44826 | M9: 90.73641 | N9: 96.48146 | O9: 94.04698 | P9: 97.88228 | Q9: 96.08425 | R9: 90.31346 | S9: 96.83613
B10: 0403 | C10: 38077 | D10: 97.66795 | E10: 110.66656 | F10: 174.08465 | G10: 100.25104 | H10: 101.42643 | I10: 103.77021 | J10: 103.12453 | K10: 109.12778 | L10: 101.06184 | M10: 97.17581 | N10: 98.30457 | O10: 99.64872 | P10: 97.71846 | Q10: 96.3803 | R10: 98.08149 | S10: 96.15504
B11: 0404 | C11: 38107 | D11: 95.23678 | E11: 150.06592 | F11: 153.87764 | G11: 96.69755 | H11: 98.43731 | I11: 97.00985 | J11: 95.81549 | K11: 99.42014 | L11: 93.243 | M11: 99.70693 | N11: 95.3159 | O11: 97.60226 | P11: 98.40554 | Q11: 97.71187 | R11: 102.18435 | S11: 98.08314
B12: 0405 | C12: 38138 | D12: 96.95127 | E12: 209.38808 | F12: 132.35766 | G12: 104.10053 | H12: 100.35314 | I12: 102.47183 | J12: 97.99457 | K12: 100.53274 | L12: 90.98526 | M12: 105.55244 | N12: 97.00467 | O12: 99.80349 | P12: 99.20852 | Q12: 99.13689 | R12: 102.76126 | S12: 98.05435
B13: 0406 | C13: 38168 | D13: 98.68356 | E13: 144.66132 | F13: 158.95986 | G13: 100.67785 | H13: 100.66693 | I13: 101.91112 | J13: 99.15678 | K13: 104.34202 | L13: 90.55608 | M13: 101.67565 | N13: 97.31215 | O13: 101.71298 | P13: 100.4454 | Q13: 102.20951 | R13: 104.26446 | S13: 99.76658
B14: 0407 | C14: 38199 | D14: 100.8411 | E14: 94.86246 | F14: 77.40334 | G14: 100.80174 | H14: 102.50853 | I14: 105.41654 | J14: 98.906 | K14: 100.82722 | L14: 99.05112 | M14: 99.8302 | N14: 99.01951 | O14: 100.85959 | P14: 100.16519 | Q14: 100.50009 | R14: 101.84397 | S14: 108.7301
B15: 0408 | C15: 38230 | D15: 102.17769 | E15: 64.86116 | F15: 99.29888 | G15: 102.27351 | H15: 101.01094 | I15: 103.97781 | J15: 102.03281 | K15: 99.55237 | L15: 98.1705 | M15: 99.2237 | N15: 101.18031 | O15: 101.57448 | P15: 100.67623 | Q15: 101.39315 | R15: 104.49316 | S15: 100.45682
B16: 0409 | C16: 38260 | D16: 102.35036 | E16: 60.7499 | F16: 68.15818 | G16: 100.58408 | H16: 102.56272 | I16: 97.65632 | J16: 106.81513 | K16: 99.96032 | L16: 100.05105 | M16: 98.89115 | N16: 100.80853 | O16: 103.00434 | P16: 101.52659 | Q16: 101.80328 | R16: 104.69994 | S16: 99.92452
B17: 0410 | C17: 38291 | D17: 103.12368 | E17: 62.66926 | F17: 84.44642 | G17: 101.39273 | H17: 105.90569 | I17: 96.18753 | J17: 97.84211 | K17: 101.16296 | L17: 102.93943 | M17: 101.57252 | N17: 102.0793 | O17: 100.69115 | P17: 101.68981 | Q17: 102.21213 | R17: 100.22067 | S17: 101.16164
B18: 0411 | C18: 38321 | D18: 103.57877 | E18: 78.41525 | F18: 70.43561 | G18: 96.38347 | H18: 104.37511 | I18: 95.06963 | J18: 101.65557 | K18: 102.41598 | L18: 106.49311 | M18: 104.54272 | N18: 102.96217 | O18: 103.28028 | P18: 102.03612 | Q18: 102.50137 | R18: 99.69656 | S18: 100.02634
B19: 0412 | C19: 38352 | D19: 102.97856 | E19: 92.73814 | F19: 75.98912 | G19: 100.71881 | H19: 101.87374 | I19: 103.71775 | J19: 101.86557 | K19: 99.12842 | L19: 105.58867 | M19: 105.58575 | N19: 105.64116 | O19: 106.35733 | P19: 102.9846 | Q19: 104.43946 | R19: 97.24229 | S19: 103.79916
... B276: 2605 | C276: 46173 | D276: 153.62027 | E276: 297.66329 | F276: 102.84501 | G276: 144.59675 | H276: 114.35306 | I276: 158.63625 | J276: 124.37794 | K276: 153.91377 | L276: 157.15323 | M276: 197.26347 | N276: 179.16448 | O276: 159.78965 | P276: 158.5742 | Q276: 171.81406 | R276: 198.56366 | S276: 116.71788

Sheet Weights & Assumptions
A1: Weights, Sector Mapping and Forecast Assumptions
A2: Blue cells are inputs you can overwrite. Everything downstream is formula-driven and will recalculate.
A4: 1 | Sector weights and bucket mapping
A5: Sector | B5: Bucket | C5: Weight (%) | D5: INDEC 2004 prior (%) | E5: Deviation (pp) | F5: Weight within bucket | G5: Contribution check
A6: Agri. | B6: Primary | C6: 8.2873 | D6: 8.7 | E6: =C6-D6*100/SUM($D$6:$D$20) -> -0.71891118 | F6: =C6/SUMIF($B$6:$B$20,B6,$C$6:$C$20) -> 0.98774746 | G6: =C6/SUM($C$6:$C$20) -> 0.082872834
A7: Fishing | B7: Primary | C7: 0.1028 | D7: 0.4 | E7: =C7-D7*100/SUM($D$6:$D$20) -> -0.31127867 | F7: =C7/SUMIF($B$6:$B$20,B7,$C$6:$C$20) -> 0.012252536 | G7: =C7/SUM($C$6:$C$20) -> 0.0010279979
A8: Mining | B8: Industrial | C8: 3.175 | D8: 4 | E8: =C8-D8*100/SUM($D$6:$D$20) -> -0.96578675 | F8: =C8/SUMIF($B$6:$B$20,B8,$C$6:$C$20) -> 0.11939771 | G8: =C8/SUM($C$6:$C$20) -> 0.031749937
A9: Mfg. | B9: Industrial | C9: 17.8771 | D9: 17.5 | E9: =C9-D9*100/SUM($D$6:$D$20) -> -0.23884203 | F9: =C9/SUMIF($B$6:$B$20,B9,$C$6:$C$20) -> 0.67227867 | G9: =C9/SUM($C$6:$C$20) -> 0.17877064
A10: Utilities | B10: Services | C10: 1.8434 | D10: 2 | E10: =C10-D10*100/SUM($D$6:$D$20) -> -0.22699337 | F10: =C10/SUMIF($B$6:$B$20,B10,$C$6:$C$20) -> 0.028352018 | G10: =C10/SUM($C$6:$C$20) -> 0.018433963
A11: Const. | B11: Industrial | C11: 5.5397 | D11: 5.3 | E11: =C11-D11*100/SUM($D$6:$D$20) -> 0.053157557 | F11: =C11/SUMIF($B$6:$B$20,B11,$C$6:$C$20) -> 0.20832362 | G11: =C11/SUM($C$6:$C$20) -> 0.055396889
A12: Trade | B12: Services | C12: 13.2283 | D12: 12.4 | E12: =C12-D12*100/SUM($D$6:$D$20) -> 0.39186108 | F12: =C12/SUMIF($B$6:$B$20,B12,$C$6:$C$20) -> 0.20345503 | G12: =C12/SUM($C$6:$C$20) -> 0.13228274
A13: Hotels | B13: Services | C13: 3.0404 | D13: 2.7 | E13: =C13-D13*100/SUM($D$6:$D$20) -> 0.24536894 | F13: =C13/SUMIF($B$6:$B$20,B13,$C$6:$C$20) -> 0.046762219 | G13: =C13/SUM($C$6:$C$20) -> 0.030403939
A14: Transport | B14: Services | C14: 9.4699 | D14: 8.3 | E14: =C14-D14*100/SUM($D$6:$D$20) -> 0.87776749 | F14: =C14/SUMIF($B$6:$B$20,B14,$C$6:$C$20) -> 0.14564976 | G14: =C14/SUM($C$6:$C$20) -> 0.094698811
A15: Finance | B15: Services | C15: 4.9519 | D15: 4 | E15: =C15-D15*100/SUM($D$6:$D$20) -> 0.81111325 | F15: =C15/SUMIF($B$6:$B$20,B15,$C$6:$C$20) -> 0.076161634 | G15: =C15/SUM($C$6:$C$20) -> 0.049518901
A16: Real Estate | B16: Services | C16: 13.2728 | D16: 12.9 | E16: =C16-D16*100/SUM($D$6:$D$20) -> -0.081237267 | F16: =C16/SUMIF($B$6:$B$20,B16,$C$6:$C$20) -> 0.20413945 | G16: =C16/SUM($C$6:$C$20) -> 0.13272773
A17: Public Admin. | B17: Services | C17: 6.1054 | D17: 6 | E17: =C17-D17*100/SUM($D$6:$D$20) -> -0.10578012 | F17: =C17/SUMIF($B$6:$B$20,B17,$C$6:$C$20) -> 0.093902794 | G17: =C17/SUM($C$6:$C$20) -> 0.061053878
... A20: Other Services | B20: Services | C20: 3.5611 | D20: 3.6 | E20: =C20-D20*100/SUM($D$6:$D$20) -> -0.16560807 | F20: =C20/SUMIF($B$6:$B$20,B20,$C$6:$C$20) -> 0.054770734 | G20: =C20/SUM($C$6:$C$20) -> 0.035610929
A21: Total | C21: =SUM(C6:C20) -> 100.0002 | D21: =SUM(D6:D20) -> 96.6 | G21: =SUM(G6:G20) -> 1
A23: 2 | Bucket weights (derived)
A24: Bucket | B24: Weight (%) | C24: Share of EMAE
A25: Primary | B25: =SUMIF($B$6:$B$20,A25,$C$6:$C$20) -> 8.3901 | C25: =B25/SUM($B$25:$B$27) -> 0.083900832
A26: Industrial | B26: =SUMIF($B$6:$B$20,A26,$C$6:$C$20) -> 26.5918 | C26: =B26/SUM($B$25:$B$27) -> 0.26591747
A27: Services | B27: =SUMIF($B$6:$B$20,A27,$C$6:$C$20) -> 65.0183 | C27: =B27/SUM($B$25:$B$27) -> 0.6501817
A28: Total | B28: =SUM(B25:B27) -> 100.0002
A30: 3 | Forecast assumptions — average m/m growth of each sub-index, SA (%)
A31: The forecast is built bottom-up: these three pairs of assumptions drive the sub-index level paths, which aggregate to EMAE using the bucket weights above. Change a cell and every forecast number moves.
A32: Sub-index | B32: May-26 to Dec-26 (% m/m) | C32: 2027 (% m/m) | D32: Implied ann. pace 2026H2 | E32: Implied ann. pace 2027 | F32: Trailing 6m actual (% m/m)
A33: Primary | B33: 0.1 | C33: 0.25 | D33: =((1+B33/100)^12-1)*100 -> 1.206622 | E33: =((1+C33/100)^12-1)*100 -> 3.0415957 | F33: 2.62
A34: Industrial | B34: 0.15 | C34: 0.35 | D34: =((1+B34/100)^12-1)*100 -> 1.8149245 | E34: =((1+C34/100)^12-1)*100 -> 4.2818007 | F34: 0
A35: Services | B35: 0.15 | C35: 0.3 | D35: =((1+B35/100)^12-1)*100 -> 1.8149245 | E35: =((1+C35/100)^12-1)*100 -> 3.659998 | F35: 0.03
A38: 4 | Weight estimation diagnostics
A39: Method | B39: Constrained least squares of the 15 seasonally-adjusted sector indices on the published SA EMAE, shrunk toward the INDEC 2004 value-added shares.
A40: Why shrinkage | B40: Every series is rebased to 2004=100, so EMAE is exactly a convex combination of the sectors and the weights are the 2004 value-added shares. But the services block is highly collinear: the unpenalised fit pins Education, Utilities, Public Admin and Other Services at zero and pushes Trade to 22.9%. Shrinkage restores economically sensible weights at almost no cost in fit.
A41: Shrinkage parameter | B41: lambda = 5.0
A42: R-squared | B42: 0.98958
A43: Residual std. dev. (index pts) | B43: 1.469
A44: Max abs. residual (index pts) | B44: 4.301
A45: Bucket weights: stability | B45: Primary 8-10%, Industrial 26-27%, Services 63-65% across the entire shrinkage range. The bucket split is well identified even though individual sector weights are not.
A46: Override | B46: If you have INDEC's official EMAE base-2004 weights, paste them into column C. Nothing else needs changing.

Sheet X11 Reference
A1: Static X-11 Benchmark
A2: One-off seasonal adjustment computed offline with a full X-11-style routine. Frozen values, kept only as a benchmark for the live in-sheet factors. Nothing downstream depends on this sheet.
A6: Date | B6: Agri. | C6: Fishing | D6: Mining | E6: Mfg. | F6: Utilities | G6: Const. | H6: Trade | I6: Hotels | J6: Transport | K6: Finance | L6: Real Estate | M6: Public Admin. | N6: Education | O6: Health | P6: Other Services
A7: 38017 | B7: 122.29655 | C7: 120.21122 | D7: 99.535438 | E7: 95.81535 | F7: 97.308176 | G7: 96.577477 | H7: 97.979626 | I7: 95.579602 | J7: 96.389149 | K7: 98.779296 | L7: 96.182671 | M7: 97.505233 | N7: 96.74534 | O7: 97.417586 | P7: 95.35565
A8: 38046 | B8: 115.81236 | C8: 87.445869 | D8: 101.41784 | E8: 96.976622 | F8: 98.858384 | G8: 96.992826 | H8: 98.207697 | I8: 96.466881 | J8: 97.06902 | K8: 97.805568 | L8: 96.906771 | M8: 97.963489 | N8: 97.33128 | O8: 97.916659 | P8: 98.126777
A9: 38077 | B9: 100.7906 | C9: 108.54386 | D9: 99.754717 | E9: 97.557282 | F9: 101.62633 | G9: 97.766438 | H9: 99.037171 | I9: 96.995971 | J9: 97.125243 | K9: 97.763415 | L9: 98.182217 | M9: 98.126239 | N9: 97.400252 | O9: 98.022085 | P9: 98.595348
A10: 38107 | B10: 90.244558 | C10: 103.80445 | D10: 99.13117 | E10: 97.177344 | F10: 100.5615 | G10: 98.034028 | H10: 98.050647 | I10: 97.48835 | J10: 97.54146 | K10: 97.146005 | L10: 97.861236 | M10: 98.9659 | N10: 98.61292 | O10: 100.31625 | P10: 98.69831
A11: 38138 | B11: 85.140239 | C11: 78.751344 | D11: 100.26006 | E11: 98.233277 | F11: 100.17702 | G11: 98.627322 | H11: 97.842738 | I11: 98.952839 | J11: 97.639471 | K11: 97.336068 | L11: 98.405466 | M11: 99.22246 | N11: 99.022886 | O11: 99.587195 | P11: 99.046811
A12: 38168 | B12: 84.794334 | C12: 103.31534 | D12: 100.25824 | E12: 99.765487 | F12: 100.19932 | G12: 99.759349 | H12: 100.95579 | I12: 99.756364 | J12: 99.014956 | K12: 97.851686 | L12: 99.36804 | M12: 99.61084 | N12: 99.690348 | O12: 97.136464 | P12: 99.722692
A13: 38199 | B13: 95.745901 | C13: 85.723979 | D13: 98.468451 | E13: 100.61251 | F13: 100.06066 | G13: 101.21964 | H13: 101.01451 | I13: 99.663173 | J13: 100.12606 | K13: 99.427988 | L13: 100.76038 | M13: 100.3526 | N13: 100.24666 | O13: 100.74605 | P13: 99.709656
A14: 38230 | B14: 96.568804 | C14: 93.827971 | D14: 99.761613 | E14: 100.11916 | F14: 99.962659 | G14: 101.92253 | H14: 100.19253 | I14: 99.638707 | J14: 100.97793 | K14: 101.39772 | L14: 100.59223 | M14: 100.74237 | N14: 100.91954 | O14: 101.61606 | P14: 100.78969
A15: 38260 | B15: 96.451106 | C15: 95.213754 | D15: 100.62568 | E15: 101.82907 | F15: 100.38428 | G15: 103.33532 | H15: 101.4396 | I15: 100.5412 | J15: 102.11846 | K15: 102.0709 | L15: 101.19767 | M15: 101.14971 | N15: 101.14245 | O15: 103.76512 | P15: 102.20401
A16: 38291 | B16: 98.346911 | C16: 101.37345 | D16: 100.18109 | E16: 101.84207 | F16: 101.93668 | G16: 101.80758 | H16: 102.80095 | I16: 102.66899 | J16: 103.67006 | K16: 102.9485 | L16: 101.11211 | M16: 101.47379 | N16: 101.66834 | O16: 102.87006 | P16: 102.9248
A17: 38321 | B17: 98.015937 | C17: 97.521605 | D17: 100.31158 | E17: 102.26075 | F17: 100.06837 | G17: 103.10352 | H17: 102.438 | I17: 104.33856 | J17: 105.71184 | K17: 103.1753 | L17: 101.85321 | M17: 101.63802 | N17: 101.78141 | O17: 103.04606 | P17: 103.24338
A18: 38352 | B18: 96.917687 | C18: 85.253374 | D18: 100.72696 | E18: 103.23365 | F18: 103.11383 | G18: 104.56885 | H18: 104.77428 | I18: 105.52918 | J18: 106.42123 | K18: 103.37564 | L18: 101.85083 | M18: 101.8581 | N18: 102.60687 | O18: 103.46387 | P18: 104.17037
... A275: 46173 | B275: 144.42671 | C275: 124.72598 | D275: 136.60389 | E275: 111.15195 | F275: 153.22317 | G275: 130.81158 | H275: 149.12501 | I275: 176.68432 | J275: 187.90798 | K275: 193.83434 | L275: 158.84077 | M275: 159.42283 | N275: 171.44841 | O275: 185.39148 | P275: 128.24676

Sheet SF Workings
A1: Seasonal Factor Workings — live
A2: Trend = centred 2x12 moving average of the NSA series. Ratio = NSA / trend. Raw factor = mean of the ratios for the same calendar month inside a rolling window centred on that date, so seasonality is allowed to evolve. Normalised factor rescales so the twelve factors around any date average to 1.
A6: Date | B6: Month | C6: Agri. trend | D6: Agri. ratio | E6: Agri. raw fac | F6: Agri. FACTOR | G6: Fishing trend | H6: Fishing ratio | I6: Fishing raw fac | J6: Fishing FACTOR | K6: Mining trend | L6: Mining ratio | M6: Mining raw fac | N6: Mining FACTOR | O6: Mfg. trend | P6: Mfg. ratio | Q6: Mfg. raw fac | R6: Mfg. FACTOR | S6: Utilities trend | T6: Utilities ratio | U6: Utilities raw fac | V6: Utilities FACTOR | W6: Const. trend | X6: Const. ratio | Y6: Const. raw fac | Z6: Const. FACTOR | AA6: Trade trend | AB6: Trade ratio | AC6: Trade raw fac | AD6: Trade FACTOR | AE6: Hotels trend | AF6: Hotels ratio | AG6: Hotels raw fac | AH6: Hotels FACTOR | AI6: Transport trend | AJ6: Transport ratio | AK6: Transport raw fac | AL6: Transport FACTOR | AM6: Finance trend | AN6: Finance ratio | AO6: Finance raw fac | AP6: Finance FACTOR | AQ6: Real Estate trend | AR6: Real Estate ratio | AS6: Real Estate raw fac | AT6: Real Estate FACTOR | AU6: Public Admin. trend | AV6: Public Admin. ratio | AW6: Public Admin. raw fac | AX6: Public Admin. FACTOR | AY6: Education trend | AZ6: Education ratio | BA6: Education raw fac | BB6: Education FACTOR | BC6: Health trend | BD6: Health ratio | BE6: Health raw fac | BF6: Health FACTOR | BG6: Other Services trend | BH6: Other Services ratio | BI6: Other Services raw fac | BJ6: Other Services FACTOR
A7: 38017 | B7: =MONTH(A7) -> 1 | E7: =IFERROR(AVERAGEIFS($D$7:$D$294,$B$7:$B$294,$B7,$A$7:$A$294,">="&EDATE($A7,-12*'Seasonal Factors'!$E$4),$A$7:$A$294,"<="&EDATE($A7,12*'Seasonal Factors'!$E$4)),"") -> 0.55594837 | F7: =IFERROR(E7/AVERAGE(E7:E13),"") -> 0.43397409 | I7: =IFERROR(AVERAGEIFS($H$7:$H$294,$B$7:$B$294,$B7,$A$7:$A$294,">="&EDATE($A7,-12*'Seasonal Factors'!$E$4),$A$7:$A$294,"<="&EDATE($A7,12*'Seasonal Factors'!$E$4)),"") -> 0.33273156 | J7: =IFERROR(I7/AVERAGE(I7:I13),"") -> 0.27241964 | M7: =IFERROR(AVERAGEIFS($L$7:$L$294,$B$7:$B$294,$B7,$A$7:$A$294,">="&EDATE($A7,-12*'Seasonal Factors'!$E$4),$A$7:$A$294,"<="&EDATE($A7,12*'Seasonal Factors'!$E$4)),"") -> 1.0048836 | N7: =IFERROR(M7/AVERAGE(M7:M13),"") -> 1.0075163 | Q7: =IFERROR(AVERAGEIFS($P$7:$P$294,$B$7:$B$294,$B7,$A$7:$A$294,">="&EDATE($A7,-12*'Seasonal Factors'!$E$4),$A$7:$A$294,"<="&EDATE($A7,12*'Seasonal Factors'!$E$4)),"") -> 0.92746321 | R7: =IFERROR(Q7/AVERAGE(Q7:Q13),"") -> 0.93923788 | U7: =IFERROR(AVERAGEIFS($T$7:$T$294,$B$7:$B$294,$B7,$A$7:$A$294,">="&EDATE($A7,-12*'Seasonal Factors'!$E$4),$A$7:$A$294,"<="&EDATE($A7,12*'Seasonal Factors'!$E$4)),"") -> 1.0385353 | V7: =IFERROR(U7/AVERAGE(U7:U13),"") -> 1.0280534 | Y7: =IFERROR(AVERAGEIFS($X$7:$X$294,$B$7:$B$294,$B7,$A$7:$A$294,">="&EDATE($A7,-12*'Seasonal Factors'!$E$4),$A$7:$A$294,"<="&EDATE($A7,12*'Seasonal Factors'!$E$4)),"") -> 1.0084391 | Z7: =IFERROR(Y7/AVERAGE(Y7:Y13),"") -> 1.0004949 | AC7: =IFERROR(AVERAGEIFS($AB$7:$AB$294,$B$7:$B$294,$B7,$A$7:$A$294,">="&EDATE($A7,-12*'Seasonal Factors'!$E$4),$A$7:$A$294,"<="&EDATE($A7,12*'Seasonal Factors'!$E$4)),"") -> 0.9502026 | AD7: =IFERROR(AC7/AVERAGE(AC7:AC13),"") -> 0.94122974 | AG7: =IFERROR(AVERAGEIFS($AF$7:$AF$294,$B$7:$B$294,$B7,$A$7:$A$294,">="&EDATE($A7,-12*'Seasonal Factors'!$E$4),$A$7:$A$294,"<="&EDATE($A7,12*'Seasonal Factors'!$E$4)),"") -> 1.1152737 | AH7: =IFERROR(AG7/AVERAGE(AG7:AG13),"") -> 1.1144596 | AK7: =IFERROR(AVERAGEIFS($AJ$7:$AJ$294,$B$7:$B$294,$B7,$A$7:$A$294,">="&EDATE($A7,-12*'Seasonal Factors'!$E$4),$A$7:$A$294,"<="&EDATE($A7,12*'Seasonal Factors'!$E$4)),"") -> 0.99191057 | AL7: =IFERROR(AK7/AVERAGE(AK7:AK13),"") -> 0.98109924 | AO7: =IFERROR(AVERAGEIFS($AN$7:$AN$294,$B$7:$B$294,$B7,$A$7:$A$294,">="&EDATE($A7,-12*'Seasonal Factors'!$E$4),$A$7:$A$294,"<="&EDATE($A7,12*'Seasonal Factors'!$E$4)),"") -> 1.0319244 | AP7: =IFERROR(AO7/AVERAGE(AO7:AO13),"") -> 1.0317935 | AS7: =IFERROR(AVERAGEIFS($AR$7:$AR$294,$B$7:$B$294,$B7,$A$7:$A$294,">="&EDATE($A7,-12*'Seasonal Factors'!$E$4),$A$7:$A$294,"<="&EDATE($A7,12*'Seasonal Factors'!$E$4)),"") -> 0.94364373 | AT7: =IFERROR(AS7/AVERAGE(AS7:AS13),"") -> 0.95347275 | AW7: =IFERROR(AVERAGEIFS($AV$7:$AV$294,$B$7:$B$294,$B7,$A$7:$A$294,">="&EDATE($A7,-12*'Seasonal Factors'!$E$4),$A$7:$A$294,"<="&EDATE($A7,12*'Seasonal Factors'!$E$4)),"") -> 0.98778628 | AX7: =IFERROR(AW7/AVERAGE(AW7:AW13),"") -> 0.99091297 | BA7: =IFERROR(AVERAGEIFS($AZ$7:$AZ$294,$B$7:$B$294,$B7,$A$7:$A$294,">="&EDATE($A7,-12*'Seasonal Factors'!$E$4),$A$7:$A$294,"<="&EDATE($A7,12*'Seasonal Factors'!$E$4)),"") -> 0.97209641 | BB7: =IFERROR(BA7/AVERAGE(BA7:BA13),"") -> 0.97938267 | BE7: =IFERROR(AVERAGEIFS($BD$7:$BD$294,$B$7:$B$294,$B7,$A$7:$A$294,">="&EDATE($A7,-12*'Seasonal Factors'!$E$4),$A$7:$A$294,"<="&EDATE($A7,12*'Seasonal Factors'!$E$4)),"") -> 0.97829956 | BF7: =IFERROR(BE7/AVERAGE(BE7:BE13),"") -> 0.97039575 | BI7: =IFERROR(AVERAGEIFS($BH$7:$BH$294,$B$7:$B$294,$B7,$A$7:$A$294,">="&EDATE($A7,-12*'Seasonal Factors'!$E$4),$A$7:$A$294,"<="&EDATE($A7,12*'Seasonal Factors'!$E$4)),"") -> 1.0171449 | BJ7: =IFERROR(BI7/AVERAGE(BI7:BI13),"") -> 1.0038065
A8: 38046 | B8: =MONTH(A8) -> 2 | E8: =IFERROR(AVERAGEIFS($D$7:$D$294,$B$7:$B$294,$B8,$A$7:$A$294,">="&EDATE($A8,-12*'Seasonal Factors'!$E$4),$A$7:$A$294,"<="&EDATE($A8,12*'Seasonal Factors'!$E$4)),"") -> 0.56108749 | F8: =IFERROR(E8/AVERAGE(E7:E14),"") -> 0.47005066 | I8: =IFERROR(AVERAGEIFS($H$7:$H$294,$B$7:$B$294,$B8,$A$7:$A$294,">="&EDATE($A8,-12*'Seasonal Factors'!$E$4),$A$7:$A$294,"<="&EDATE($A8,12*'Seasonal Factors'!$E$4)),"") -> 0.75044925 | J8: =IFERROR(I8/AVERAGE(I7:I14),"") -> 0.63175003 | M8: =IFERROR(AVERAGEIFS($L$7:$L$294,$B$7:$B$294,$B8,$A$7:$A$294,">="&EDATE($A8,-12*'Seasonal Factors'!$E$4),$A$7:$A$294,"<="&EDATE($A8,12*'Seasonal Factors'!$E$4)),"") -> 0.93281158 | N8: =IFERROR(M8/AVERAGE(M7:M14),"") -> 0.9318041 | Q8: =IFERROR(AVERAGEIFS($P$7:$P$294,$B$7:$B$294,$B8,$A$7:$A$294,">="&EDATE($A8,-12*'Seasonal Factors'!$E$4),$A$7:$A$294,"<="&EDATE($A8,12*'Seasonal Factors'!$E$4)),"") -> 0.90529023 | R8: =IFERROR(Q8/AVERAGE(Q7:Q14),"") -> 0.91324232 | U8: =IFERROR(AVERAGEIFS($T$7:$T$294,$B$7:$B$294,$B8,$A$7:$A$294,">="&EDATE($A8,-12*'Seasonal Factors'!$E$4),$A$7:$A$294,"<="&EDATE($A8,12*'Seasonal Factors'!$E$4)),"") -> 0.97299595 | V8: =IFERROR(U8/AVERAGE(U7:U14),"") -> 0.95962324 | Y8: =IFERROR(AVERAGEIFS($X$7:$X$294,$B$7:$B$294,$B8,$A$7:$A$294,">="&EDATE($A8,-12*'Seasonal Factors'!$E$4),$A$7:$A$294,"<="&EDATE($A8,12*'Seasonal Factors'!$E$4)),"") -> 1.022715 | Z8: =IFERROR(Y8/AVERAGE(Y7:Y14),"") -> 1.0140206 | AC8: =IFERROR(AVERAGEIFS($AB$7:$AB$294,$B$7:$B$294,$B8,$A$7:$A$294,">="&EDATE($A8,-12*'Seasonal Factors'!$E$4),$A$7:$A$294,"<="&EDATE($A8,12*'Seasonal Factors'!$E$4)),"") -> 0.93505428 | AD8: =IFERROR(AC8/AVERAGE(AC7:AC14),"") -> 0.92660012 | AG8: =IFERROR(AVERAGEIFS($AF$7:$AF$294,$B$7:$B$294,$B8,$A$7:$A$294,">="&EDATE($A8,-12*'Seasonal Factors'!$E$4),$A$7:$A$294,"<="&EDATE($A8,12*'Seasonal Factors'!$E$4)),"") -> 1.0666997 | AH8: =IFERROR(AG8/AVERAGE(AG7:AG14),"") -> 1.0671696 | AK8: =IFERROR(AVERAGEIFS($AJ$7:$AJ$294,$B$7:$B$294,$B8,$A$7:$A$294,">="&EDATE($A8,-12*'Seasonal Factors'!$E$4),$A$7:$A$294,"<="&EDATE($A8,12*'Seasonal Factors'!$E$4)),"") -> 0.94166902 | AL8: =IFERROR(AK8/AVERAGE(AK7:AK14),"") -> 0.9335053 | AO8: =IFERROR(AVERAGEIFS($AN$7:$AN$294,$B$7:$B$294,$B8,$A$7:$A$294,">="&EDATE($A8,-12*'Seasonal Factors'!$E$4),$A$7:$A$294,"<="&EDATE($A8,12*'Seasonal Factors'!$E$4)),"") -> 0.97988114 | AP8: =IFERROR(AO8/AVERAGE(AO7:AO14),"") -> 0.97878408 | AS8: =IFERROR(AVERAGEIFS($AR$7:$AR$294,$B$7:$B$294,$B8,$A$7:$A$294,">="&EDATE($A8,-12*'Seasonal Factors'!$E$4),$A$7:$A$294,"<="&EDATE($A8,12*'Seasonal Factors'!$E$4)),"") -> 0.96137716 | AT8: =IFERROR(AS8/AVERAGE(AS7:AS14),"") -> 0.96900999 | AW8: =IFERROR(AVERAGEIFS($AV$7:$AV$294,$B$7:$B$294,$B8,$A$7:$A$294,">="&EDATE($A8,-12*'Seasonal Factors'!$E$4),$A$7:$A$294,"<="&EDATE($A8,12*'Seasonal Factors'!$E$4)),"") -> 0.99481363 | AX8: =IFERROR(AW8/AVERAGE(AW7:AW14),"") -> 0.99740147 | BA8: =IFERROR(AVERAGEIFS($AZ$7:$AZ$294,$B$7:$B$294,$B8,$A$7:$A$294,">="&EDATE($A8,-12*'Seasonal Factors'!$E$4),$A$7:$A$294,"<="&EDATE($A8,12*'Seasonal Factors'!$E$4)),"") -> 0.9791379 | BB8: =IFERROR(BA8/AVERAGE(BA7:BA14),"") -> 0.98472307 | BE8: =IFERROR(AVERAGEIFS($BD$7:$BD$294,$B$7:$B$294,$B8,$A$7:$A$294,">="&EDATE($A8,-12*'Seasonal Factors'!$E$4),$A$7:$A$294,"<="&EDATE($A8,12*'Seasonal Factors'!$E$4)),"") -> 0.93126298 | BF8: =IFERROR(BE8/AVERAGE(BE7:BE14),"") -> 0.92013996 | BI8: =IFERROR(AVERAGEIFS($BH$7:$BH$294,$B$7:$B$294,$B8,$A$7:$A$294,">="&EDATE($A8,-12*'Seasonal Factors'!$E$4),$A$7:$A$294,"<="&EDATE($A8,12*'Seasonal Factors'!$E$4)),"") -> 0.98890195 | BJ8: =IFERROR(BI8/AVERAGE(BI7:BI14),"") -> 0.97515355
A9: 38077 | B9: =MONTH(A9) -> 3 | E9: =IFERROR(AVERAGEIFS($D$7:$D$294,$B$7:$B$294,$B9,$A$7:$A$294,">="&EDATE($A9,-12*'Seasonal Factors'!$E$4),$A$7:$A$294,"<="&EDATE($A9,12*'Seasonal Factors'!$E$4)),"") -> 1.0933966 | F9: =IFERROR(E9/AVERAGE(E7:E15),"") -> 0.97502151 | I9: =IFERROR(AVERAGEIFS($H$7:$H$294,$B$7:$B$294,$B9,$A$7:$A$294,">="&EDATE($A9,-12*'Seasonal Factors'!$E$4),$A$7:$A$294,"<="&EDATE($A9,12*'Seasonal Factors'!$E$4)),"") -> 1.5458909 | J9: =IFERROR(I9/AVERAGE(I7:I15),"") -> 1.3751622 | M9: =IFERROR(AVERAGEIFS($L$7:$L$294,$B$7:$B$294,$B9,$A$7:$A$294,">="&EDATE($A9,-12*'Seasonal Factors'!$E$4),$A$7:$A$294,"<="&EDATE($A9,12*'Seasonal Factors'!$E$4)),"") -> 1.0232224 | N9: =IFERROR(M9/AVERAGE(M7:M15),"") -> 1.0218324 | Q9: =IFERROR(AVERAGEIFS($P$7:$P$294,$B$7:$B$294,$B9,$A$7:$A$294,">="&EDATE($A9,-12*'Seasonal Factors'!$E$4),$A$7:$A$294,"<="&EDATE($A9,12*'Seasonal Factors'!$E$4)),"") -> 1.0195923 | R9: =IFERROR(Q9/AVERAGE(Q7:Q15),"") -> 1.0241282 | U9: =IFERROR(AVERAGEIFS($T$7:$T$294,$B$7:$B$294,$B9,$A$7:$A$294,">="&EDATE($A9,-12*'Seasonal Factors'!$E$4),$A$7:$A$294,"<="&EDATE($A9,12*'Seasonal Factors'!$E$4)),"") -> 1.004162 | V9: =IFERROR(U9/AVERAGE(U7:U15),"") -> 0.99454363 | Y9: =IFERROR(AVERAGEIFS($X$7:$X$294,$B$7:$B$294,$B9,$A$7:$A$294,">="&EDATE($A9,-12*'Seasonal Factors'!$E$4),$A$7:$A$294,"<="&EDATE($A9,12*'Seasonal Factors'!$E$4)),"") -> 1.0447517 | Z9: =IFERROR(Y9/AVERAGE(Y7:Y15),"") -> 1.0330931 | AC9: =IFERROR(AVERAGEIFS($AB$7:$AB$294,$B$7:$B$294,$B9,$A$7:$A$294,">="&EDATE($A9,-12*'Seasonal Factors'!$E$4),$A$7:$A$294,"<="&EDATE($A9,12*'Seasonal Factors'!$E$4)),"") -> 1.0813157 | AD9: =IFERROR(AC9/AVERAGE(AC7:AC15),"") -> 1.0722606 | AG9: =IFERROR(AVERAGEIFS($AF$7:$AF$294,$B$7:$B$294,$B9,$A$7:$A$294,">="&EDATE($A9,-12*'Seasonal Factors'!$E$4),$A$7:$A$294,"<="&EDATE($A9,12*'Seasonal Factors'!$E$4)),"") -> 1.0360265 | AH9: =IFERROR(AG9/AVERAGE(AG7:AG15),"") -> 1.0369591 | AK9: =IFERROR(AVERAGEIFS($AJ$7:$AJ$294,$B$7:$B$294,$B9,$A$7:$A$294,">="&EDATE($A9,-12*'Seasonal Factors'!$E$4),$A$7:$A$294,"<="&EDATE($A9,12*'Seasonal Factors'!$E$4)),"") -> 1.0011586 | AL9: =IFERROR(AK9/AVERAGE(AK7:AK15),"") -> 0.99583494 | AO9: =IFERROR(AVERAGEIFS($AN$7:$AN$294,$B$7:$B$294,$B9,$A$7:$A$294,">="&EDATE($A9,-12*'Seasonal Factors'!$E$4),$A$7:$A$294,"<="&EDATE($A9,12*'Seasonal Factors'!$E$4)),"") -> 0.99533554 | AP9: =IFERROR(AO9/AVERAGE(AO7:AO15),"") -> 0.99588458 | AS9: =IFERROR(AVERAGEIFS($AR$7:$AR$294,$B$7:$B$294,$B9,$A$7:$A$294,">="&EDATE($A9,-12*'Seasonal Factors'!$E$4),$A$7:$A$294,"<="&EDATE($A9,12*'Seasonal Factors'!$E$4)),"") -> 0.99343659 | AT9: =IFERROR(AS9/AVERAGE(AS7:AS15),"") -> 0.99899244 | AW9: =IFERROR(AVERAGEIFS($AV$7:$AV$294,$B$7:$B$294,$B9,$A$7:$A$294,">="&EDATE($A9,-12*'Seasonal Factors'!$E$4),$A$7:$A$294,"<="&EDATE($A9,12*'Seasonal Factors'!$E$4)),"") -> 0.99296142 | AX9: =IFERROR(AW9/AVERAGE(AW7:AW15),"") -> 0.99478134 | BA9: =IFERROR(AVERAGEIFS($AZ$7:$AZ$294,$B$7:$B$294,$B9,$A$7:$A$294,">="&EDATE($A9,-12*'Seasonal Factors'!$E$4),$A$7:$A$294,"<="&EDATE($A9,12*'Seasonal Factors'!$E$4)),"") -> 0.98299206 | BB9: =IFERROR(BA9/AVERAGE(BA7:BA15),"") -> 0.98699367 | BE9: =IFERROR(AVERAGEIFS($BD$7:$BD$294,$B$7:$B$294,$B9,$A$7:$A$294,">="&EDATE($A9,-12*'Seasonal Factors'!$E$4),$A$7:$A$294,"<="&EDATE($A9,12*'Seasonal Factors'!$E$4)),"") -> 1.0051527 | BF9: =IFERROR(BE9/AVERAGE(BE7:BE15),"") -> 0.99246899 | BI9: =IFERROR(AVERAGEIFS($BH$7:$BH$294,$B$7:$B$294,$B9,$A$7:$A$294,">="&EDATE($A9,-12*'Seasonal Factors'!$E$4),$A$7:$A$294,"<="&EDATE($A9,12*'Seasonal Factors'!$E$4)),"") -> 0.98407741 | BJ9: =IFERROR(BI9/AVERAGE(BI7:BI15),"") -> 0.97432417
A10: 38107 | B10: =MONTH(A10) -> 4 | E10: =IFERROR(AVERAGEIFS($D$7:$D$294,$B$7:$B$294,$B10,$A$7:$A$294,">="&EDATE($A10,-12*'Seasonal Factors'!$E$4),$A$7:$A$294,"<="&EDATE($A10,12*'Seasonal Factors'!$E$4)),"") -> 1.7147611 | F10: =IFERROR(E10/AVERAGE(E7:E16),"") -> 1.6119791 | I10: =IFERROR(AVERAGEIFS($H$7:$H$294,$B$7:$B$294,$B10,$A$7:$A$294,">="&EDATE($A10,-12*'Seasonal Factors'!$E$4),$A$7:$A$294,"<="&EDATE($A10,12*'Seasonal Factors'!$E$4)),"") -> 1.6033055 | J10: =IFERROR(I10/AVERAGE(I7:I16),"") -> 1.4809592 | M10: =IFERROR(AVERAGEIFS($L$7:$L$294,$B$7:$B$294,$B10,$A$7:$A$294,">="&EDATE($A10,-12*'Seasonal Factors'!$E$4),$A$7:$A$294,"<="&EDATE($A10,12*'Seasonal Factors'!$E$4)),"") -> 0.99819723 | N10: =IFERROR(M10/AVERAGE(M7:M16),"") -> 0.99570031 | Q10: =IFERROR(AVERAGEIFS($P$7:$P$294,$B$7:$B$294,$B10,$A$7:$A$294,">="&EDATE($A10,-12*'Seasonal Factors'!$E$4),$A$7:$A$294,"<="&EDATE($A10,12*'Seasonal Factors'!$E$4)),"") -> 1.0189036 | R10: =IFERROR(Q10/AVERAGE(Q7:Q16),"") -> 1.0171125 | U10: =IFERROR(AVERAGEIFS($T$7:$T$294,$B$7:$B$294,$B10,$A$7:$A$294,">="&EDATE($A10,-12*'Seasonal Factors'!$E$4),$A$7:$A$294,"<="&EDATE($A10,12*'Seasonal Factors'!$E$4)),"") -> 0.96038707 | V10: =IFERROR(U10/AVERAGE(U7:U16),"") -> 0.95691836 | Y10: =IFERROR(AVERAGEIFS($X$7:$X$294,$B$7:$B$294,$B10,$A$7:$A$294,">="&EDATE($A10,-12*'Seasonal Factors'!$E$4),$A$7:$A$294,"<="&EDATE($A10,12*'Seasonal Factors'!$E$4)),"") -> 0.98850621 | Z10: =IFERROR(Y10/AVERAGE(Y7:Y16),"") -> 0.98058683 | AC10: =IFERROR(AVERAGEIFS($AB$7:$AB$294,$B$7:$B$294,$B10,$A$7:$A$294,">="&EDATE($A10,-12*'Seasonal Factors'!$E$4),$A$7:$A$294,"<="&EDATE($A10,12*'Seasonal Factors'!$E$4)),"") -> 1.0322933 | AD10: =IFERROR(AC10/AVERAGE(AC7:AC16),"") -> 1.0239038 | AG10: =IFERROR(AVERAGEIFS($AF$7:$AF$294,$B$7:$B$294,$B10,$A$7:$A$294,">="&EDATE($A10,-12*'Seasonal Factors'!$E$4),$A$7:$A$294,"<="&EDATE($A10,12*'Seasonal Factors'!$E$4)),"") -> 0.96683337 | AH10: =IFERROR(AG10/AVERAGE(AG7:AG16),"") -> 0.96731026 | AK10: =IFERROR(AVERAGEIFS($AJ$7:$AJ$294,$B$7:$B$294,$B10,$A$7:$A$294,">="&EDATE($A10,-12*'Seasonal Factors'!$E$4),$A$7:$A$294,"<="&EDATE($A10,12*'Seasonal Factors'!$E$4)),"") -> 1.02507 | AL10: =IFERROR(AK10/AVERAGE(AK7:AK16),"") -> 1.0212437 | AO10: =IFERROR(AVERAGEIFS($AN$7:$AN$294,$B$7:$B$294,$B10,$A$7:$A$294,">="&EDATE($A10,-12*'Seasonal Factors'!$E$4),$A$7:$A$294,"<="&EDATE($A10,12*'Seasonal Factors'!$E$4)),"") -> 0.98641846 | AP10: =IFERROR(AO10/AVERAGE(AO7:AO16),"") -> 0.98655906 | AS10: =IFERROR(AVERAGEIFS($AR$7:$AR$294,$B$7:$B$294,$B10,$A$7:$A$294,">="&EDATE($A10,-12*'Seasonal Factors'!$E$4),$A$7:$A$294,"<="&EDATE($A10,12*'Seasonal Factors'!$E$4)),"") -> 0.99085338 | AT10: =IFERROR(AS10/AVERAGE(AS7:AS16),"") -> 0.99494487 | AW10: =IFERROR(AVERAGEIFS($AV$7:$AV$294,$B$7:$B$294,$B10,$A$7:$A$294,">="&EDATE($A10,-12*'Seasonal Factors'!$E$4),$A$7:$A$294,"<="&EDATE($A10,12*'Seasonal Factors'!$E$4)),"") -> 0.98879329 | AX10: =IFERROR(AW10/AVERAGE(AW7:AW16),"") -> 0.99032196 | BA10: =IFERROR(AVERAGEIFS($AZ$7:$AZ$294,$B$7:$B$294,$B10,$A$7:$A$294,">="&EDATE($A10,-12*'Seasonal Factors'!$E$4),$A$7:$A$294,"<="&EDATE($A10,12*'Seasonal Factors'!$E$4)),"") -> 0.98157309 | BB10: =IFERROR(BA10/AVERAGE(BA7:BA16),"") -> 0.98444783 | BE10: =IFERROR(AVERAGEIFS($BD$7:$BD$294,$B$7:$B$294,$B10,$A$7:$A$294,">="&EDATE($A10,-12*'Seasonal Factors'!$E$4),$A$7:$A$294,"<="&EDATE($A10,12*'Seasonal Factors'!$E$4)),"") -> 1.024565 | BF10: =IFERROR(BE10/AVERAGE(BE7:BE16),"") -> 1.0153866 | BI10: =IFERROR(AVERAGEIFS($BH$7:$BH$294,$B$7:$B$294,$B10,$A$7:$A$294,">="&EDATE($A10,-12*'Seasonal Factors'!$E$4),$A$7:$A$294,"<="&EDATE($A10,12*'Seasonal Factors'!$E$4)),"") -> 0.99409956 | BJ10: =IFERROR(BI10/AVERAGE(BI7:BI16),"") -> 0.98750863
A11: 38138 | B11: =MONTH(A11) -> 5 | E11: =IFERROR(AVERAGEIFS($D$7:$D$294,$B$7:$B$294,$B11,$A$7:$A$294,">="&EDATE($A11,-12*'Seasonal Factors'!$E$4),$A$7:$A$294,"<="&EDATE($A11,12*'Seasonal Factors'!$E$4)),"") -> 2.4954434 | F11: =IFERROR(E11/AVERAGE(E7:E17),"") -> 2.4238026 | I11: =IFERROR(AVERAGEIFS($H$7:$H$294,$B$7:$B$294,$B11,$A$7:$A$294,">="&EDATE($A11,-12*'Seasonal Factors'!$E$4),$A$7:$A$294,"<="&EDATE($A11,12*'Seasonal Factors'!$E$4)),"") -> 1.9508447 | J11: =IFERROR(I11/AVERAGE(I7:I17),"") -> 1.8893728 | M11: =IFERROR(AVERAGEIFS($L$7:$L$294,$B$7:$B$294,$B11,$A$7:$A$294,">="&EDATE($A11,-12*'Seasonal Factors'!$E$4),$A$7:$A$294,"<="&EDATE($A11,12*'Seasonal Factors'!$E$4)),"") -> 1.0067049 | N11: =IFERROR(M11/AVERAGE(M7:M17),"") -> 1.0076563 | Q11: =IFERROR(AVERAGEIFS($P$7:$P$294,$B$7:$B$294,$B11,$A$7:$A$294,">="&EDATE($A11,-12*'Seasonal Factors'!$E$4),$A$7:$A$294,"<="&EDATE($A11,12*'Seasonal Factors'!$E$4)),"") -> 1.0315528 | R11: =IFERROR(Q11/AVERAGE(Q7:Q17),"") -> 1.0273258 | U11: =IFERROR(AVERAGEIFS($T$7:$T$294,$B$7:$B$294,$B11,$A$7:$A$294,">="&EDATE($A11,-12*'Seasonal Factors'!$E$4),$A$7:$A$294,"<="&EDATE($A11,12*'Seasonal Factors'!$E$4)),"") -> 1.0196935 | V11: =IFERROR(U11/AVERAGE(U7:U17),"") -> 1.0202449 | Y11: =IFERROR(AVERAGEIFS($X$7:$X$294,$B$7:$B$294,$B11,$A$7:$A$294,">="&EDATE($A11,-12*'Seasonal Factors'!$E$4),$A$7:$A$294,"<="&EDATE($A11,12*'Seasonal Factors'!$E$4)),"") -> 0.99949192 | Z11: =IFERROR(Y11/AVERAGE(Y7:Y17),"") -> 0.99293647 | AC11: =IFERROR(AVERAGEIFS($AB$7:$AB$294,$B$7:$B$294,$B11,$A$7:$A$294,">="&EDATE($A11,-12*'Seasonal Factors'!$E$4),$A$7:$A$294,"<="&EDATE($A11,12*'Seasonal Factors'!$E$4)),"") -> 1.0447874 | AD11: =IFERROR(AC11/AVERAGE(AC7:AC17),"") -> 1.0364543 | AG11: =IFERROR(AVERAGEIFS($AF$7:$AF$294,$B$7:$B$294,$B11,$A$7:$A$294,">="&EDATE($A11,-12*'Seasonal Factors'!$E$4),$A$7:$A$294,"<="&EDATE($A11,12*'Seasonal Factors'!$E$4)),"") -> 0.92077967 | AH11: =IFERROR(AG11/AVERAGE(AG7:AG17),"") -> 0.91991651 | AK11: =IFERROR(AVERAGEIFS($AJ$7:$AJ$294,$B$7:$B$294,$B11,$A$7:$A$294,">="&EDATE($A11,-12*'Seasonal Factors'!$E$4),$A$7:$A$294,"<="&EDATE($A11,12*'Seasonal Factors'!$E$4)),"") -> 1.0858807 | AL11: =IFERROR(AK11/AVERAGE(AK7:AK17),"") -> 1.0836358 | AO11: =IFERROR(AVERAGEIFS($AN$7:$AN$294,$B$7:$B$294,$B11,$A$7:$A$294,">="&EDATE($A11,-12*'Seasonal Factors'!$E$4),$A$7:$A$294,"<="&EDATE($A11,12*'Seasonal Factors'!$E$4)),"") -> 1.004411 | AP11: =IFERROR(AO11/AVERAGE(AO7:AO17),"") -> 1.004877 | AS11: =IFERROR(AVERAGEIFS($AR$7:$AR$294,$B$7:$B$294,$B11,$A$7:$A$294,">="&EDATE($A11,-12*'Seasonal Factors'!$E$4),$A$7:$A$294,"<="&EDATE($A11,12*'Seasonal Factors'!$E$4)),"") -> 1.0125759 | AT11: =IFERROR(AS11/AVERAGE(AS7:AS17),"") -> 1.0148549 | AW11: =IFERROR(AVERAGEIFS($AV$7:$AV$294,$B$7:$B$294,$B11,$A$7:$A$294,">="&EDATE($A11,-12*'Seasonal Factors'!$E$4),$A$7:$A$294,"<="&EDATE($A11,12*'Seasonal Factors'!$E$4)),"") -> 1.001495 | AX11: =IFERROR(AW11/AVERAGE(AW7:AW17),"") -> 1.002299 | BA11: =IFERROR(AVERAGEIFS($AZ$7:$AZ$294,$B$7:$B$294,$B11,$A$7:$A$294,">="&EDATE($A11,-12*'Seasonal Factors'!$E$4),$A$7:$A$294,"<="&EDATE($A11,12*'Seasonal Factors'!$E$4)),"") -> 1.0019443 | BB11: =IFERROR(BA11/AVERAGE(BA7:BA17),"") -> 1.0034055 | BE11: =IFERROR(AVERAGEIFS($BD$7:$BD$294,$B$7:$B$294,$B11,$A$7:$A$294,">="&EDATE($A11,-12*'Seasonal Factors'!$E$4),$A$7:$A$294,"<="&EDATE($A11,12*'Seasonal Factors'!$E$4)),"") -> 1.0389657 | BF11: =IFERROR(BE11/AVERAGE(BE7:BE17),"") -> 1.0334543 | BI11: =IFERROR(AVERAGEIFS($BH$7:$BH$294,$B$7:$B$294,$B11,$A$7:$A$294,">="&EDATE($A11,-12*'Seasonal Factors'!$E$4),$A$7:$A$294,"<="&EDATE($A11,12*'Seasonal Factors'!$E$4)),"") -> 1.0039624 | BJ11: =IFERROR(BI11/AVERAGE(BI7:BI17),"") -> 1.0013693
A12: 38168 | B12: =MONTH(A12) -> 6 | E12: =IFERROR(AVERAGEIFS($D$7:$D$294,$B$7:$B$294,$B12,$A$7:$A$294,">="&EDATE($A12,-12*'Seasonal Factors'!$E$4),$A$7:$A$294,"<="&EDATE($A12,12*'Seasonal Factors'!$E$4)),"") -> 1.6661829 | F12: =IFERROR(E12/AVERAGE(E7:E18),"") -> 1.6491461 | I12: =IFERROR(AVERAGEIFS($H$7:$H$294,$B$7:$B$294,$B12,$A$7:$A$294,">="&EDATE($A12,-12*'Seasonal Factors'!$E$4),$A$7:$A$294,"<="&EDATE($A12,12*'Seasonal Factors'!$E$4)),"") -> 1.3570439 | J12: =IFERROR(I12/AVERAGE(I7:I18),"") -> 1.351842 | M12: =IFERROR(AVERAGEIFS($L$7:$L$294,$B$7:$B$294,$B12,$A$7:$A$294,">="&EDATE($A12,-12*'Seasonal Factors'!$E$4),$A$7:$A$294,"<="&EDATE($A12,12*'Seasonal Factors'!$E$4)),"") -> 0.99536377 | N12: =IFERROR(M12/AVERAGE(M7:M18),"") -> 0.99570164 | Q12: =IFERROR(AVERAGEIFS($P$7:$P$294,$B$7:$B$294,$B12,$A$7:$A$294,">="&EDATE($A12,-12*'Seasonal Factors'!$E$4),$A$7:$A$294,"<="&EDATE($A12,12*'Seasonal Factors'!$E$4)),"") -> 0.99393891 | R12: =IFERROR(Q12/AVERAGE(Q7:Q18),"") -> 0.99136184 | U12: =IFERROR(AVERAGEIFS($T$7:$T$294,$B$7:$B$294,$B12,$A$7:$A$294,">="&EDATE($A12,-12*'Seasonal Factors'!$E$4),$A$7:$A$294,"<="&EDATE($A12,12*'Seasonal Factors'!$E$4)),"") -> 1.0348985 | V12: =IFERROR(U12/AVERAGE(U7:U18),"") -> 1.0344673 | Y12: =IFERROR(AVERAGEIFS($X$7:$X$294,$B$7:$B$294,$B12,$A$7:$A$294,">="&EDATE($A12,-12*'Seasonal Factors'!$E$4),$A$7:$A$294,"<="&EDATE($A12,12*'Seasonal Factors'!$E$4)),"") -> 0.98961986 | Z12: =IFERROR(Y12/AVERAGE(Y7:Y18),"") -> 0.98628167 | AC12: =IFERROR(AVERAGEIFS($AB$7:$AB$294,$B$7:$B$294,$B12,$A$7:$A$294,">="&EDATE($A12,-12*'Seasonal Factors'!$E$4),$A$7:$A$294,"<="&EDATE($A12,12*'Seasonal Factors'!$E$4)),"") -> 1.0128541 | AD12: =IFERROR(AC12/AVERAGE(AC7:AC18),"") -> 1.0105514 | AG12: =IFERROR(AVERAGEIFS($AF$7:$AF$294,$B$7:$B$294,$B12,$A$7:$A$294,">="&EDATE($A12,-12*'Seasonal Factors'!$E$4),$A$7:$A$294,"<="&EDATE($A12,12*'Seasonal Factors'!$E$4)),"") -> 0.90123594 | AH12: =IFERROR(AG12/AVERAGE(AG7:AG18),"") -> 0.90032369 | AK12: =IFERROR(AVERAGEIFS($AJ$7:$AJ$294,$B$7:$B$294,$B12,$A$7:$A$294,">="&EDATE($A12,-12*'Seasonal Factors'!$E$4),$A$7:$A$294,"<="&EDATE($A12,12*'Seasonal Factors'!$E$4)),"") -> 1.0249945 | AL12: =IFERROR(AK12/AVERAGE(AK7:AK18),"") -> 1.0239421 | AO12: =IFERROR(AVERAGEIFS($AN$7:$AN$294,$B$7:$B$294,$B12,$A$7:$A$294,">="&EDATE($A12,-12*'Seasonal Factors'!$E$4),$A$7:$A$294,"<="&EDATE($A12,12*'Seasonal Factors'!$E$4)),"") -> 1.008062 | AP12: =IFERROR(AO12/AVERAGE(AO7:AO18),"") -> 1.0070507 | AS12: =IFERROR(AVERAGEIFS($AR$7:$AR$294,$B$7:$B$294,$B12,$A$7:$A$294,">="&EDATE($A12,-12*'Seasonal Factors'!$E$4),$A$7:$A$294,"<="&EDATE($A12,12*'Seasonal Factors'!$E$4)),"") -> 1.0184399 | AT12: =IFERROR(AS12/AVERAGE(AS7:AS18),"") -> 1.0174386 | AW12: =IFERROR(AVERAGEIFS($AV$7:$AV$294,$B$7:$B$294,$B12,$A$7:$A$294,">="&EDATE($A12,-12*'Seasonal Factors'!$E$4),$A$7:$A$294,"<="&EDATE($A12,12*'Seasonal Factors'!$E$4)),"") -> 1.0120421 | AX12: =IFERROR(AW12/AVERAGE(AW7:AW18),"") -> 1.0115858 | BA12: =IFERROR(AVERAGEIFS($AZ$7:$AZ$294,$B$7:$B$294,$B12,$A$7:$A$294,">="&EDATE($A12,-12*'Seasonal Factors'!$E$4),$A$7:$A$294,"<="&EDATE($A12,12*'Seasonal Factors'!$E$4)),"") -> 1.0250141 | BB12: =IFERROR(BA12/AVERAGE(BA7:BA18),"") -> 1.0246728 | BE12: =IFERROR(AVERAGEIFS($BD$7:$BD$294,$B$7:$B$294,$B12,$A$7:$A$294,">="&EDATE($A12,-12*'Seasonal Factors'!$E$4),$A$7:$A$294,"<="&EDATE($A12,12*'Seasonal Factors'!$E$4)),"") -> 1.0689872 | BF12: =IFERROR(BE12/AVERAGE(BE7:BE18),"") -> 1.0692322 | BI12: =IFERROR(AVERAGEIFS($BH$7:$BH$294,$B$7:$B$294,$B12,$A$7:$A$294,">="&EDATE($A12,-12*'Seasonal Factors'!$E$4),$A$7:$A$294,"<="&EDATE($A12,12*'Seasonal Factors'!$E$4)),"") -> 1.0044053 | BJ12: =IFERROR(BI12/AVERAGE(BI7:BI18),"") -> 1.0034798
A13: 38199 | B13: =MONTH(A13) -> 7 | C13: =IF(ISNUMBER(Tabelle1!E20),(0.5*Tabelle1!E8+SUM(Tabelle1!E9:E19)+0.5*Tabelle1!E20)/12,"") -> 99.987505 | D13: =IFERROR(Tabelle1!E14/C13,"") -> 0.94874315 | E13: =IFERROR(AVERAGEIFS($D$7:$D$294,$B$7:$B$294,$B13,$A$7:$A$294,">="&EDATE($A13,-12*'Seasonal Factors'!$E$4),$A$7:$A$294,"<="&EDATE($A13,12*'Seasonal Factors'!$E$4)),"") -> 0.88062469 | F13: =IFERROR(E13/AVERAGE(E8:E19),"") -> 0.87075378 | G13: =IF(ISNUMBER(Tabelle1!F20),(0.5*Tabelle1!F8+SUM(Tabelle1!F9:F19)+0.5*Tabelle1!F20)/12,"") -> 99.72049 | H13: =IFERROR(Tabelle1!F14/G13,"") -> 0.77620296 | I13: =IFERROR(AVERAGEIFS($H$7:$H$294,$B$7:$B$294,$B13,$A$7:$A$294,">="&EDATE($A13,-12*'Seasonal Factors'!$E$4),$A$7:$A$294,"<="&EDATE($A13,12*'Seasonal Factors'!$E$4)),"") -> 1.0094883 | J13: =IFERROR(I13/AVERAGE(I8:I19),"") -> 1.0059012 | K13: =IF(ISNUMBER(Tabelle1!G20),(0.5*Tabelle1!G8+SUM(Tabelle1!G9:G19)+0.5*Tabelle1!G20)/12,"") -> 100.02053 | L13: =IFERROR(Tabelle1!G14/K13,"") -> 1.0078105 | M13: =IFERROR(AVERAGEIFS($L$7:$L$294,$B$7:$B$294,$B13,$A$7:$A$294,">="&EDATE($A13,-12*'Seasonal Factors'!$E$4),$A$7:$A$294,"<="&EDATE($A13,12*'Seasonal Factors'!$E$4)),"") -> 1.0205251 | N13: =IFERROR(M13/AVERAGE(M8:M19),"") -> 1.0206765 | O13: =IF(ISNUMBER(Tabelle1!H20),(0.5*Tabelle1!H8+SUM(Tabelle1!H9:H19)+0.5*Tabelle1!H20)/12,"") -> 100.24349 | P13: =IFERROR(Tabelle1!H14/O13,"") -> 1.0225954 | Q13: =IFERROR(AVERAGEIFS($P$7:$P$294,$B$7:$B$294,$B13,$A$7:$A$294,">="&EDATE($A13,-12*'Seasonal Factors'!$E$4),$A$7:$A$294,"<="&EDATE($A13,12*'Seasonal Factors'!$E$4)),"") -> 1.015504 | R13: =IFERROR(Q13/AVERAGE(Q8:Q19),"") -> 1.0140626 | S13: =IF(ISNUMBER(Tabelle1!I20),(0.5*Tabelle1!I8+SUM(Tabelle1!I9:I19)+0.5*Tabelle1!I20)/12,"") -> 100.38109 | T13: =IFERROR(Tabelle1!I14/S13,"") -> 1.0501633 | U13: =IFERROR(AVERAGEIFS($T$7:$T$294,$B$7:$B$294,$B13,$A$7:$A$294,">="&EDATE($A13,-12*'Seasonal Factors'!$E$4),$A$7:$A$294,"<="&EDATE($A13,12*'Seasonal Factors'!$E$4)),"") -> 1.0406992 | V13: =IFERROR(U13/AVERAGE(U8:U19),"") -> 1.0404922 | W13: =IF(ISNUMBER(Tabelle1!J20),(0.5*Tabelle1!J8+SUM(Tabelle1!J9:J19)+0.5*Tabelle1!J20)/12,"") -> 100.39079 | X13: =IFERROR(Tabelle1!J14/W13,"") -> 0.98520988 | Y13: =IFERROR(AVERAGEIFS($X$7:$X$294,$B$7:$B$294,$B13,$A$7:$A$294,">="&EDATE($A13,-12*'Seasonal Factors'!$E$4),$A$7:$A$294,"<="&EDATE($A13,12*'Seasonal Factors'!$E$4)),"") -> 1.0020583 | Z13: =IFERROR(Y13/AVERAGE(Y8:Y19),"") -> 0.9996508 | AA13: =IF(ISNUMBER(Tabelle1!K20),(0.5*Tabelle1!K8+SUM(Tabelle1!K9:K19)+0.5*Tabelle1!K20)/12,"") -> 100.31609 | AB13: =IFERROR(Tabelle1!K14/AA13,"") -> 1.0050952 | AC13: =IFERROR(AVERAGEIFS($AB$7:$AB$294,$B$7:$B$294,$B13,$A$7:$A$294,">="&EDATE($A13,-12*'Seasonal Factors'!$E$4),$A$7:$A$294,"<="&EDATE($A13,12*'Seasonal Factors'!$E$4)),"") -> 1.0102246 | AD13: =IFERROR(AC13/AVERAGE(AC8:AC19),"") -> 1.0087873 | AE13: =IF(ISNUMBER(Tabelle1!L20),(0.5*Tabelle1!L8+SUM(Tabelle1!L9:L19)+0.5*Tabelle1!L20)/12,"") -> 100.41925 | AF13: =IFERROR(Tabelle1!L14/AE13,"") -> 0.98637577 | AG13: =IFERROR(AVERAGEIFS($AF$7:$AF$294,$B$7:$B$294,$B13,$A$7:$A$294,">="&EDATE($A13,-12*'Seasonal Factors'!$E$4),$A$7:$A$294,"<="&EDATE($A13,12*'Seasonal Factors'!$E$4)),"") -> 0.99826455 | AH13: =IFERROR(AG13/AVERAGE(AG8:AG19),"") -> 0.99787215 | AI13: =IF(ISNUMBER(Tabelle1!M20),(0.5*Tabelle1!M8+SUM(Tabelle1!M9:M19)+0.5*Tabelle1!M20)/12,"") -> 100.48959 | AJ13: =IFERROR(Tabelle1!M14/AI13,"") -> 0.99343818 | AK13: =IFERROR(AVERAGEIFS($AJ$7:$AJ$294,$B$7:$B$294,$B13,$A$7:$A$294,">="&EDATE($A13,-12*'Seasonal Factors'!$E$4),$A$7:$A$294,"<="&EDATE($A13,12*'Seasonal Factors'!$E$4)),"") -> 1.0064539 | AL13: =IFERROR(AK13/AVERAGE(AK8:AK19),"") -> 1.0058714 | AM13: =IF(ISNUMBER(Tabelle1!N20),(0.5*Tabelle1!N8+SUM(Tabelle1!N9:N19)+0.5*Tabelle1!N20)/12,"") -> 100.04978 | AN13: =IFERROR(Tabelle1!N14/AM13,"") -> 0.98970245 | AO13: =IFERROR(AVERAGEIFS($AN$7:$AN$294,$B$7:$B$294,$B13,$A$7:$A$294,">="&EDATE($A13,-12*'Seasonal Factors'!$E$4),$A$7:$A$294,"<="&EDATE($A13,12*'Seasonal Factors'!$E$4)),"") -> 0.99485597 | AP13: =IFERROR(AO13/AVERAGE(AO8:AO19),"") -> 0.99421867 | AQ13: =IF(ISNUMBER(Tabelle1!O20),(0.5*Tabelle1!O8+SUM(Tabelle1!O9:O19)+0.5*Tabelle1!O20)/12,"") -> 100.18704 | AR13: =IFERROR(Tabelle1!O14/AQ13,"") -> 1.006713 | AS13: =IFERROR(AVERAGEIFS($AR$7:$AR$294,$B$7:$B$294,$B13,$A$7:$A$294,">="&EDATE($A13,-12*'Seasonal Factors'!$E$4),$A$7:$A$294,"<="&EDATE($A13,12*'Seasonal Factors'!$E$4)),"") -> 1.0075128 | AT13: =IFERROR(AS13/AVERAGE(AS8:AS19),"") -> 1.0065622 | AU13: =IF(ISNUMBER(Tabelle1!P20),(0.5*Tabelle1!P8+SUM(Tabelle1!P9:P19)+0.5*Tabelle1!P20)/12,"") -> 100.2139 | AV13: =IFERROR(Tabelle1!P14/AU13,"") -> 0.99951396 | AW13: =IFERROR(AVERAGEIFS($AV$7:$AV$294,$B$7:$B$294,$B13,$A$7:$A$294,">="&EDATE($A13,-12*'Seasonal Factors'!$E$4),$A$7:$A$294,"<="&EDATE($A13,12*'Seasonal Factors'!$E$4)),"") -> 1.0000207 | AX13: =IFERROR(AW13/AVERAGE(AW8:AW19),"") -> 0.99969297 | AY13: =IF(ISNUMBER(Tabelle1!Q20),(0.5*Tabelle1!Q8+SUM(Tabelle1!Q9:Q19)+0.5*Tabelle1!Q20)/12,"") -> 100.24358 | AZ13: =IFERROR(Tabelle1!Q14/AY13,"") -> 1.0025589 | BA13: =IFERROR(AVERAGEIFS($AZ$7:$AZ$294,$B$7:$B$294,$B13,$A$7:$A$294,">="&EDATE($A13,-12*'Seasonal Factors'!$E$4),$A$7:$A$294,"<="&EDATE($A13,12*'Seasonal Factors'!$E$4)),"") -> 1.0051647 | BB13: =IFERROR(BA13/AVERAGE(BA8:BA19),"") -> 1.0047149 | BC13: =IF(ISNUMBER(Tabelle1!R20),(0.5*Tabelle1!R8+SUM(Tabelle1!R9:R19)+0.5*Tabelle1!R20)/12,"") -> 100.39896 | BD13: =IFERROR(Tabelle1!R14/BC13,"") -> 1.0143927 | BE13: =IFERROR(AVERAGEIFS($BD$7:$BD$294,$B$7:$B$294,$B13,$A$7:$A$294,">="&EDATE($A13,-12*'Seasonal Factors'!$E$4),$A$7:$A$294,"<="&EDATE($A13,12*'Seasonal Factors'!$E$4)),"") -> 1.0097814 | BF13: =IFERROR(BE13/AVERAGE(BE8:BE19),"") -> 1.009743 | BG13: =IF(ISNUMBER(Tabelle1!S20),(0.5*Tabelle1!S8+SUM(Tabelle1!S9:S19)+0.5*Tabelle1!S20)/12,"") -> 100.40304 | BH13: =IFERROR(Tabelle1!S14/BG13,"") -> 1.0829364 | BI13: =IFERROR(AVERAGEIFS($BH$7:$BH$294,$B$7:$B$294,$B13,$A$7:$A$294,">="&EDATE($A13,-12*'Seasonal Factors'!$E$4),$A$7:$A$294,"<="&EDATE($A13,12*'Seasonal Factors'!$E$4)),"") -> 1.1004231 | BJ13: =IFERROR(BI13/AVERAGE(BI8:BI19),"") -> 1.0997816
A14: 38230 | B14: =MONTH(A14) -> 8 | C14: =IF(ISNUMBER(Tabelle1!E21),(0.5*Tabelle1!E9+SUM(Tabelle1!E10:E20)+0.5*Tabelle1!E21)/12,"") -> 100.15347 | D14: =IFERROR(Tabelle1!E15/C14,"") -> 0.64761767 | E14: =IFERROR(AVERAGEIFS($D$7:$D$294,$B$7:$B$294,$B14,$A$7:$A$294,">="&EDATE($A14,-12*'Seasonal Factors'!$E$4),$A$7:$A$294,"<="&EDATE($A14,12*'Seasonal Factors'!$E$4)),"") -> 0.58195165 | F14: =IFERROR(E14/AVERAGE(E9:E20),"") -> 0.5744149 | G14: =IF(ISNUMBER(Tabelle1!F21),(0.5*Tabelle1!F9+SUM(Tabelle1!F10:F20)+0.5*Tabelle1!F21)/12,"") -> 100.54597 | H14: =IFERROR(Tabelle1!F15/G14,"") -> 0.98759685 | I14: =IFERROR(AVERAGEIFS($H$7:$H$294,$B$7:$B$294,$B14,$A$7:$A$294,">="&EDATE($A14,-12*'Seasonal Factors'!$E$4),$A$7:$A$294,"<="&EDATE($A14,12*'Seasonal Factors'!$E$4)),"") -> 0.95336216 | J14: =IFERROR(I14/AVERAGE(I9:I20),"") -> 0.95391366 | K14: =IF(ISNUMBER(Tabelle1!G21),(0.5*Tabelle1!G9+SUM(Tabelle1!G10:G20)+0.5*Tabelle1!G21)/12,"") -> 99.949785 | L14: =IFERROR(Tabelle1!G15/K14,"") -> 1.0232489 | M14: =IFERROR(AVERAGEIFS($L$7:$L$294,$B$7:$B$294,$B14,$A$7:$A$294,">="&EDATE($A14,-12*'Seasonal Factors'!$E$4),$A$7:$A$294,"<="&EDATE($A14,12*'Seasonal Factors'!$E$4)),"") -> 1.0269412 | N14: =IFERROR(M14/AVERAGE(M9:M20),"") -> 1.0267912 | O14: =IF(ISNUMBER(Tabelle1!H21),(0.5*Tabelle1!H9+SUM(Tabelle1!H10:H20)+0.5*Tabelle1!H21)/12,"") -> 100.7071 | P14: =IFERROR(Tabelle1!H15/O14,"") -> 1.003017 | Q14: =IFERROR(AVERAGEIFS($P$7:$P$294,$B$7:$B$294,$B14,$A$7:$A$294,">="&EDATE($A14,-12*'Seasonal Factors'!$E$4),$A$7:$A$294,"<="&EDATE($A14,12*'Seasonal Factors'!$E$4)),"") -> 1.0180946 | R14: =IFERROR(Q14/AVERAGE(Q9:Q20),"") -> 1.0176384 | S14: =IF(ISNUMBER(Tabelle1!I21),(0.5*Tabelle1!I9+SUM(Tabelle1!I10:I20)+0.5*Tabelle1!I21)/12,"") -> 101.02465 | T14: =IFERROR(Tabelle1!I15/S14,"") -> 1.0292321 | U14: =IFERROR(AVERAGEIFS($T$7:$T$294,$B$7:$B$294,$B14,$A$7:$A$294,">="&EDATE($A14,-12*'Seasonal Factors'!$E$4),$A$7:$A$294,"<="&EDATE($A14,12*'Seasonal Factors'!$E$4)),"") -> 1.0401114 | V14: =IFERROR(U14/AVERAGE(U9:U20),"") -> 1.0405504 | W14: =IF(ISNUMBER(Tabelle1!J21),(0.5*Tabelle1!J9+SUM(Tabelle1!J10:J20)+0.5*Tabelle1!J21)/12,"") -> 101.20497 | X14: =IFERROR(Tabelle1!J15/W14,"") -> 1.0081798 | Y14: =IFERROR(AVERAGEIFS($X$7:$X$294,$B$7:$B$294,$B14,$A$7:$A$294,">="&EDATE($A14,-12*'Seasonal Factors'!$E$4),$A$7:$A$294,"<="&EDATE($A14,12*'Seasonal Factors'!$E$4)),"") -> 1.0130115 | Z14: =IFERROR(Y14/AVERAGE(Y9:Y20),"") -> 1.0115484 | AA14: =IF(ISNUMBER(Tabelle1!K21),(0.5*Tabelle1!K9+SUM(Tabelle1!K10:K20)+0.5*Tabelle1!K21)/12,"") -> 100.9768 | AB14: =IFERROR(Tabelle1!K15/AA14,"") -> 0.9858935 | AC14: =IFERROR(AVERAGEIFS($AB$7:$AB$294,$B$7:$B$294,$B14,$A$7:$A$294,">="&EDATE($A14,-12*'Seasonal Factors'!$E$4),$A$7:$A$294,"<="&EDATE($A14,12*'Seasonal Factors'!$E$4)),"") -> 1.0062589 | AD14: =IFERROR(AC14/AVERAGE(AC9:AC20),"") -> 1.005631 | AE14: =IF(ISNUMBER(Tabelle1!L21),(0.5*Tabelle1!L9+SUM(Tabelle1!L10:L20)+0.5*Tabelle1!L21)/12,"") -> 101.22427 | AF14: =IFERROR(Tabelle1!L15/AE14,"") -> 0.96983162 | AG14: =IFERROR(AVERAGEIFS($AF$7:$AF$294,$B$7:$B$294,$B14,$A$7:$A$294,">="&EDATE($A14,-12*'Seasonal Factors'!$E$4),$A$7:$A$294,"<="&EDATE($A14,12*'Seasonal Factors'!$E$4)),"") -> 0.99136388 | AH14: =IFERROR(AG14/AVERAGE(AG9:AG20),"") -> 0.99143347 | AI14: =IF(ISNUMBER(Tabelle1!M21),(0.5*Tabelle1!M9+SUM(Tabelle1!M10:M20)+0.5*Tabelle1!M21)/12,"") -> 101.44893 | AJ14: =IFERROR(Tabelle1!M15/AI14,"") -> 0.97806553 | AK14: =IFERROR(AVERAGEIFS($AJ$7:$AJ$294,$B$7:$B$294,$B14,$A$7:$A$294,">="&EDATE($A14,-12*'Seasonal Factors'!$E$4),$A$7:$A$294,"<="&EDATE($A14,12*'Seasonal Factors'!$E$4)),"") -> 0.99282457 | AL14: =IFERROR(AK14/AVERAGE(AK9:AK20),"") -> 0.99230491 | AM14: =IF(ISNUMBER(Tabelle1!N21),(0.5*Tabelle1!N9+SUM(Tabelle1!N10:N20)+0.5*Tabelle1!N21)/12,"") -> 100.33379 | AN14: =IFERROR(Tabelle1!N15/AM14,"") -> 1.008437 | AO14: =IFERROR(AVERAGEIFS($AN$7:$AN$294,$B$7:$B$294,$B14,$A$7:$A$294,">="&EDATE($A14,-12*'Seasonal Factors'!$E$4),$A$7:$A$294,"<="&EDATE($A14,12*'Seasonal Factors'!$E$4)),"") -> 1.0080782 | AP14: =IFERROR(AO14/AVERAGE(AO9:AO20),"") -> 1.0076492 | AQ14: =IF(ISNUMBER(Tabelle1!O21),(0.5*Tabelle1!O9+SUM(Tabelle1!O10:O20)+0.5*Tabelle1!O21)/12,"") -> 100.56177 | AR14: =IFERROR(Tabelle1!O15/AQ14,"") -> 1.0100705 | AS14: =IFERROR(AVERAGEIFS($AR$7:$AR$294,$B$7:$B$294,$B14,$A$7:$A$294,">="&EDATE($A14,-12*'Seasonal Factors'!$E$4),$A$7:$A$294,"<="&EDATE($A14,12*'Seasonal Factors'!$E$4)),"") -> 1.009145 | AT14: =IFERROR(AS14/AVERAGE(AS9:AS20),"") -> 1.008314 | AU14: =IF(ISNUMBER(Tabelle1!P21),(0.5*Tabelle1!P9+SUM(Tabelle1!P10:P20)+0.5*Tabelle1!P21)/12,"") -> 100.63895 | AV14: =IFERROR(Tabelle1!P15/AU14,"") -> 1.0003705 | AW14: =IFERROR(AVERAGEIFS($AV$7:$AV$294,$B$7:$B$294,$B14,$A$7:$A$294,">="&EDATE($A14,-12*'Seasonal Factors'!$E$4),$A$7:$A$294,"<="&EDATE($A14,12*'Seasonal Factors'!$E$4)),"") -> 1.0013309 | AX14: =IFERROR(AW14/AVERAGE(AW9:AW20),"") -> 1.0010332 | AY14: =IF(ISNUMBER(Tabelle1!Q21),(0.5*Tabelle1!Q9+SUM(Tabelle1!Q10:Q20)+0.5*Tabelle1!Q21)/12,"") -> 100.73548 | AZ14: =IFERROR(Tabelle1!Q15/AY14,"") -> 1.0065287 | BA14: =IFERROR(AVERAGEIFS($AZ$7:$AZ$294,$B$7:$B$294,$B14,$A$7:$A$294,">="&EDATE($A14,-12*'Seasonal Factors'!$E$4),$A$7:$A$294,"<="&EDATE($A14,12*'Seasonal Factors'!$E$4)),"") -> 1.006703 | BB14: =IFERROR(BA14/AVERAGE(BA9:BA20),"") -> 1.0062965 | BC14: =IF(ISNUMBER(Tabelle1!R21),(0.5*Tabelle1!R9+SUM(Tabelle1!R10:R20)+0.5*Tabelle1!R21)/12,"") -> 101.19695 | BD14: =IFERROR(Tabelle1!R15/BC14,"") -> 1.0325722 | BE14: =IFERROR(AVERAGEIFS($BD$7:$BD$294,$B$7:$B$294,$B14,$A$7:$A$294,">="&EDATE($A14,-12*'Seasonal Factors'!$E$4),$A$7:$A$294,"<="&EDATE($A14,12*'Seasonal Factors'!$E$4)),"") -> 1.0396926 | BF14: =IFERROR(BE14/AVERAGE(BE9:BE20),"") -> 1.0397487 | BG14: =IF(ISNUMBER(Tabelle1!S21),(0.5*Tabelle1!S9+SUM(Tabelle1!S10:S20)+0.5*Tabelle1!S21)/12,"") -> 101.16524 | BH14: =IFERROR(Tabelle1!S15/BG14,"") -> 0.99299738 | BI14: =IFERROR(AVERAGEIFS($BH$7:$BH$294,$B$7:$B$294,$B14,$A$7:$A$294,">="&EDATE($A14,-12*'Seasonal Factors'!$E$4),$A$7:$A$294,"<="&EDATE($A14,12*'Seasonal Factors'!$E$4)),"") -> 1.0197751 | BJ14: =IFERROR(BI14/AVERAGE(BI9:BI20),"") -> 1.019261
A15: 38260 | B15: =MONTH(A15) -> 9 | C15: =IF(ISNUMBER(Tabelle1!E22),(0.5*Tabelle1!E10+SUM(Tabelle1!E11:E21)+0.5*Tabelle1!E22)/12,"") -> 101.49432 | D15: =IFERROR(Tabelle1!E16/C15,"") -> 0.59855471 | E15: =IFERROR(AVERAGEIFS($D$7:$D$294,$B$7:$B$294,$B15,$A$7:$A$294,">="&EDATE($A15,-12*'Seasonal Factors'!$E$4),$A$7:$A$294,"<="&EDATE($A15,12*'Seasonal Factors'!$E$4)),"") -> 0.54327249 | F15: =IFERROR(E15/AVERAGE(E10:E21),"") -> 0.53577022 | G15: =IF(ISNUMBER(Tabelle1!F22),(0.5*Tabelle1!F10+SUM(Tabelle1!F11:F21)+0.5*Tabelle1!F22)/12,"") -> 100.50938 | H15: =IFERROR(Tabelle1!F16/G15,"") -> 0.67812753 | I15: =IFERROR(AVERAGEIFS($H$7:$H$294,$B$7:$B$294,$B15,$A$7:$A$294,">="&EDATE($A15,-12*'Seasonal Factors'!$E$4),$A$7:$A$294,"<="&EDATE($A15,12*'Seasonal Factors'!$E$4)),"") -> 0.61424877 | J15: =IFERROR(I15/AVERAGE(I10:I21),"") -> 0.61805241 | K15: =IF(ISNUMBER(Tabelle1!G22),(0.5*Tabelle1!G10+SUM(Tabelle1!G11:G21)+0.5*Tabelle1!G22)/12,"") -> 99.914345 | L15: =IFERROR(Tabelle1!G16/K15,"") -> 1.0067031 | M15: =IFERROR(AVERAGEIFS($L$7:$L$294,$B$7:$B$294,$B15,$A$7:$A$294,">="&EDATE($A15,-12*'Seasonal Factors'!$E$4),$A$7:$A$294,"<="&EDATE($A15,12*'Seasonal Factors'!$E$4)),"") -> 1.0035929 | N15: =IFERROR(M15/AVERAGE(M10:M21),"") -> 1.0030391 | O15: =IF(ISNUMBER(Tabelle1!H22),(0.5*Tabelle1!H10+SUM(Tabelle1!H11:H21)+0.5*Tabelle1!H22)/12,"") -> 101.1832 | P15: =IFERROR(Tabelle1!H16/O15,"") -> 1.0136339 | Q15: =IFERROR(AVERAGEIFS($P$7:$P$294,$B$7:$B$294,$B15,$A$7:$A$294,">="&EDATE($A15,-12*'Seasonal Factors'!$E$4),$A$7:$A$294,"<="&EDATE($A15,12*'Seasonal Factors'!$E$4)),"") -> 1.0297992 | R15: =IFERROR(Q15/AVERAGE(Q10:Q21),"") -> 1.0302029 | S15: =IF(ISNUMBER(Tabelle1!I22),(0.5*Tabelle1!I10+SUM(Tabelle1!I11:I21)+0.5*Tabelle1!I22)/12,"") -> 101.45955 | T15: =IFERROR(Tabelle1!I16/S15,"") -> 0.9625148 | U15: =IFERROR(AVERAGEIFS($T$7:$T$294,$B$7:$B$294,$B15,$A$7:$A$294,">="&EDATE($A15,-12*'Seasonal Factors'!$E$4),$A$7:$A$294,"<="&EDATE($A15,12*'Seasonal Factors'!$E$4)),"") -> 0.97555714 | V15: =IFERROR(U15/AVERAGE(U10:U21),"") -> 0.97568071 | W15: =IF(ISNUMBER(Tabelle1!J22),(0.5*Tabelle1!J10+SUM(Tabelle1!J11:J21)+0.5*Tabelle1!J22)/12,"") -> 102.09113 | X15: =IFERROR(Tabelle1!J16/W15,"") -> 1.0462724 | Y15: =IFERROR(AVERAGEIFS($X$7:$X$294,$B$7:$B$294,$B15,$A$7:$A$294,">="&EDATE($A15,-12*'Seasonal Factors'!$E$4),$A$7:$A$294,"<="&EDATE($A15,12*'Seasonal Factors'!$E$4)),"") -> 1.0329722 | Z15: =IFERROR(Y15/AVERAGE(Y10:Y21),"") -> 1.0325504 | AA15: =IF(ISNUMBER(Tabelle1!K22),(0.5*Tabelle1!K10+SUM(Tabelle1!K11:K21)+0.5*Tabelle1!K22)/12,"") -> 101.70465 | AB15: =IFERROR(Tabelle1!K16/AA15,"") -> 0.98284908 | AC15: =IFERROR(AVERAGEIFS($AB$7:$AB$294,$B$7:$B$294,$B15,$A$7:$A$294,">="&EDATE($A15,-12*'Seasonal Factors'!$E$4),$A$7:$A$294,"<="&EDATE($A15,12*'Seasonal Factors'!$E$4)),"") -> 1.0030128 | AD15: =IFERROR(AC15/AVERAGE(AC10:AC21),"") -> 1.0030307 | AE15: =IF(ISNUMBER(Tabelle1!L22),(0.5*Tabelle1!L10+SUM(Tabelle1!L11:L21)+0.5*Tabelle1!L22)/12,"") -> 102.01444 | AF15: =IFERROR(Tabelle1!L16/AE15,"") -> 0.9807538 | AG15: =IFERROR(AVERAGEIFS($AF$7:$AF$294,$B$7:$B$294,$B15,$A$7:$A$294,">="&EDATE($A15,-12*'Seasonal Factors'!$E$4),$A$7:$A$294,"<="&EDATE($A15,12*'Seasonal Factors'!$E$4)),"") -> 0.99542832 | AH15: =IFERROR(AG15/AVERAGE(AG10:AG21),"") -> 0.99623044 | AI15: =IF(ISNUMBER(Tabelle1!M22),(0.5*Tabelle1!M10+SUM(Tabelle1!M11:M21)+0.5*Tabelle1!M22)/12,"") -> 102.50241 | AJ15: =IFERROR(Tabelle1!M16/AI15,"") -> 0.96476898 | AK15: =IFERROR(AVERAGEIFS($AJ$7:$AJ$294,$B$7:$B$294,$B15,$A$7:$A$294,">="&EDATE($A15,-12*'Seasonal Factors'!$E$4),$A$7:$A$294,"<="&EDATE($A15,12*'Seasonal Factors'!$E$4)),"") -> 0.97815191 | AL15: =IFERROR(AK15/AVERAGE(AK10:AK21),"") -> 0.97774128 | AM15: =IF(ISNUMBER(Tabelle1!N22),(0.5*Tabelle1!N10+SUM(Tabelle1!N11:N21)+0.5*Tabelle1!N22)/12,"") -> 100.89563 | AN15: =IFERROR(Tabelle1!N16/AM15,"") -> 0.99913676 | AO15: =IFERROR(AVERAGEIFS($AN$7:$AN$294,$B$7:$B$294,$B15,$A$7:$A$294,">="&EDATE($A15,-12*'Seasonal Factors'!$E$4),$A$7:$A$294,"<="&EDATE($A15,12*'Seasonal Factors'!$E$4)),"") -> 0.98607158 | AP15: =IFERROR(AO15/AVERAGE(AO10:AO21),"") -> 0.98564667 | AQ15: =IF(ISNUMBER(Tabelle1!O22),(0.5*Tabelle1!O10+SUM(Tabelle1!O11:O21)+0.5*Tabelle1!O22)/12,"") -> 100.88825 | AR15: =IFERROR(Tabelle1!O16/AQ15,"") -> 1.0209746 | AS15: =IFERROR(AVERAGEIFS($AR$7:$AR$294,$B$7:$B$294,$B15,$A$7:$A$294,">="&EDATE($A15,-12*'Seasonal Factors'!$E$4),$A$7:$A$294,"<="&EDATE($A15,12*'Seasonal Factors'!$E$4)),"") -> 1.0129625 | AT15: =IFERROR(AS15/AVERAGE(AS10:AS21),"") -> 1.0122392 | AU15: =IF(ISNUMBER(Tabelle1!P22),(0.5*Tabelle1!P10+SUM(Tabelle1!P11:P21)+0.5*Tabelle1!P22)/12,"") -> 101.09291 | AV15: =IFERROR(Tabelle1!P16/AU15,"") -> 1.0042899 | AW15: =IFERROR(AVERAGEIFS($AV$7:$AV$294,$B$7:$B$294,$B15,$A$7:$A$294,">="&EDATE($A15,-12*'Seasonal Factors'!$E$4),$A$7:$A$294,"<="&EDATE($A15,12*'Seasonal Factors'!$E$4)),"") -> 1.0042915 | AX15: =IFERROR(AW15/AVERAGE(AW10:AW21),"") -> 1.0040053 | AY15: =IF(ISNUMBER(Tabelle1!Q22),(0.5*Tabelle1!Q10+SUM(Tabelle1!Q11:Q21)+0.5*Tabelle1!Q22)/12,"") -> 101.29736 | AZ15: =IFERROR(Tabelle1!Q16/AY15,"") -> 1.0049944 | BA15: =IFERROR(AVERAGEIFS($AZ$7:$AZ$294,$B$7:$B$294,$B15,$A$7:$A$294,">="&EDATE($A15,-12*'Seasonal Factors'!$E$4),$A$7:$A$294,"<="&EDATE($A15,12*'Seasonal Factors'!$E$4)),"") -> 1.0088855 | BB15: =IFERROR(BA15/AVERAGE(BA10:BA21),"") -> 1.0085877 | BC15: =IF(ISNUMBER(Tabelle1!R22),(0.5*Tabelle1!R10+SUM(Tabelle1!R11:R21)+0.5*Tabelle1!R22)/12,"") -> 102.11446 | BD15: =IFERROR(Tabelle1!R16/BC15,"") -> 1.0253194 | BE15: =IFERROR(AVERAGEIFS($BD$7:$BD$294,$B$7:$B$294,$B15,$A$7:$A$294,">="&EDATE($A15,-12*'Seasonal Factors'!$E$4),$A$7:$A$294,"<="&EDATE($A15,12*'Seasonal Factors'!$E$4)),"") -> 1.0183128 | BF15: =IFERROR(BE15/AVERAGE(BE10:BE21),"") -> 1.0185622 | BG15: =IF(ISNUMBER(Tabelle1!S22),(0.5*Tabelle1!S10+SUM(Tabelle1!S11:S21)+0.5*Tabelle1!S22)/12,"") -> 101.88021 | BH15: =IFERROR(Tabelle1!S16/BG15,"") -> 0.98080404 | BI15: =IFERROR(AVERAGEIFS($BH$7:$BH$294,$B$7:$B$294,$B15,$A$7:$A$294,">="&EDATE($A15,-12*'Seasonal Factors'!$E$4),$A$7:$A$294,"<="&EDATE($A15,12*'Seasonal Factors'!$E$4)),"") -> 0.97730266 | BJ15: =IFERROR(BI15/AVERAGE(BI10:BI21),"") -> 0.9772039
A16: 38291 | B16: =MONTH(A16) -> 10 | C16: =IF(ISNUMBER(Tabelle1!E23),(0.5*Tabelle1!E11+SUM(Tabelle1!E12:E22)+0.5*Tabelle1!E23)/12,"") -> 105.1081 | D16: =IFERROR(Tabelle1!E17/C16,"") -> 0.59623624 | E16: =IFERROR(AVERAGEIFS($D$7:$D$294,$B$7:$B$294,$B16,$A$7:$A$294,">="&EDATE($A16,-12*'Seasonal Factors'!$E$4),$A$7:$A$294,"<="&EDATE($A16,12*'Seasonal Factors'!$E$4)),"") -> 0.54494559 | F16: =IFERROR(E16/AVERAGE(E11:E22),"") -> 0.54014164 | G16: =IF(ISNUMBER(Tabelle1!F23),(0.5*Tabelle1!F11+SUM(Tabelle1!F12:F22)+0.5*Tabelle1!F23)/12,"") -> 98.059943 | H16: =IFERROR(Tabelle1!F17/G16,"") -> 0.86117142 | I16: =IFERROR(AVERAGEIFS($H$7:$H$294,$B$7:$B$294,$B16,$A$7:$A$294,">="&EDATE($A16,-12*'Seasonal Factors'!$E$4),$A$7:$A$294,"<="&EDATE($A16,12*'Seasonal Factors'!$E$4)),"") -> 0.70876352 | J16: =IFERROR(I16/AVERAGE(I11:I22),"") -> 0.71562376 | K16: =IF(ISNUMBER(Tabelle1!G23),(0.5*Tabelle1!G11+SUM(Tabelle1!G12:G22)+0.5*Tabelle1!G23)/12,"") -> 100.07134 | L16: =IFERROR(Tabelle1!G17/K16,"") -> 1.0132045 | M16: =IFERROR(AVERAGEIFS($L$7:$L$294,$B$7:$B$294,$B16,$A$7:$A$294,">="&EDATE($A16,-12*'Seasonal Factors'!$E$4),$A$7:$A$294,"<="&EDATE($A16,12*'Seasonal Factors'!$E$4)),"") -> 1.0128344 | N16: =IFERROR(M16/AVERAGE(M11:M22),"") -> 1.0122482 | O16: =IF(ISNUMBER(Tabelle1!H23),(0.5*Tabelle1!H11+SUM(Tabelle1!H12:H22)+0.5*Tabelle1!H23)/12,"") -> 101.81894 | P16: =IFERROR(Tabelle1!H17/O16,"") -> 1.0401375 | Q16: =IFERROR(AVERAGEIFS($P$7:$P$294,$B$7:$B$294,$B16,$A$7:$A$294,">="&EDATE($A16,-12*'Seasonal Factors'!$E$4),$A$7:$A$294,"<="&EDATE($A16,12*'Seasonal Factors'!$E$4)),"") -> 1.0574707 | R16: =IFERROR(Q16/AVERAGE(Q11:Q22),"") -> 1.058348 | S16: =IF(ISNUMBER(Tabelle1!I23),(0.5*Tabelle1!I11+SUM(Tabelle1!I12:I22)+0.5*Tabelle1!I23)/12,"") -> 101.89039 | T16: =IFERROR(Tabelle1!I17/S16,"") -> 0.94402948 | U16: =IFERROR(AVERAGEIFS($T$7:$T$294,$B$7:$B$294,$B16,$A$7:$A$294,">="&EDATE($A16,-12*'Seasonal Factors'!$E$4),$A$7:$A$294,"<="&EDATE($A16,12*'Seasonal Factors'!$E$4)),"") -> 0.94920865 | V16: =IFERROR(U16/AVERAGE(U11:U22),"") -> 0.94940267 | W16: =IF(ISNUMBER(Tabelle1!J23),(0.5*Tabelle1!J11+SUM(Tabelle1!J12:J22)+0.5*Tabelle1!J23)/12,"") -> 103.0944 | X16: =IFERROR(Tabelle1!J17/W16,"") -> 0.9490536 | Y16: =IFERROR(AVERAGEIFS($X$7:$X$294,$B$7:$B$294,$B16,$A$7:$A$294,">="&EDATE($A16,-12*'Seasonal Factors'!$E$4),$A$7:$A$294,"<="&EDATE($A16,12*'Seasonal Factors'!$E$4)),"") -> 0.9791958 | Z16: =IFERROR(Y16/AVERAGE(Y11:Y22),"") -> 0.97945898 | AA16: =IF(ISNUMBER(Tabelle1!K23),(0.5*Tabelle1!K11+SUM(Tabelle1!K12:K22)+0.5*Tabelle1!K23)/12,"") -> 102.63387 | AB16: =IFERROR(Tabelle1!K17/AA16,"") -> 0.98566838 | AC16: =IFERROR(AVERAGEIFS($AB$7:$AB$294,$B$7:$B$294,$B16,$A$7:$A$294,">="&EDATE($A16,-12*'Seasonal Factors'!$E$4),$A$7:$A$294,"<="&EDATE($A16,12*'Seasonal Factors'!$E$4)),"") -> 1.0059328 | AD16: =IFERROR(AC16/AVERAGE(AC11:AC22),"") -> 1.0067 | AE16: =IF(ISNUMBER(Tabelle1!L23),(0.5*Tabelle1!L11+SUM(Tabelle1!L12:L22)+0.5*Tabelle1!L23)/12,"") -> 102.81265 | AF16: =IFERROR(Tabelle1!L17/AE16,"") -> 1.0012331 | AG16: =IFERROR(AVERAGEIFS($AF$7:$AF$294,$B$7:$B$294,$B16,$A$7:$A$294,">="&EDATE($A16,-12*'Seasonal Factors'!$E$4),$A$7:$A$294,"<="&EDATE($A16,12*'Seasonal Factors'!$E$4)),"") -> 1.0031644 | AH16: =IFERROR(AG16/AVERAGE(AG11:AG22),"") -> 1.0035772 | AI16: =IF(ISNUMBER(Tabelle1!M23),(0.5*Tabelle1!M11+SUM(Tabelle1!M12:M22)+0.5*Tabelle1!M23)/12,"") -> 103.73272 | AJ16: =IFERROR(Tabelle1!M17/AI16,"") -> 0.9791753 | AK16: =IFERROR(AVERAGEIFS($AJ$7:$AJ$294,$B$7:$B$294,$B16,$A$7:$A$294,">="&EDATE($A16,-12*'Seasonal Factors'!$E$4),$A$7:$A$294,"<="&EDATE($A16,12*'Seasonal Factors'!$E$4)),"") -> 0.98935366 | AL16: =IFERROR(AK16/AVERAGE(AK11:AK22),"") -> 0.9890102 | AM16: =IF(ISNUMBER(Tabelle1!N23),(0.5*Tabelle1!N11+SUM(Tabelle1!N12:N22)+0.5*Tabelle1!N23)/12,"") -> 101.69502 | AN16: =IFERROR(Tabelle1!N17/AM16,"") -> 1.0037787 | AO16: =IFERROR(AVERAGEIFS($AN$7:$AN$294,$B$7:$B$294,$B16,$A$7:$A$294,">="&EDATE($A16,-12*'Seasonal Factors'!$E$4),$A$7:$A$294,"<="&EDATE($A16,12*'Seasonal Factors'!$E$4)),"") -> 1.0035366 | AP16: =IFERROR(AO16/AVERAGE(AO11:AO22),"") -> 1.0030053 | AQ16: =IF(ISNUMBER(Tabelle1!O23),(0.5*Tabelle1!O11+SUM(Tabelle1!O12:O22)+0.5*Tabelle1!O23)/12,"") -> 101.29277 | AR16: =IFERROR(Tabelle1!O17/AQ16,"") -> 0.99406056 | AS16: =IFERROR(AVERAGEIFS($AR$7:$AR$294,$B$7:$B$294,$B16,$A$7:$A$294,">="&EDATE($A16,-12*'Seasonal Factors'!$E$4),$A$7:$A$294,"<="&EDATE($A16,12*'Seasonal Factors'!$E$4)),"") -> 1.0089303 | AT16: =IFERROR(AS16/AVERAGE(AS11:AS22),"") -> 1.0083293 | AU16: =IF(ISNUMBER(Tabelle1!P23),(0.5*Tabelle1!P11+SUM(Tabelle1!P12:P22)+0.5*Tabelle1!P23)/12,"") -> 101.54613 | AV16: =IFERROR(Tabelle1!P17/AU16,"") -> 1.0014149 | AW16: =IFERROR(AVERAGEIFS($AV$7:$AV$294,$B$7:$B$294,$B16,$A$7:$A$294,">="&EDATE($A16,-12*'Seasonal Factors'!$E$4),$A$7:$A$294,"<="&EDATE($A16,12*'Seasonal Factors'!$E$4)),"") -> 1.001029 | AX16: =IFERROR(AW16/AVERAGE(AW11:AW22),"") -> 1.0010274 | AY16: =IF(ISNUMBER(Tabelle1!Q23),(0.5*Tabelle1!Q11+SUM(Tabelle1!Q12:Q22)+0.5*Tabelle1!Q23)/12,"") -> 101.85797 | AZ16: =IFERROR(Tabelle1!Q17/AY16,"") -> 1.003477 | BA16: =IFERROR(AVERAGEIFS($AZ$7:$AZ$294,$B$7:$B$294,$B16,$A$7:$A$294,">="&EDATE($A16,-12*'Seasonal Factors'!$E$4),$A$7:$A$294,"<="&EDATE($A16,12*'Seasonal Factors'!$E$4)),"") -> 1.0072874 | BB16: =IFERROR(BA16/AVERAGE(BA11:BA22),"") -> 1.0072492 | BC16: =IF(ISNUMBER(Tabelle1!R23),(0.5*Tabelle1!R11+SUM(Tabelle1!R12:R22)+0.5*Tabelle1!R23)/12,"") -> 102.93741 | BD16: =IFERROR(Tabelle1!R17/BC16,"") -> 0.97360783 | BE16: =IFERROR(AVERAGEIFS($BD$7:$BD$294,$B$7:$B$294,$B16,$A$7:$A$294,">="&EDATE($A16,-12*'Seasonal Factors'!$E$4),$A$7:$A$294,"<="&EDATE($A16,12*'Seasonal Factors'!$E$4)),"") -> 0.97537354 | BF16: =IFERROR(BE16/AVERAGE(BE11:BE22),"") -> 0.97527592 | BG16: =IF(ISNUMBER(Tabelle1!S23),(0.5*Tabelle1!S11+SUM(Tabelle1!S12:S22)+0.5*Tabelle1!S23)/12,"") -> 102.56721 | BH16: =IFERROR(Tabelle1!S17/BG16,"") -> 0.98629611 | BI16: =IFERROR(AVERAGEIFS($BH$7:$BH$294,$B$7:$B$294,$B16,$A$7:$A$294,">="&EDATE($A16,-12*'Seasonal Factors'!$E$4),$A$7:$A$294,"<="&EDATE($A16,12*'Seasonal Factors'!$E$4)),"") -> 0.97665068 | BJ16: =IFERROR(BI16/AVERAGE(BI11:BI22),"") -> 0.97650849
A17: 38321 | B17: =MONTH(A17) -> 11 | C17: =IF(ISNUMBER(Tabelle1!E24),(0.5*Tabelle1!E12+SUM(Tabelle1!E13:E23)+0.5*Tabelle1!E24)/12,"") -> 111.12103 | D17: =IFERROR(Tabelle1!E18/C17,"") -> 0.70567426 | E17: =IFERROR(AVERAGEIFS($D$7:$D$294,$B$7:$B$294,$B17,$A$7:$A$294,">="&EDATE($A17,-12*'Seasonal Factors'!$E$4),$A$7:$A$294,"<="&EDATE($A17,12*'Seasonal Factors'!$E$4)),"") -> 0.68751478 | F17: =IFERROR(E17/AVERAGE(E12:E23),"") -> 0.68688736 | G17: =IF(ISNUMBER(Tabelle1!F24),(0.5*Tabelle1!F12+SUM(Tabelle1!F13:F23)+0.5*Tabelle1!F24)/12,"") -> 99.28943 | H17: =IFERROR(Tabelle1!F18/G17,"") -> 0.70939686 | I17: =IFERROR(AVERAGEIFS($H$7:$H$294,$B$7:$B$294,$B17,$A$7:$A$294,">="&EDATE($A17,-12*'Seasonal Factors'!$E$4),$A$7:$A$294,"<="&EDATE($A17,12*'Seasonal Factors'!$E$4)),"") -> 0.53176349 | J17: =IFERROR(I17/AVERAGE(I12:I23),"") -> 0.54000778 | K17: =IF(ISNUMBER(Tabelle1!G24),(0.5*Tabelle1!G12+SUM(Tabelle1!G13:G23)+0.5*Tabelle1!G24)/12,"") -> 100.18103 | L17: =IFERROR(Tabelle1!G18/K17,"") -> 0.96209297 | M17: =IFERROR(AVERAGEIFS($L$7:$L$294,$B$7:$B$294,$B17,$A$7:$A$294,">="&EDATE($A17,-12*'Seasonal Factors'!$E$4),$A$7:$A$294,"<="&EDATE($A17,12*'Seasonal Factors'!$E$4)),"") -> 0.96453704 | N17: =IFERROR(M17/AVERAGE(M12:M23),"") -> 0.96376387 | O17: =IF(ISNUMBER(Tabelle1!H24),(0.5*Tabelle1!H12+SUM(Tabelle1!H13:H23)+0.5*Tabelle1!H24)/12,"") -> 102.57715 | P17: =IFERROR(Tabelle1!H18/O17,"") -> 1.0175278 | Q17: =IFERROR(AVERAGEIFS($P$7:$P$294,$B$7:$B$294,$B17,$A$7:$A$294,">="&EDATE($A17,-12*'Seasonal Factors'!$E$4),$A$7:$A$294,"<="&EDATE($A17,12*'Seasonal Factors'!$E$4)),"") -> 1.0276509 | R17: =IFERROR(Q17/AVERAGE(Q12:Q23),"") -> 1.0289791 | S17: =IF(ISNUMBER(Tabelle1!I24),(0.5*Tabelle1!I12+SUM(Tabelle1!I13:I23)+0.5*Tabelle1!I24)/12,"") -> 102.38073 | T17: =IFERROR(Tabelle1!I18/S17,"") -> 0.9285891 | U17: =IFERROR(AVERAGEIFS($T$7:$T$294,$B$7:$B$294,$B17,$A$7:$A$294,">="&EDATE($A17,-12*'Seasonal Factors'!$E$4),$A$7:$A$294,"<="&EDATE($A17,12*'Seasonal Factors'!$E$4)),"") -> 0.95780607 | V17: =IFERROR(U17/AVERAGE(U12:U23),"") -> 0.95816383 | W17: =IF(ISNUMBER(Tabelle1!J24),(0.5*Tabelle1!J12+SUM(Tabelle1!J13:J23)+0.5*Tabelle1!J24)/12,"") -> 104.17908 | X17: =IFERROR(Tabelle1!J18/W17,"") -> 0.97577715 | Y17: =IFERROR(AVERAGEIFS($X$7:$X$294,$B$7:$B$294,$B17,$A$7:$A$294,">="&EDATE($A17,-12*'Seasonal Factors'!$E$4),$A$7:$A$294,"<="&EDATE($A17,12*'Seasonal Factors'!$E$4)),"") -> 0.99186133 | Z17: =IFERROR(Y17/AVERAGE(Y12:Y23),"") -> 0.99297789 | AA17: =IF(ISNUMBER(Tabelle1!K24),(0.5*Tabelle1!K12+SUM(Tabelle1!K13:K23)+0.5*Tabelle1!K24)/12,"") -> 103.78476 | AB17: =IFERROR(Tabelle1!K18/AA17,"") -> 0.98681133 | AC17: =IFERROR(AVERAGEIFS($AB$7:$AB$294,$B$7:$B$294,$B17,$A$7:$A$294,">="&EDATE($A17,-12*'Seasonal Factors'!$E$4),$A$7:$A$294,"<="&EDATE($A17,12*'Seasonal Factors'!$E$4)),"") -> 1.0065038 | AD17: =IFERROR(AC17/AVERAGE(AC12:AC23),"") -> 1.0083423 | AE17: =IF(ISNUMBER(Tabelle1!L24),(0.5*Tabelle1!L12+SUM(Tabelle1!L13:L23)+0.5*Tabelle1!L24)/12,"") -> 103.56831 | AF17: =IFERROR(Tabelle1!L18/AE17,"") -> 1.0282403 | AG17: =IFERROR(AVERAGEIFS($AF$7:$AF$294,$B$7:$B$294,$B17,$A$7:$A$294,">="&EDATE($A17,-12*'Seasonal Factors'!$E$4),$A$7:$A$294,"<="&EDATE($A17,12*'Seasonal Factors'!$E$4)),"") -> 1.0152513 | AH17: =IFERROR(AG17/AVERAGE(AG12:AG23),"") -> 1.0150235 | AI17: =IF(ISNUMBER(Tabelle1!M24),(0.5*Tabelle1!M12+SUM(Tabelle1!M13:M23)+0.5*Tabelle1!M24)/12,"") -> 105.16352 | AJ17: =IFERROR(Tabelle1!M18/AI17,"") -> 0.99409683 | AK17: =IFERROR(AVERAGEIFS($AJ$7:$AJ$294,$B$7:$B$294,$B17,$A$7:$A$294,">="&EDATE($A17,-12*'Seasonal Factors'!$E$4),$A$7:$A$294,"<="&EDATE($A17,12*'Seasonal Factors'!$E$4)),"") -> 0.98532087 | AL17: =IFERROR(AK17/AVERAGE(AK12:AK23),"") -> 0.98555253 | AM17: =IF(ISNUMBER(Tabelle1!N24),(0.5*Tabelle1!N12+SUM(Tabelle1!N13:N23)+0.5*Tabelle1!N24)/12,"") -> 102.69943 | AN17: =IFERROR(Tabelle1!N18/AM17,"") -> 1.0025584 | AO17: =IFERROR(AVERAGEIFS($AN$7:$AN$294,$B$7:$B$294,$B17,$A$7:$A$294,">="&EDATE($A17,-12*'Seasonal Factors'!$E$4),$A$7:$A$294,"<="&EDATE($A17,12*'Seasonal Factors'!$E$4)),"") -> 0.99632338 | AP17: =IFERROR(AO17/AVERAGE(AO12:AO23),"") -> 0.99598628 | AQ17: =IF(ISNUMBER(Tabelle1!O24),(0.5*Tabelle1!O12+SUM(Tabelle1!O13:O23)+0.5*Tabelle1!O24)/12,"") -> 101.81242 | AR17: =IFERROR(Tabelle1!O18/AQ17,"") -> 1.0144173 | AS17: =IFERROR(AVERAGEIFS($AR$7:$AR$294,$B$7:$B$294,$B17,$A$7:$A$294,">="&EDATE($A17,-12*'Seasonal Factors'!$E$4),$A$7:$A$294,"<="&EDATE($A17,12*'Seasonal Factors'!$E$4)),"") -> 1.0164202 | AT17: =IFERROR(AS17/AVERAGE(AS12:AS23),"") -> 1.0161694 | AU17: =IF(ISNUMBER(Tabelle1!P24),(0.5*Tabelle1!P12+SUM(Tabelle1!P13:P23)+0.5*Tabelle1!P24)/12,"") -> 101.97743 | AV17: =IFERROR(Tabelle1!P18/AU17,"") -> 1.0005755 | AW17: =IFERROR(AVERAGEIFS($AV$7:$AV$294,$B$7:$B$294,$B17,$A$7:$A$294,">="&EDATE($A17,-12*'Seasonal Factors'!$E$4),$A$7:$A$294,"<="&EDATE($A17,12*'Seasonal Factors'!$E$4)),"") -> 1.006612 | AX17: =IFERROR(AW17/AVERAGE(AW12:AW23),"") -> 1.0069086 | AY17: =IF(ISNUMBER(Tabelle1!Q24),(0.5*Tabelle1!Q12+SUM(Tabelle1!Q13:Q23)+0.5*Tabelle1!Q24)/12,"") -> 102.35674 | AZ17: =IFERROR(Tabelle1!Q18/AY17,"") -> 1.001413 | BA17: =IFERROR(AVERAGEIFS($AZ$7:$AZ$294,$B$7:$B$294,$B17,$A$7:$A$294,">="&EDATE($A17,-12*'Seasonal Factors'!$E$4),$A$7:$A$294,"<="&EDATE($A17,12*'Seasonal Factors'!$E$4)),"") -> 1.013183 | BB17: =IFERROR(BA17/AVERAGE(BA12:BA23),"") -> 1.013499 | BC17: =IF(ISNUMBER(Tabelle1!R24),(0.5*Tabelle1!R12+SUM(Tabelle1!R13:R23)+0.5*Tabelle1!R24)/12,"") -> 103.61371 | BD17: =IFERROR(Tabelle1!R18/BC17,"") -> 0.96219466 | BE17: =IFERROR(AVERAGEIFS($BD$7:$BD$294,$B$7:$B$294,$B17,$A$7:$A$294,">="&EDATE($A17,-12*'Seasonal Factors'!$E$4),$A$7:$A$294,"<="&EDATE($A17,12*'Seasonal Factors'!$E$4)),"") -> 0.96826908 | BF17: =IFERROR(BE17/AVERAGE(BE12:BE23),"") -> 0.96781604 | BG17: =IF(ISNUMBER(Tabelle1!S24),(0.5*Tabelle1!S12+SUM(Tabelle1!S13:S23)+0.5*Tabelle1!S24)/12,"") -> 103.29598 | BH17: =IFERROR(Tabelle1!S18/BG17,"") -> 0.96834688 | BI17: =IFERROR(AVERAGEIFS($BH$7:$BH$294,$B$7:$B$294,$B17,$A$7:$A$294,">="&EDATE($A17,-12*'Seasonal Factors'!$E$4),$A$7:$A$294,"<="&EDATE($A17,12*'Seasonal Factors'!$E$4)),"") -> 0.96174134 | BJ17: =IFERROR(BI17/AVERAGE(BI12:BI23),"") -> 0.96164081
A18: 38352 | B18: =MONTH(A18) -> 12 | C18: =IF(ISNUMBER(Tabelle1!E25),(0.5*Tabelle1!E13+SUM(Tabelle1!E14:E24)+0.5*Tabelle1!E25)/12,"") -> 116.8864 | D18: =IFERROR(Tabelle1!E19/C18,"") -> 0.79340405 | E18: =IFERROR(AVERAGEIFS($D$7:$D$294,$B$7:$B$294,$B18,$A$7:$A$294,">="&EDATE($A18,-12*'Seasonal Factors'!$E$4),$A$7:$A$294,"<="&EDATE($A18,12*'Seasonal Factors'!$E$4)),"") -> 0.7988391 | F18: =IFERROR(E18/AVERAGE(E13:E24),"") -> 0.801629 | G18: =IF(ISNUMBER(Tabelle1!F25),(0.5*Tabelle1!F13+SUM(Tabelle1!F14:F24)+0.5*Tabelle1!F25)/12,"") -> 99.826669 | H18: =IFERROR(Tabelle1!F19/G18,"") -> 0.76121062 | I18: =IFERROR(AVERAGEIFS($H$7:$H$294,$B$7:$B$294,$B18,$A$7:$A$294,">="&EDATE($A18,-12*'Seasonal Factors'!$E$4),$A$7:$A$294,"<="&EDATE($A18,12*'Seasonal Factors'!$E$4)),"") -> 0.68828392 | J18: =IFERROR(I18/AVERAGE(I13:I24),"") -> 0.70181655 | K18: =IF(ISNUMBER(Tabelle1!G25),(0.5*Tabelle1!G13+SUM(Tabelle1!G14:G24)+0.5*Tabelle1!G25)/12,"") -> 100.14028 | L18: =IFERROR(Tabelle1!G19/K18,"") -> 1.0057772 | M18: =IFERROR(AVERAGEIFS($L$7:$L$294,$B$7:$B$294,$B18,$A$7:$A$294,">="&EDATE($A18,-12*'Seasonal Factors'!$E$4),$A$7:$A$294,"<="&EDATE($A18,12*'Seasonal Factors'!$E$4)),"") -> 1.0063139 | N18: =IFERROR(M18/AVERAGE(M13:M24),"") -> 1.0056521 | O18: =IF(ISNUMBER(Tabelle1!H25),(0.5*Tabelle1!H13+SUM(Tabelle1!H14:H24)+0.5*Tabelle1!H25)/12,"") -> 103.2597 | P18: =IFERROR(Tabelle1!H19/O18,"") -> 0.98657794 | Q18: =IFERROR(AVERAGEIFS($P$7:$P$294,$B$7:$B$294,$B18,$A$7:$A$294,">="&EDATE($A18,-12*'Seasonal Factors'!$E$4),$A$7:$A$294,"<="&EDATE($A18,12*'Seasonal Factors'!$E$4)),"") -> 0.98593384 | R18: =IFERROR(Q18/AVERAGE(Q13:Q24),"") -> 0.98721093 | S18: =IF(ISNUMBER(Tabelle1!I25),(0.5*Tabelle1!I13+SUM(Tabelle1!I14:I24)+0.5*Tabelle1!I25)/12,"") -> 102.79404 | T18: =IFERROR(Tabelle1!I19/S18,"") -> 1.008986 | U18: =IFERROR(AVERAGEIFS($T$7:$T$294,$B$7:$B$294,$B18,$A$7:$A$294,">="&EDATE($A18,-12*'Seasonal Factors'!$E$4),$A$7:$A$294,"<="&EDATE($A18,12*'Seasonal Factors'!$E$4)),"") -> 1.0109479 | V18: =IFERROR(U18/AVERAGE(U13:U24),"") -> 1.0105878 | W18: =IF(ISNUMBER(Tabelle1!J25),(0.5*Tabelle1!J13+SUM(Tabelle1!J14:J24)+0.5*Tabelle1!J25)/12,"") -> 105.25765 | X18: =IFERROR(Tabelle1!J19/W18,"") -> 0.96777354 | Y18: =IFERROR(AVERAGEIFS($X$7:$X$294,$B$7:$B$294,$B18,$A$7:$A$294,">="&EDATE($A18,-12*'Seasonal Factors'!$E$4),$A$7:$A$294,"<="&EDATE($A18,12*'Seasonal Factors'!$E$4)),"") -> 0.96799245 | Z18: =IFERROR(Y18/AVERAGE(Y13:Y24),"") -> 0.96970543 | AA18: =IF(ISNUMBER(Tabelle1!K25),(0.5*Tabelle1!K13+SUM(Tabelle1!K14:K24)+0.5*Tabelle1!K25)/12,"") -> 104.75025 | AB18: =IFERROR(Tabelle1!K19/AA18,"") -> 0.94633114 | AC18: =IFERROR(AVERAGEIFS($AB$7:$AB$294,$B$7:$B$294,$B18,$A$7:$A$294,">="&EDATE($A18,-12*'Seasonal Factors'!$E$4),$A$7:$A$294,"<="&EDATE($A18,12*'Seasonal Factors'!$E$4)),"") -> 0.93890356 | AD18: =IFERROR(AC18/AVERAGE(AC13:AC24),"") -> 0.94066421 | AE18: =IF(ISNUMBER(Tabelle1!L25),(0.5*Tabelle1!L13+SUM(Tabelle1!L14:L24)+0.5*Tabelle1!L25)/12,"") -> 104.33173 | AF18: =IFERROR(Tabelle1!L19/AE18,"") -> 1.0120476 | AG18: =IFERROR(AVERAGEIFS($AF$7:$AF$294,$B$7:$B$294,$B18,$A$7:$A$294,">="&EDATE($A18,-12*'Seasonal Factors'!$E$4),$A$7:$A$294,"<="&EDATE($A18,12*'Seasonal Factors'!$E$4)),"") -> 1.0018377 | AH18: =IFERROR(AG18/AVERAGE(AG13:AG24),"") -> 1.0010017 | AI18: =IF(ISNUMBER(Tabelle1!M25),(0.5*Tabelle1!M13+SUM(Tabelle1!M14:M24)+0.5*Tabelle1!M25)/12,"") -> 106.64789 | AJ18: =IFERROR(Tabelle1!M19/AI18,"") -> 0.99004068 | AK18: =IFERROR(AVERAGEIFS($AJ$7:$AJ$294,$B$7:$B$294,$B18,$A$7:$A$294,">="&EDATE($A18,-12*'Seasonal Factors'!$E$4),$A$7:$A$294,"<="&EDATE($A18,12*'Seasonal Factors'!$E$4)),"") -> 0.98954505 | AL18: =IFERROR(AK18/AVERAGE(AK13:AK24),"") -> 0.98971804 | AM18: =IF(ISNUMBER(Tabelle1!N25),(0.5*Tabelle1!N13+SUM(Tabelle1!N14:N24)+0.5*Tabelle1!N25)/12,"") -> 103.77864 | AN18: =IFERROR(Tabelle1!N19/AM18,"") -> 1.017947 | AO18: =IFERROR(AVERAGEIFS($AN$7:$AN$294,$B$7:$B$294,$B18,$A$7:$A$294,">="&EDATE($A18,-12*'Seasonal Factors'!$E$4),$A$7:$A$294,"<="&EDATE($A18,12*'Seasonal Factors'!$E$4)),"") -> 1.0171524 | AP18: =IFERROR(AO18/AVERAGE(AO13:AO24),"") -> 1.0165255 | AQ18: =IF(ISNUMBER(Tabelle1!O25),(0.5*Tabelle1!O13+SUM(Tabelle1!O14:O24)+0.5*Tabelle1!O25)/12,"") -> 102.29148 | AR18: =IFERROR(Tabelle1!O19/AQ18,"") -> 1.0397476 | AS18: =IFERROR(AVERAGEIFS($AR$7:$AR$294,$B$7:$B$294,$B18,$A$7:$A$294,">="&EDATE($A18,-12*'Seasonal Factors'!$E$4),$A$7:$A$294,"<="&EDATE($A18,12*'Seasonal Factors'!$E$4)),"") -> 1.0365121 | AT18: =IFERROR(AS18/AVERAGE(AS13:AS24),"") -> 1.0363124 | AU18: =IF(ISNUMBER(Tabelle1!P25),(0.5*Tabelle1!P13+SUM(Tabelle1!P14:P24)+0.5*Tabelle1!P25)/12,"") -> 102.42998 | AV18: =IFERROR(Tabelle1!P19/AU18,"") -> 1.0054146 | AW18: =IFERROR(AVERAGEIFS($AV$7:$AV$294,$B$7:$B$294,$B18,$A$7:$A$294,">="&EDATE($A18,-12*'Seasonal Factors'!$E$4),$A$7:$A$294,"<="&EDATE($A18,12*'Seasonal Factors'!$E$4)),"") -> 1.0142372 | AX18: =IFERROR(AW18/AVERAGE(AW13:AW24),"") -> 1.0148445 | AY18: =IF(ISNUMBER(Tabelle1!Q25),(0.5*Tabelle1!Q13+SUM(Tabelle1!Q14:Q24)+0.5*Tabelle1!Q25)/12,"") -> 102.85659 | AZ18: =IFERROR(Tabelle1!Q19/AY18,"") -> 1.0153891 | BA18: =IFERROR(AVERAGEIFS($AZ$7:$AZ$294,$B$7:$B$294,$B18,$A$7:$A$294,">="&EDATE($A18,-12*'Seasonal Factors'!$E$4),$A$7:$A$294,"<="&EDATE($A18,12*'Seasonal Factors'!$E$4)),"") -> 1.0200151 | BB18: =IFERROR(BA18/AVERAGE(BA13:BA24),"") -> 1.0207264 | BC18: =IF(ISNUMBER(Tabelle1!R25),(0.5*Tabelle1!R13+SUM(Tabelle1!R14:R24)+0.5*Tabelle1!R25)/12,"") -> 104.55582 | BD18: =IFERROR(Tabelle1!R19/BC18,"") -> 0.93005139 | BE18: =IFERROR(AVERAGEIFS($BD$7:$BD$294,$B$7:$B$294,$B18,$A$7:$A$294,">="&EDATE($A18,-12*'Seasonal Factors'!$E$4),$A$7:$A$294,"<="&EDATE($A18,12*'Seasonal Factors'!$E$4)),"") -> 0.93858787 | BF18: =IFERROR(BE18/AVERAGE(BE13:BE24),"") -> 0.93832632 | BG18: =IF(ISNUMBER(Tabelle1!S25),(0.5*Tabelle1!S13+SUM(Tabelle1!S14:S24)+0.5*Tabelle1!S25)/12,"") -> 104.14335 | BH18: =IFERROR(Tabelle1!S19/BG18,"") -> 0.99669507 | BI18: =IFERROR(AVERAGEIFS($BH$7:$BH$294,$B$7:$B$294,$B18,$A$7:$A$294,">="&EDATE($A18,-12*'Seasonal Factors'!$E$4),$A$7:$A$294,"<="&EDATE($A18,12*'Seasonal Factors'!$E$4)),"") -> 0.98258255 | BJ18: =IFERROR(BI18/AVERAGE(BI13:BI24),"") -> 0.98258018
A19: 38383 | B19: =MONTH(A19) -> 1 | C19: =IF(ISNUMBER(Tabelle1!E26),(0.5*Tabelle1!E14+SUM(Tabelle1!E15:E25)+0.5*Tabelle1!E26)/12,"") -> 119.23819 | D19: =IFERROR(Tabelle1!E20/C19,"") -> 0.55095997 | E19: =IFERROR(AVERAGEIFS($D$7:$D$294,$B$7:$B$294,$B19,$A$7:$A$294,">="&EDATE($A19,-12*'Seasonal Factors'!$E$4),$A$7:$A$294,"<="&EDATE($A19,12*'Seasonal Factors'!$E$4)),"") -> 0.56801279 | F19: =IFERROR(E19/AVERAGE(E14:E25),"") -> 0.56927504 | G19: =IF(ISNUMBER(Tabelle1!F26),(0.5*Tabelle1!F14+SUM(Tabelle1!F15:F25)+0.5*Tabelle1!F26)/12,"") -> 97.707505 | H19: =IFERROR(Tabelle1!F20/G19,"") -> 0.3668054 | I19: =IFERROR(AVERAGEIFS($H$7:$H$294,$B$7:$B$294,$B19,$A$7:$A$294,">="&EDATE($A19,-12*'Seasonal Factors'!$E$4),$A$7:$A$294,"<="&EDATE($A19,12*'Seasonal Factors'!$E$4)),"") -> 0.32934926 | J19: =IFERROR(I19/AVERAGE(I14:I25),"") -> 0.33651104 | K19: =IF(ISNUMBER(Tabelle1!G26),(0.5*Tabelle1!G14+SUM(Tabelle1!G15:G25)+0.5*Tabelle1!G26)/12,"") -> 100.22961 | L19: =IFERROR(Tabelle1!G20/K19,"") -> 1.0096549 | M19: =IFERROR(AVERAGEIFS($L$7:$L$294,$B$7:$B$294,$B19,$A$7:$A$294,">="&EDATE($A19,-12*'Seasonal Factors'!$E$4),$A$7:$A$294,"<="&EDATE($A19,12*'Seasonal Factors'!$E$4)),"") -> 1.0071757 | N19: =IFERROR(M19/AVERAGE(M14:M25),"") -> 1.0065775 | O19: =IF(ISNUMBER(Tabelle1!H26),(0.5*Tabelle1!H14+SUM(Tabelle1!H15:H25)+0.5*Tabelle1!H26)/12,"") -> 103.81896 | P19: =IFERROR(Tabelle1!H20/O19,"") -> 0.93719265 | Q19: =IFERROR(AVERAGEIFS($P$7:$P$294,$B$7:$B$294,$B19,$A$7:$A$294,">="&EDATE($A19,-12*'Seasonal Factors'!$E$4),$A$7:$A$294,"<="&EDATE($A19,12*'Seasonal Factors'!$E$4)),"") -> 0.91332613 | R19: =IFERROR(Q19/AVERAGE(Q14:Q25),"") -> 0.91435071 | S19: =IF(ISNUMBER(Tabelle1!I26),(0.5*Tabelle1!I14+SUM(Tabelle1!I15:I25)+0.5*Tabelle1!I26)/12,"") -> 103.27696 | T19: =IFERROR(Tabelle1!I20/S19,"") -> 1.0560363 | U19: =IFERROR(AVERAGEIFS($T$7:$T$294,$B$7:$B$294,$B19,$A$7:$A$294,">="&EDATE($A19,-12*'Seasonal Factors'!$E$4),$A$7:$A$294,"<="&EDATE($A19,12*'Seasonal Factors'!$E$4)),"") -> 1.0359205 | V19: =IFERROR(U19/AVERAGE(U14:U25),"") -> 1.0348584 | W19: =IF(ISNUMBER(Tabelle1!J26),(0.5*Tabelle1!J14+SUM(Tabelle1!J15:J25)+0.5*Tabelle1!J26)/12,"") -> 106.20618 | X19: =IFERROR(Tabelle1!J20/W19,"") -> 0.99162826 | Y19: =IFERROR(AVERAGEIFS($X$7:$X$294,$B$7:$B$294,$B19,$A$7:$A$294,">="&EDATE($A19,-12*'Seasonal Factors'!$E$4),$A$7:$A$294,"<="&EDATE($A19,12*'Seasonal Factors'!$E$4)),"") -> 0.99672418 | Z19: =IFERROR(Y19/AVERAGE(Y14:Y25),"") -> 0.99798443 | AA19: =IF(ISNUMBER(Tabelle1!K26),(0.5*Tabelle1!K14+SUM(Tabelle1!K15:K25)+0.5*Tabelle1!K26)/12,"") -> 105.48705 | AB19: =IFERROR(Tabelle1!K20/AA19,"") -> 0.94467873 | AC19: =IFERROR(AVERAGEIFS($AB$7:$AB$294,$B$7:$B$294,$B19,$A$7:$A$294,">="&EDATE($A19,-12*'Seasonal Factors'!$E$4),$A$7:$A$294,"<="&EDATE($A19,12*'Seasonal Factors'!$E$4)),"") -> 0.93995541 | AD19: =IFERROR(AC19/AVERAGE(AC14:AC25),"") -> 0.94151863 | AE19: =IF(ISNUMBER(Tabelle1!L26),(0.5*Tabelle1!L14+SUM(Tabelle1!L15:L25)+0.5*Tabelle1!L26)/12,"") -> 105.33533 | AF19: =IFERROR(Tabelle1!L20/AE19,"") -> 1.1247298 | AG19: =IFERROR(AVERAGEIFS($AF$7:$AF$294,$B$7:$B$294,$B19,$A$7:$A$294,">="&EDATE($A19,-12*'Seasonal Factors'!$E$4),$A$7:$A$294,"<="&EDATE($A19,12*'Seasonal Factors'!$E$4)),"") -> 1.1078336 | AH19: =IFERROR(AG19/AVERAGE(AG14:AG25),"") -> 1.1077735 | AI19: =IF(ISNUMBER(Tabelle1!M26),(0.5*Tabelle1!M14+SUM(Tabelle1!M15:M25)+0.5*Tabelle1!M26)/12,"") -> 108.04008 | AJ19: =IFERROR(Tabelle1!M20/AI19,"") -> 0.9927518 | AK19: =IFERROR(AVERAGEIFS($AJ$7:$AJ$294,$B$7:$B$294,$B19,$A$7:$A$294,">="&EDATE($A19,-12*'Seasonal Factors'!$E$4),$A$7:$A$294,"<="&EDATE($A19,12*'Seasonal Factors'!$E$4)),"") -> 0.98652581 | AL19: =IFERROR(AK19/AVERAGE(AK14:AK25),"") -> 0.9867988 | AM19: =IF(ISNUMBER(Tabelle1!N26),(0.5*Tabelle1!N14+SUM(Tabelle1!N15:N25)+0.5*Tabelle1!N26)/12,"") -> 104.88861 | AN19: =IFERROR(Tabelle1!N20/AM19,"") -> 1.0018719 | AO19: =IFERROR(AVERAGEIFS($AN$7:$AN$294,$B$7:$B$294,$B19,$A$7:$A$294,">="&EDATE($A19,-12*'Seasonal Factors'!$E$4),$A$7:$A$294,"<="&EDATE($A19,12*'Seasonal Factors'!$E$4)),"") -> 1.0275658 | AP19: =IFERROR(AO19/AVERAGE(AO14:AO25),"") -> 1.0270246 | AQ19: =IF(ISNUMBER(Tabelle1!O26),(0.5*Tabelle1!O14+SUM(Tabelle1!O15:O25)+0.5*Tabelle1!O26)/12,"") -> 102.67266 | AR19: =IFERROR(Tabelle1!O20/AQ19,"") -> 0.93410746 | AS19: =IFERROR(AVERAGEIFS($AR$7:$AR$294,$B$7:$B$294,$B19,$A$7:$A$294,">="&EDATE($A19,-12*'Seasonal Factors'!$E$4),$A$7:$A$294,"<="&EDATE($A19,12*'Seasonal Factors'!$E$4)),"") -> 0.94316649 | AT19: =IFERROR(AS19/AVERAGE(AS14:AS25),"") -> 0.9431607 | AU19: =IF(ISNUMBER(Tabelle1!P26),(0.5*Tabelle1!P14+SUM(Tabelle1!P15:P25)+0.5*Tabelle1!P26)/12,"") -> 102.86238 | AV19: =IFERROR(Tabelle1!P20/AU19,"") -> 0.99545425 | AW19: =IFERROR(AVERAGEIFS($AV$7:$AV$294,$B$7:$B$294,$B19,$A$7:$A$294,">="&EDATE($A19,-12*'Seasonal Factors'!$E$4),$A$7:$A$294,"<="&EDATE($A19,12*'Seasonal Factors'!$E$4)),"") -> 0.98630732 | AX19: =IFERROR(AW19/AVERAGE(AW14:AW25),"") -> 0.98675297 | AY19: =IF(ISNUMBER(Tabelle1!Q26),(0.5*Tabelle1!Q14+SUM(Tabelle1!Q15:Q25)+0.5*Tabelle1!Q26)/12,"") -> 103.35042 | AZ19: =IFERROR(Tabelle1!Q20/AY19,"") -> 0.98183993 | BA19: =IFERROR(AVERAGEIFS($AZ$7:$AZ$294,$B$7:$B$294,$B19,$A$7:$A$294,">="&EDATE($A19,-12*'Seasonal Factors'!$E$4),$A$7:$A$294,"<="&EDATE($A19,12*'Seasonal Factors'!$E$4)),"") -> 0.97347222 | BB19: =IFERROR(BA19/AVERAGE(BA14:BA25),"") -> 0.9740526 | BC19: =IF(ISNUMBER(Tabelle1!R26),(0.5*Tabelle1!R14+SUM(Tabelle1!R15:R25)+0.5*Tabelle1!R26)/12,"") -> 105.54259 | BD19: =IFERROR(Tabelle1!R20/BC19,"") -> 0.98323645 | BE19: =IFERROR(AVERAGEIFS($BD$7:$BD$294,$B$7:$B$294,$B19,$A$7:$A$294,">="&EDATE($A19,-12*'Seasonal Factors'!$E$4),$A$7:$A$294,"<="&EDATE($A19,12*'Seasonal Factors'!$E$4)),"") -> 0.98150567 | BF19: =IFERROR(BE19/AVERAGE(BE14:BE25),"") -> 0.9810889 | BG19: =IF(ISNUMBER(Tabelle1!S26),(0.5*Tabelle1!S14+SUM(Tabelle1!S15:S25)+0.5*Tabelle1!S26)/12,"") -> 105.16955 | BH19: =IFERROR(Tabelle1!S20/BG19,"") -> 1.0143531 | BI19: =IFERROR(AVERAGEIFS($BH$7:$BH$294,$B$7:$B$294,$B19,$A$7:$A$294,">="&EDATE($A19,-12*'Seasonal Factors'!$E$4),$A$7:$A$294,"<="&EDATE($A19,12*'Seasonal Factors'!$E$4)),"") -> 1.0130783 | BJ19: =IFERROR(BI19/AVERAGE(BI14:BI25),"") -> 1.0140603
A20: 38411 | B20: =MONTH(A20) -> 2 | C20: =IF(ISNUMBER(Tabelle1!E27),(0.5*Tabelle1!E15+SUM(Tabelle1!E16:E26)+0.5*Tabelle1!E27)/12,"") -> 119.34411 | D20: =IFERROR(Tabelle1!E21/C20,"") -> 0.5799176 | E20: =IFERROR(AVERAGEIFS($D$7:$D$294,$B$7:$B$294,$B20,$A$7:$A$294,">="&EDATE($A20,-12*'Seasonal Factors'!$E$4),$A$7:$A$294,"<="&EDATE($A20,12*'Seasonal Factors'!$E$4)),"") -> 0.58250405 | F20: =IFERROR(E20/AVERAGE(E15:E26),"") -> 0.58280479 | G20: =IF(ISNUMBER(Tabelle1!F27),(0.5*Tabelle1!F15+SUM(Tabelle1!F16:F26)+0.5*Tabelle1!F27)/12,"") -> 95.802697 | H20: =IFERROR(Tabelle1!F21/G20,"") -> 0.9285796 | I20: =IFERROR(AVERAGEIFS($H$7:$H$294,$B$7:$B$294,$B20,$A$7:$A$294,">="&EDATE($A20,-12*'Seasonal Factors'!$E$4),$A$7:$A$294,"<="&EDATE($A20,12*'Seasonal Factors'!$E$4)),"") -> 0.70071774 | J20: =IFERROR(I20/AVERAGE(I15:I26),"") -> 0.71210582 | K20: =IF(ISNUMBER(Tabelle1!G27),(0.5*Tabelle1!G15+SUM(Tabelle1!G16:G26)+0.5*Tabelle1!G27)/12,"") -> 100.38932 | L20: =IFERROR(Tabelle1!G21/K20,"") -> 0.92861879 | M20: =IFERROR(AVERAGEIFS($L$7:$L$294,$B$7:$B$294,$B20,$A$7:$A$294,">="&EDATE($A20,-12*'Seasonal Factors'!$E$4),$A$7:$A$294,"<="&EDATE($A20,12*'Seasonal Factors'!$E$4)),"") -> 0.93634452 | N20: =IFERROR(M20/AVERAGE(M15:M26),"") -> 0.93711914 | O20: =IF(ISNUMBER(Tabelle1!H27),(0.5*Tabelle1!H15+SUM(Tabelle1!H16:H26)+0.5*Tabelle1!H27)/12,"") -> 104.43709 | P20: =IFERROR(Tabelle1!H21/O20,"") -> 0.9068411 | Q20: =IFERROR(AVERAGEIFS($P$7:$P$294,$B$7:$B$294,$B20,$A$7:$A$294,">="&EDATE($A20,-12*'Seasonal Factors'!$E$4),$A$7:$A$294,"<="&EDATE($A20,12*'Seasonal Factors'!$E$4)),"") -> 0.89361179 | R20: =IFERROR(Q20/AVERAGE(Q15:Q26),"") -> 0.89452118 | S20: =IF(ISNUMBER(Tabelle1!I27),(0.5*Tabelle1!I15+SUM(Tabelle1!I16:I26)+0.5*Tabelle1!I27)/12,"") -> 103.9124 | T20: =IFERROR(Tabelle1!I21/S20,"") -> 0.95457728 | U20: =IFERROR(AVERAGEIFS($T$7:$T$294,$B$7:$B$294,$B20,$A$7:$A$294,">="&EDATE($A20,-12*'Seasonal Factors'!$E$4),$A$7:$A$294,"<="&EDATE($A20,12*'Seasonal Factors'!$E$4)),"") -> 0.96554497 | V20: =IFERROR(U20/AVERAGE(U15:U26),"") -> 0.96503622 | W20: =IF(ISNUMBER(Tabelle1!J27),(0.5*Tabelle1!J15+SUM(Tabelle1!J16:J26)+0.5*Tabelle1!J27)/12,"") -> 107.10567 | X20: =IFERROR(Tabelle1!J21/W20,"") -> 1.0178237 | Y20: =IFERROR(AVERAGEIFS($X$7:$X$294,$B$7:$B$294,$B20,$A$7:$A$294,">="&EDATE($A20,-12*'Seasonal Factors'!$E$4),$A$7:$A$294,"<="&EDATE($A20,12*'Seasonal Factors'!$E$4)),"") -> 1.0111713 | Z20: =IFERROR(Y20/AVERAGE(Y15:Y26),"") -> 1.0121991 | AA20: =IF(ISNUMBER(Tabelle1!K27),(0.5*Tabelle1!K15+SUM(Tabelle1!K16:K26)+0.5*Tabelle1!K27)/12,"") -> 106.37649 | AB20: =IFERROR(Tabelle1!K21/AA20,"") -> 0.93757386 | AC20: =IFERROR(AVERAGEIFS($AB$7:$AB$294,$B$7:$B$294,$B20,$A$7:$A$294,">="&EDATE($A20,-12*'Seasonal Factors'!$E$4),$A$7:$A$294,"<="&EDATE($A20,12*'Seasonal Factors'!$E$4)),"") -> 0.92545059 | AD20: =IFERROR(AC20/AVERAGE(AC15:AC26),"") -> 0.92712492 | AE20: =IF(ISNUMBER(Tabelle1!L27),(0.5*Tabelle1!L15+SUM(Tabelle1!L16:L26)+0.5*Tabelle1!L27)/12,"") -> 106.63443 | AF20: =IFERROR(Tabelle1!L21/AE20,"") -> 1.0569435 | AG20: =IFERROR(AVERAGEIFS($AF$7:$AF$294,$B$7:$B$294,$B20,$A$7:$A$294,">="&EDATE($A20,-12*'Seasonal Factors'!$E$4),$A$7:$A$294,"<="&EDATE($A20,12*'Seasonal Factors'!$E$4)),"") -> 1.0611385 | AH20: =IFERROR(AG20/AVERAGE(AG15:AG26),"") -> 1.0617404 | AI20: =IF(ISNUMBER(Tabelle1!M27),(0.5*Tabelle1!M15+SUM(Tabelle1!M16:M26)+0.5*Tabelle1!M27)/12,"") -> 109.40582 | AJ20: =IFERROR(Tabelle1!M21/AI20,"") -> 0.93240166 | AK20: =IFERROR(AVERAGEIFS($AJ$7:$AJ$294,$B$7:$B$294,$B20,$A$7:$A$294,">="&EDATE($A20,-12*'Seasonal Factors'!$E$4),$A$7:$A$294,"<="&EDATE($A20,12*'Seasonal Factors'!$E$4)),"") -> 0.94100474 | AL20: =IFERROR(AK20/AVERAGE(AK15:AK26),"") -> 0.94138879 | AM20: =IF(ISNUMBER(Tabelle1!N27),(0.5*Tabelle1!N15+SUM(Tabelle1!N16:N26)+0.5*Tabelle1!N27)/12,"") -> 105.83542 | AN20: =IFERROR(Tabelle1!N21/AM20,"") -> 0.9647351 | AO20: =IFERROR(AVERAGEIFS($AN$7:$AN$294,$B$7:$B$294,$B20,$A$7:$A$294,">="&EDATE($A20,-12*'Seasonal Factors'!$E$4),$A$7:$A$294,"<="&EDATE($A20,12*'Seasonal Factors'!$E$4)),"") -> 0.97729703 | AP20: =IFERROR(AO20/AVERAGE(AO15:AO26),"") -> 0.9768495 | AQ20: =IF(ISNUMBER(Tabelle1!O27),(0.5*Tabelle1!O15+SUM(Tabelle1!O16:O26)+0.5*Tabelle1!O27)/12,"") -> 103.09013 | AR20: =IFERROR(Tabelle1!O21/AQ20,"") -> 0.9559754 | AS20: =IFERROR(AVERAGEIFS($AR$7:$AR$294,$B$7:$B$294,$B20,$A$7:$A$294,">="&EDATE($A20,-12*'Seasonal Factors'!$E$4),$A$7:$A$294,"<="&EDATE($A20,12*'Seasonal Factors'!$E$4)),"") -> 0.95993529 | AT20: =IFERROR(AS20/AVERAGE(AS15:AS26),"") -> 0.96004228 | AU20: =IF(ISNUMBER(Tabelle1!P27),(0.5*Tabelle1!P15+SUM(Tabelle1!P16:P26)+0.5*Tabelle1!P27)/12,"") -> 103.26209 | AV20: =IFERROR(Tabelle1!P21/AU20,"") -> 0.99697712 | AW20: =IFERROR(AVERAGEIFS($AV$7:$AV$294,$B$7:$B$294,$B20,$A$7:$A$294,">="&EDATE($A20,-12*'Seasonal Factors'!$E$4),$A$7:$A$294,"<="&EDATE($A20,12*'Seasonal Factors'!$E$4)),"") -> 0.99444882 | AX20: =IFERROR(AW20/AVERAGE(AW15:AW26),"") -> 0.99480856 | AY20: =IF(ISNUMBER(Tabelle1!Q27),(0.5*Tabelle1!Q15+SUM(Tabelle1!Q16:Q26)+0.5*Tabelle1!Q27)/12,"") -> 103.82037 | AZ20: =IFERROR(Tabelle1!Q21/AY20,"") -> 0.98289013 | BA20: =IFERROR(AVERAGEIFS($AZ$7:$AZ$294,$B$7:$B$294,$B20,$A$7:$A$294,">="&EDATE($A20,-12*'Seasonal Factors'!$E$4),$A$7:$A$294,"<="&EDATE($A20,12*'Seasonal Factors'!$E$4)),"") -> 0.97861305 | BB20: =IFERROR(BA20/AVERAGE(BA15:BA26),"") -> 0.97912925 | BC20: =IF(ISNUMBER(Tabelle1!R27),(0.5*Tabelle1!R15+SUM(Tabelle1!R16:R26)+0.5*Tabelle1!R27)/12,"") -> 106.41728 | BD20: =IFERROR(Tabelle1!R21/BC20,"") -> 0.93866741 | BE20: =IFERROR(AVERAGEIFS($BD$7:$BD$294,$B$7:$B$294,$B20,$A$7:$A$294,">="&EDATE($A20,-12*'Seasonal Factors'!$E$4),$A$7:$A$294,"<="&EDATE($A20,12*'Seasonal Factors'!$E$4)),"") -> 0.93015945 | BF20: =IFERROR(BE20/AVERAGE(BE15:BE26),"") -> 0.92974438 | BG20: =IF(ISNUMBER(Tabelle1!S27),(0.5*Tabelle1!S15+SUM(Tabelle1!S16:S26)+0.5*Tabelle1!S27)/12,"") -> 106.2274 | BH20: =IFERROR(Tabelle1!S21/BG20,"") -> 0.9927399 | BI20: =IFERROR(AVERAGEIFS($BH$7:$BH$294,$B$7:$B$294,$B20,$A$7:$A$294,">="&EDATE($A20,-12*'Seasonal Factors'!$E$4),$A$7:$A$294,"<="&EDATE($A20,12*'Seasonal Factors'!$E$4)),"") -> 0.98795473 | BJ20: =IFERROR(BI20/AVERAGE(BI15:BI26),"") -> 0.98884478
A21: 38442 | B21: =MONTH(A21) -> 3 | C21: =IF(ISNUMBER(Tabelle1!E28),(0.5*Tabelle1!E16+SUM(Tabelle1!E17:E27)+0.5*Tabelle1!E28)/12,"") -> 119.24536 | D21: =IFERROR(Tabelle1!E22/C21,"") -> 1.1620039 | E21: =IFERROR(AVERAGEIFS($D$7:$D$294,$B$7:$B$294,$B21,$A$7:$A$294,">="&EDATE($A21,-12*'Seasonal Factors'!$E$4),$A$7:$A$294,"<="&EDATE($A21,12*'Seasonal Factors'!$E$4)),"") -> 1.1039807 | F21: =IFERROR(E21/AVERAGE(E16:E27),"") -> 1.102488 | G21: =IF(ISNUMBER(Tabelle1!F28),(0.5*Tabelle1!F16+SUM(Tabelle1!F17:F27)+0.5*Tabelle1!F28)/12,"") -> 92.893983 | H21: =IFERROR(Tabelle1!F22/G21,"") -> 1.5790794 | I21: =IFERROR(AVERAGEIFS($H$7:$H$294,$B$7:$B$294,$B21,$A$7:$A$294,">="&EDATE($A21,-12*'Seasonal Factors'!$E$4),$A$7:$A$294,"<="&EDATE($A21,12*'Seasonal Factors'!$E$4)),"") -> 1.4789778 | J21: =IFERROR(I21/AVERAGE(I16:I27),"") -> 1.4876046 | K21: =IF(ISNUMBER(Tabelle1!G28),(0.5*Tabelle1!G16+SUM(Tabelle1!G17:G27)+0.5*Tabelle1!G28)/12,"") -> 100.30446 | L21: =IFERROR(Tabelle1!G22/K21,"") -> 1.0128289 | M21: =IFERROR(AVERAGEIFS($L$7:$L$294,$B$7:$B$294,$B21,$A$7:$A$294,">="&EDATE($A21,-12*'Seasonal Factors'!$E$4),$A$7:$A$294,"<="&EDATE($A21,12*'Seasonal Factors'!$E$4)),"") -> 1.0280945 | N21: =IFERROR(M21/AVERAGE(M16:M27),"") -> 1.0291871 | O21: =IF(ISNUMBER(Tabelle1!H28),(0.5*Tabelle1!H16+SUM(Tabelle1!H17:H27)+0.5*Tabelle1!H28)/12,"") -> 105.05532 | P21: =IFERROR(Tabelle1!H22/O21,"") -> 1.0239342 | Q21: =IFERROR(AVERAGEIFS($P$7:$P$294,$B$7:$B$294,$B21,$A$7:$A$294,">="&EDATE($A21,-12*'Seasonal Factors'!$E$4),$A$7:$A$294,"<="&EDATE($A21,12*'Seasonal Factors'!$E$4)),"") -> 1.0095112 | R21: =IFERROR(Q21/AVERAGE(Q16:Q27),"") -> 1.0105746 | S21: =IF(ISNUMBER(Tabelle1!I28),(0.5*Tabelle1!I16+SUM(Tabelle1!I17:I27)+0.5*Tabelle1!I28)/12,"") -> 104.58606 | T21: =IFERROR(Tabelle1!I22/S21,"") -> 1.0317721 | U21: =IFERROR(AVERAGEIFS($T$7:$T$294,$B$7:$B$294,$B21,$A$7:$A$294,">="&EDATE($A21,-12*'Seasonal Factors'!$E$4),$A$7:$A$294,"<="&EDATE($A21,12*'Seasonal Factors'!$E$4)),"") -> 1.0077052 | V21: =IFERROR(U21/AVERAGE(U16:U27),"") -> 1.0072931 | W21: =IF(ISNUMBER(Tabelle1!J28),(0.5*Tabelle1!J16+SUM(Tabelle1!J17:J27)+0.5*Tabelle1!J28)/12,"") -> 108.05606 | X21: =IFERROR(Tabelle1!J22/W21,"") -> 1.0571464 | Y21: =IFERROR(AVERAGEIFS($X$7:$X$294,$B$7:$B$294,$B21,$A$7:$A$294,">="&EDATE($A21,-12*'Seasonal Factors'!$E$4),$A$7:$A$294,"<="&EDATE($A21,12*'Seasonal Factors'!$E$4)),"") -> 1.0322971 | Z21: =IFERROR(Y21/AVERAGE(Y16:Y27),"") -> 1.0334238 | AA21: =IF(ISNUMBER(Tabelle1!K28),(0.5*Tabelle1!K16+SUM(Tabelle1!K17:K27)+0.5*Tabelle1!K28)/12,"") -> 107.36648 | AB21: =IFERROR(Tabelle1!K22/AA21,"") -> 1.102067 | AC21: =IFERROR(AVERAGEIFS($AB$7:$AB$294,$B$7:$B$294,$B21,$A$7:$A$294,">="&EDATE($A21,-12*'Seasonal Factors'!$E$4),$A$7:$A$294,"<="&EDATE($A21,12*'Seasonal Factors'!$E$4)),"") -> 1.0736091 | AD21: =IFERROR(AC21/AVERAGE(AC16:AC27),"") -> 1.0750637 | AE21: =IF(ISNUMBER(Tabelle1!L28),(0.5*Tabelle1!L16+SUM(Tabelle1!L17:L27)+0.5*Tabelle1!L28)/12,"") -> 108.06888 | AF21: =IFERROR(Tabelle1!L22/AE21,"") -> 1.024972 | AG21: =IFERROR(AVERAGEIFS($AF$7:$AF$294,$B$7:$B$294,$B21,$A$7:$A$294,">="&EDATE($A21,-12*'Seasonal Factors'!$E$4),$A$7:$A$294,"<="&EDATE($A21,12*'Seasonal Factors'!$E$4)),"") -> 1.0272068 | AH21: =IFERROR(AG21/AVERAGE(AG16:AG27),"") -> 1.0281384 | AI21: =IF(ISNUMBER(Tabelle1!M28),(0.5*Tabelle1!M16+SUM(Tabelle1!M17:M27)+0.5*Tabelle1!M28)/12,"") -> 110.73344 | AJ21: =IFERROR(Tabelle1!M22/AI21,"") -> 1.0040843 | AK21: =IFERROR(AVERAGEIFS($AJ$7:$AJ$294,$B$7:$B$294,$B21,$A$7:$A$294,">="&EDATE($A21,-12*'Seasonal Factors'!$E$4),$A$7:$A$294,"<="&EDATE($A21,12*'Seasonal Factors'!$E$4)),"") -> 0.99991408 | AL21: =IFERROR(AK21/AVERAGE(AK16:AK27),"") -> 1.0002693 | AM21: =IF(ISNUMBER(Tabelle1!N28),(0.5*Tabelle1!N16+SUM(Tabelle1!N17:N27)+0.5*Tabelle1!N28)/12,"") -> 106.61653 | AN21: =IFERROR(Tabelle1!N22/AM21,"") -> 0.99578283 | AO21: =IFERROR(AVERAGEIFS($AN$7:$AN$294,$B$7:$B$294,$B21,$A$7:$A$294,">="&EDATE($A21,-12*'Seasonal Factors'!$E$4),$A$7:$A$294,"<="&EDATE($A21,12*'Seasonal Factors'!$E$4)),"") -> 0.99540066 | AP21: =IFERROR(AO21/AVERAGE(AO16:AO27),"") -> 0.99444648 | AQ21: =IF(ISNUMBER(Tabelle1!O28),(0.5*Tabelle1!O16+SUM(Tabelle1!O17:O27)+0.5*Tabelle1!O28)/12,"") -> 103.61069 | AR21: =IFERROR(Tabelle1!O22/AQ21,"") -> 0.99390895 | AS21: =IFERROR(AVERAGEIFS($AR$7:$AR$294,$B$7:$B$294,$B21,$A$7:$A$294,">="&EDATE($A21,-12*'Seasonal Factors'!$E$4),$A$7:$A$294,"<="&EDATE($A21,12*'Seasonal Factors'!$E$4)),"") -> 0.99212039 | AT21: =IFERROR(AS21/AVERAGE(AS16:AS27),"") -> 0.99233662 | AU21: =IF(ISNUMBER(Tabelle1!P28),(0.5*Tabelle1!P16+SUM(Tabelle1!P17:P27)+0.5*Tabelle1!P28)/12,"") -> 103.65761 | AV21: =IFERROR(Tabelle1!P22/AU21,"") -> 0.99892217 | AW21: =IFERROR(AVERAGEIFS($AV$7:$AV$294,$B$7:$B$294,$B21,$A$7:$A$294,">="&EDATE($A21,-12*'Seasonal Factors'!$E$4),$A$7:$A$294,"<="&EDATE($A21,12*'Seasonal Factors'!$E$4)),"") -> 0.99281218 | AX21: =IFERROR(AW21/AVERAGE(AW16:AW27),"") -> 0.99302138 | AY21: =IF(ISNUMBER(Tabelle1!Q28),(0.5*Tabelle1!Q16+SUM(Tabelle1!Q17:Q27)+0.5*Tabelle1!Q28)/12,"") -> 104.29124 | AZ21: =IFERROR(Tabelle1!Q22/AY21,"") -> 0.99630323 | BA21: =IFERROR(AVERAGEIFS($AZ$7:$AZ$294,$B$7:$B$294,$B21,$A$7:$A$294,">="&EDATE($A21,-12*'Seasonal Factors'!$E$4),$A$7:$A$294,"<="&EDATE($A21,12*'Seasonal Factors'!$E$4)),"") -> 0.98168725 | BB21: =IFERROR(BA21/AVERAGE(BA16:BA27),"") -> 0.98202573 | BC21: =IF(ISNUMBER(Tabelle1!R28),(0.5*Tabelle1!R16+SUM(Tabelle1!R17:R27)+0.5*Tabelle1!R28)/12,"") -> 107.2653 | BD21: =IFERROR(Tabelle1!R22/BC21,"") -> 1.0303875 | BE21: =IFERROR(AVERAGEIFS($BD$7:$BD$294,$B$7:$B$294,$B21,$A$7:$A$294,">="&EDATE($A21,-12*'Seasonal Factors'!$E$4),$A$7:$A$294,"<="&EDATE($A21,12*'Seasonal Factors'!$E$4)),"") -> 1.0028618 | BF21: =IFERROR(BE21/AVERAGE(BE16:BE27),"") -> 1.0023772 | BG21: =IF(ISNUMBER(Tabelle1!S28),(0.5*Tabelle1!S16+SUM(Tabelle1!S17:S27)+0.5*Tabelle1!S28)/12,"") -> 107.15406 | BH21: =IFERROR(Tabelle1!S22/BG21,"") -> 0.97704351 | BI21: =IFERROR(AVERAGEIFS($BH$7:$BH$294,$B$7:$B$294,$B21,$A$7:$A$294,">="&EDATE($A21,-12*'Seasonal Factors'!$E$4),$A$7:$A$294,"<="&EDATE($A21,12*'Seasonal Factors'!$E$4)),"") -> 0.97923712 | BJ21: =IFERROR(BI21/AVERAGE(BI16:BI27),"") -> 0.97969729
A22: 38472 | B22: =MONTH(A22) -> 4 | C22: =IF(ISNUMBER(Tabelle1!E29),(0.5*Tabelle1!E17+SUM(Tabelle1!E18:E28)+0.5*Tabelle1!E29)/12,"") -> 119.10485 | D22: =IFERROR(Tabelle1!E23/C22,"") -> 1.7539154 | E22: =IFERROR(AVERAGEIFS($D$7:$D$294,$B$7:$B$294,$B22,$A$7:$A$294,">="&EDATE($A22,-12*'Seasonal Factors'!$E$4),$A$7:$A$294,"<="&EDATE($A22,12*'Seasonal Factors'!$E$4)),"") -> 1.6534542 | F22: =IFERROR(E22/AVERAGE(E17:E28),"") -> 1.6491977 | G22: =IF(ISNUMBER(Tabelle1!F29),(0.5*Tabelle1!F17+SUM(Tabelle1!F18:F28)+0.5*Tabelle1!F29)/12,"") -> 90.808988 | H22: =IFERROR(Tabelle1!F23/G22,"") -> 1.3488614 | I22: =IFERROR(AVERAGEIFS($H$7:$H$294,$B$7:$B$294,$B22,$A$7:$A$294,">="&EDATE($A22,-12*'Seasonal Factors'!$E$4),$A$7:$A$294,"<="&EDATE($A22,12*'Seasonal Factors'!$E$4)),"") -> 1.5621198 | J22: =IFERROR(I22/AVERAGE(I17:I28),"") -> 1.5629215 | K22: =IF(ISNUMBER(Tabelle1!G29),(0.5*Tabelle1!G17+SUM(Tabelle1!G18:G28)+0.5*Tabelle1!G29)/12,"") -> 99.986048 | L22: =IFERROR(Tabelle1!G23/K22,"") -> 0.99139072 | M22: =IFERROR(AVERAGEIFS($L$7:$L$294,$B$7:$B$294,$B22,$A$7:$A$294,">="&EDATE($A22,-12*'Seasonal Factors'!$E$4),$A$7:$A$294,"<="&EDATE($A22,12*'Seasonal Factors'!$E$4)),"") -> 0.99852137 | N22: =IFERROR(M22/AVERAGE(M17:M28),"") -> 0.99930704 | O22: =IF(ISNUMBER(Tabelle1!H29),(0.5*Tabelle1!H17+SUM(Tabelle1!H18:H28)+0.5*Tabelle1!H29)/12,"") -> 105.66095 | P22: =IFERROR(Tabelle1!H23/O22,"") -> 1.0178942 | Q22: =IFERROR(AVERAGEIFS($P$7:$P$294,$B$7:$B$294,$B22,$A$7:$A$294,">="&EDATE($A22,-12*'Seasonal Factors'!$E$4),$A$7:$A$294,"<="&EDATE($A22,12*'Seasonal Factors'!$E$4)),"") -> 1.0136594 | R22: =IFERROR(Q22/AVERAGE(Q17:Q28),"") -> 1.0144833 | S22: =IF(ISNUMBER(Tabelle1!I29),(0.5*Tabelle1!I17+SUM(Tabelle1!I18:I28)+0.5*Tabelle1!I29)/12,"") -> 105.03398 | T22: =IFERROR(Tabelle1!I23/S22,"") -> 0.98264554 | U22: =IFERROR(AVERAGEIFS($T$7:$T$294,$B$7:$B$294,$B22,$A$7:$A$294,">="&EDATE($A22,-12*'Seasonal Factors'!$E$4),$A$7:$A$294,"<="&EDATE($A22,12*'Seasonal Factors'!$E$4)),"") -> 0.95945461 | V22: =IFERROR(U22/AVERAGE(U17:U28),"") -> 0.95894928 | W22: =IF(ISNUMBER(Tabelle1!J29),(0.5*Tabelle1!J17+SUM(Tabelle1!J18:J28)+0.5*Tabelle1!J29)/12,"") -> 109.18984 | X22: =IFERROR(Tabelle1!J23/W22,"") -> 0.99631414 | Y22: =IFERROR(AVERAGEIFS($X$7:$X$294,$B$7:$B$294,$B22,$A$7:$A$294,">="&EDATE($A22,-12*'Seasonal Factors'!$E$4),$A$7:$A$294,"<="&EDATE($A22,12*'Seasonal Factors'!$E$4)),"") -> 0.98037956 | Z22: =IFERROR(Y22/AVERAGE(Y17:Y28),"") -> 0.98111508 | AA22: =IF(ISNUMBER(Tabelle1!K29),(0.5*Tabelle1!K17+SUM(Tabelle1!K18:K28)+0.5*Tabelle1!K29)/12,"") -> 108.18935 | AB22: =IFERROR(Tabelle1!K23/AA22,"") -> 1.040067 | AC22: =IFERROR(AVERAGEIFS($AB$7:$AB$294,$B$7:$B$294,$B22,$A$7:$A$294,">="&EDATE($A22,-12*'Seasonal Factors'!$E$4),$A$7:$A$294,"<="&EDATE($A22,12*'Seasonal Factors'!$E$4)),"") -> 1.0233623 | AD22: =IFERROR(AC22/AVERAGE(AC17:AC28),"") -> 1.0243438 | AE22: =IF(ISNUMBER(Tabelle1!L29),(0.5*Tabelle1!L17+SUM(Tabelle1!L18:L28)+0.5*Tabelle1!L29)/12,"") -> 109.41009 | AF22: =IFERROR(Tabelle1!L23/AE22,"") -> 0.93861814 | AG22: =IFERROR(AVERAGEIFS($AF$7:$AF$294,$B$7:$B$294,$B22,$A$7:$A$294,">="&EDATE($A22,-12*'Seasonal Factors'!$E$4),$A$7:$A$294,"<="&EDATE($A22,12*'Seasonal Factors'!$E$4)),"") -> 0.97155924 | AH22: =IFERROR(AG22/AVERAGE(AG17:AG28),"") -> 0.97212107 | AI22: =IF(ISNUMBER(Tabelle1!M29),(0.5*Tabelle1!M17+SUM(Tabelle1!M18:M28)+0.5*Tabelle1!M29)/12,"") -> 112.01142 | AJ22: =IFERROR(Tabelle1!M23/AI22,"") -> 1.0286849 | AK22: =IFERROR(AVERAGEIFS($AJ$7:$AJ$294,$B$7:$B$294,$B22,$A$7:$A$294,">="&EDATE($A22,-12*'Seasonal Factors'!$E$4),$A$7:$A$294,"<="&EDATE($A22,12*'Seasonal Factors'!$E$4)),"") -> 1.0241976 | AL22: =IFERROR(AK22/AVERAGE(AK17:AK28),"") -> 1.0244904 | AM22: =IF(ISNUMBER(Tabelle1!N29),(0.5*Tabelle1!N17+SUM(Tabelle1!N18:N28)+0.5*Tabelle1!N29)/12,"") -> 107.38167 | AN22: =IFERROR(Tabelle1!N23/AM22,"") -> 0.99308435 | AO22: =IFERROR(AVERAGEIFS($AN$7:$AN$294,$B$7:$B$294,$B22,$A$7:$A$294,">="&EDATE($A22,-12*'Seasonal Factors'!$E$4),$A$7:$A$294,"<="&EDATE($A22,12*'Seasonal Factors'!$E$4)),"") -> 0.98760194 | AP22: =IFERROR(AO22/AVERAGE(AO17:AO28),"") -> 0.98674091 | AQ22: =IF(ISNUMBER(Tabelle1!O29),(0.5*Tabelle1!O17+SUM(Tabelle1!O18:O28)+0.5*Tabelle1!O29)/12,"") -> 104.15114 | AR22: =IFERROR(Tabelle1!O23/AQ22,"") -> 0.99835647 | AS22: =IFERROR(AVERAGEIFS($AR$7:$AR$294,$B$7:$B$294,$B22,$A$7:$A$294,">="&EDATE($A22,-12*'Seasonal Factors'!$E$4),$A$7:$A$294,"<="&EDATE($A22,12*'Seasonal Factors'!$E$4)),"") -> 0.98943185 | AT22: =IFERROR(AS22/AVERAGE(AS17:AS28),"") -> 0.98978352 | AU22: =IF(ISNUMBER(Tabelle1!P29),(0.5*Tabelle1!P17+SUM(Tabelle1!P18:P28)+0.5*Tabelle1!P29)/12,"") -> 104.06967 | AV22: =IFERROR(Tabelle1!P23/AU22,"") -> 0.99409797 | AW22: =IFERROR(AVERAGEIFS($AV$7:$AV$294,$B$7:$B$294,$B22,$A$7:$A$294,">="&EDATE($A22,-12*'Seasonal Factors'!$E$4),$A$7:$A$294,"<="&EDATE($A22,12*'Seasonal Factors'!$E$4)),"") -> 0.98539315 | AX22: =IFERROR(AW22/AVERAGE(AW17:AW28),"") -> 0.98553731 | AY22: =IF(ISNUMBER(Tabelle1!Q29),(0.5*Tabelle1!Q17+SUM(Tabelle1!Q18:Q28)+0.5*Tabelle1!Q29)/12,"") -> 104.7824 | AZ22: =IFERROR(Tabelle1!Q23/AY22,"") -> 0.98910714 | BA22: =IFERROR(AVERAGEIFS($AZ$7:$AZ$294,$B$7:$B$294,$B22,$A$7:$A$294,">="&EDATE($A22,-12*'Seasonal Factors'!$E$4),$A$7:$A$294,"<="&EDATE($A22,12*'Seasonal Factors'!$E$4)),"") -> 0.97848561 | BB22: =IFERROR(BA22/AVERAGE(BA17:BA28),"") -> 0.97872403 | BC22: =IF(ISNUMBER(Tabelle1!R29),(0.5*Tabelle1!R17+SUM(Tabelle1!R18:R28)+0.5*Tabelle1!R29)/12,"") -> 108.03737 | BD22: =IFERROR(Tabelle1!R23/BC22,"") -> 1.0134621 | BE22: =IFERROR(AVERAGEIFS($BD$7:$BD$294,$B$7:$B$294,$B22,$A$7:$A$294,">="&EDATE($A22,-12*'Seasonal Factors'!$E$4),$A$7:$A$294,"<="&EDATE($A22,12*'Seasonal Factors'!$E$4)),"") -> 1.028704 | BF22: =IFERROR(BE22/AVERAGE(BE17:BE28),"") -> 1.0282842 | BG22: =IF(ISNUMBER(Tabelle1!S29),(0.5*Tabelle1!S17+SUM(Tabelle1!S18:S28)+0.5*Tabelle1!S29)/12,"") -> 108.07161 | BH22: =IFERROR(Tabelle1!S23/BG22,"") -> 0.98112765 | BI22: =IFERROR(AVERAGEIFS($BH$7:$BH$294,$B$7:$B$294,$B22,$A$7:$A$294,">="&EDATE($A22,-12*'Seasonal Factors'!$E$4),$A$7:$A$294,"<="&EDATE($A22,12*'Seasonal Factors'!$E$4)),"") -> 0.99463405 | BJ22: =IFERROR(BI22/AVERAGE(BI17:BI28),"") -> 0.99498535
A23: 38503 | B23: =MONTH(A23) -> 5 | C23: =IF(ISNUMBER(Tabelle1!E30),(0.5*Tabelle1!E18+SUM(Tabelle1!E19:E29)+0.5*Tabelle1!E30)/12,"") -> 119.0589 | D23: =IFERROR(Tabelle1!E24/C23,"") -> 2.4766263 | E23: =IFERROR(AVERAGEIFS($D$7:$D$294,$B$7:$B$294,$B23,$A$7:$A$294,">="&EDATE($A23,-12*'Seasonal Factors'!$E$4),$A$7:$A$294,"<="&EDATE($A23,12*'Seasonal Factors'!$E$4)),"") -> 2.3996781 | F23: =IFERROR(E23/AVERAGE(E18:E29),"") -> 2.3931634 | G23: =IF(ISNUMBER(Tabelle1!F30),(0.5*Tabelle1!F18+SUM(Tabelle1!F19:F29)+0.5*Tabelle1!F30)/12,"") -> 89.736232 | H23: =IFERROR(Tabelle1!F24/G23,"") -> 2.1535811 | I23: =IFERROR(AVERAGEIFS($H$7:$H$294,$B$7:$B$294,$B23,$A$7:$A$294,">="&EDATE($A23,-12*'Seasonal Factors'!$E$4),$A$7:$A$294,"<="&EDATE($A23,12*'Seasonal Factors'!$E$4)),"") -> 1.8826775 | J23: =IFERROR(I23/AVERAGE(I18:I29),"") -> 1.8771438 | K23: =IF(ISNUMBER(Tabelle1!G30),(0.5*Tabelle1!G18+SUM(Tabelle1!G19:G29)+0.5*Tabelle1!G30)/12,"") -> 99.814333 | L23: =IFERROR(Tabelle1!G24/K23,"") -> 1.0449953 | M23: =IFERROR(AVERAGEIFS($L$7:$L$294,$B$7:$B$294,$B23,$A$7:$A$294,">="&EDATE($A23,-12*'Seasonal Factors'!$E$4),$A$7:$A$294,"<="&EDATE($A23,12*'Seasonal Factors'!$E$4)),"") -> 1.0093825 | N23: =IFERROR(M23/AVERAGE(M18:M29),"") -> 1.0100604 | O23: =IF(ISNUMBER(Tabelle1!H30),(0.5*Tabelle1!H18+SUM(Tabelle1!H19:H29)+0.5*Tabelle1!H30)/12,"") -> 106.37935 | P23: =IFERROR(Tabelle1!H24/O23,"") -> 1.0287334 | Q23: =IFERROR(AVERAGEIFS($P$7:$P$294,$B$7:$B$294,$B23,$A$7:$A$294,">="&EDATE($A23,-12*'Seasonal Factors'!$E$4),$A$7:$A$294,"<="&EDATE($A23,12*'Seasonal Factors'!$E$4)),"") -> 1.0260097 | R23: =IFERROR(Q23/AVERAGE(Q18:Q29),"") -> 1.0266731 | S23: =IF(ISNUMBER(Tabelle1!I30),(0.5*Tabelle1!I18+SUM(Tabelle1!I19:I29)+0.5*Tabelle1!I30)/12,"") -> 105.5356 | T23: =IFERROR(Tabelle1!I24/S23,"") -> 1.0237182 | U23: =IFERROR(AVERAGEIFS($T$7:$T$294,$B$7:$B$294,$B23,$A$7:$A$294,">="&EDATE($A23,-12*'Seasonal Factors'!$E$4),$A$7:$A$294,"<="&EDATE($A23,12*'Seasonal Factors'!$E$4)),"") -> 1.0176653 | V23: =IFERROR(U23/AVERAGE(U18:U29),"") -> 1.0172335 | W23: =IF(ISNUMBER(Tabelle1!J30),(0.5*Tabelle1!J18+SUM(Tabelle1!J19:J29)+0.5*Tabelle1!J30)/12,"") -> 110.52909 | X23: =IFERROR(Tabelle1!J24/W23,"") -> 1.0047593 | Y23: =IFERROR(AVERAGEIFS($X$7:$X$294,$B$7:$B$294,$B23,$A$7:$A$294,">="&EDATE($A23,-12*'Seasonal Factors'!$E$4),$A$7:$A$294,"<="&EDATE($A23,12*'Seasonal Factors'!$E$4)),"") -> 0.98922293 | Z23: =IFERROR(Y23/AVERAGE(Y18:Y29),"") -> 0.98995308 | AA23: =IF(ISNUMBER(Tabelle1!K30),(0.5*Tabelle1!K18+SUM(Tabelle1!K19:K29)+0.5*Tabelle1!K30)/12,"") -> 109.06807 | AB23: =IFERROR(Tabelle1!K24/AA23,"") -> 1.0548472 | AC23: =IFERROR(AVERAGEIFS($AB$7:$AB$294,$B$7:$B$294,$B23,$A$7:$A$294,">="&EDATE($A23,-12*'Seasonal Factors'!$E$4),$A$7:$A$294,"<="&EDATE($A23,12*'Seasonal Factors'!$E$4)),"") -> 1.0320524 | AD23: =IFERROR(AC23/AVERAGE(AC18:AC29),"") -> 1.0329141 | AE23: =IF(ISNUMBER(Tabelle1!L30),(0.5*Tabelle1!L18+SUM(Tabelle1!L19:L29)+0.5*Tabelle1!L30)/12,"") -> 110.56812 | AF23: =IFERROR(Tabelle1!L24/AE23,"") -> 0.90143347 | AG23: =IFERROR(AVERAGEIFS($AF$7:$AF$294,$B$7:$B$294,$B23,$A$7:$A$294,">="&EDATE($A23,-12*'Seasonal Factors'!$E$4),$A$7:$A$294,"<="&EDATE($A23,12*'Seasonal Factors'!$E$4)),"") -> 0.92840864 | AH23: =IFERROR(AG23/AVERAGE(AG18:AG29),"") -> 0.92885157 | AI23: =IF(ISNUMBER(Tabelle1!M30),(0.5*Tabelle1!M18+SUM(Tabelle1!M19:M29)+0.5*Tabelle1!M30)/12,"") -> 113.17499 | AJ23: =IFERROR(Tabelle1!M24/AI23,"") -> 1.0989529 | AK23: =IFERROR(AVERAGEIFS($AJ$7:$AJ$294,$B$7:$B$294,$B23,$A$7:$A$294,">="&EDATE($A23,-12*'Seasonal Factors'!$E$4),$A$7:$A$294,"<="&EDATE($A23,12*'Seasonal Factors'!$E$4)),"") -> 1.0788927 | AL23: =IFERROR(AK23/AVERAGE(AK18:AK29),"") -> 1.0792512 | AM23: =IF(ISNUMBER(Tabelle1!N30),(0.5*Tabelle1!N18+SUM(Tabelle1!N19:N29)+0.5*Tabelle1!N30)/12,"") -> 108.21148 | AN23: =IFERROR(Tabelle1!N24/AM23,"") -> 1.0145613 | AO23: =IFERROR(AVERAGEIFS($AN$7:$AN$294,$B$7:$B$294,$B23,$A$7:$A$294,">="&EDATE($A23,-12*'Seasonal Factors'!$E$4),$A$7:$A$294,"<="&EDATE($A23,12*'Seasonal Factors'!$E$4)),"") -> 1.0021159 | AP23: =IFERROR(AO23/AVERAGE(AO18:AO29),"") -> 1.0012331 | AQ23: =IF(ISNUMBER(Tabelle1!O30),(0.5*Tabelle1!O18+SUM(Tabelle1!O19:O29)+0.5*Tabelle1!O30)/12,"") -> 104.7071 | AR23: =IFERROR(Tabelle1!O24/AQ23,"") -> 1.0113671 | AS23: =IFERROR(AVERAGEIFS($AR$7:$AR$294,$B$7:$B$294,$B23,$A$7:$A$294,">="&EDATE($A23,-12*'Seasonal Factors'!$E$4),$A$7:$A$294,"<="&EDATE($A23,12*'Seasonal Factors'!$E$4)),"") -> 1.0083849 | AT23: =IFERROR(AS23/AVERAGE(AS18:AS29),"") -> 1.0089104 | AU23: =IF(ISNUMBER(Tabelle1!P30),(0.5*Tabelle1!P18+SUM(Tabelle1!P19:P29)+0.5*Tabelle1!P30)/12,"") -> 104.53053 | AV23: =IFERROR(Tabelle1!P24/AU23,"") -> 0.99980216 | AW23: =IFERROR(AVERAGEIFS($AV$7:$AV$294,$B$7:$B$294,$B23,$A$7:$A$294,">="&EDATE($A23,-12*'Seasonal Factors'!$E$4),$A$7:$A$294,"<="&EDATE($A23,12*'Seasonal Factors'!$E$4)),"") -> 0.99794117 | AX23: =IFERROR(AW23/AVERAGE(AW18:AW29),"") -> 0.9980609 | AY23: =IF(ISNUMBER(Tabelle1!Q30),(0.5*Tabelle1!Q18+SUM(Tabelle1!Q19:Q29)+0.5*Tabelle1!Q30)/12,"") -> 105.31298 | AZ23: =IFERROR(Tabelle1!Q24/AY23,"") -> 0.9987206 | BA23: =IFERROR(AVERAGEIFS($AZ$7:$AZ$294,$B$7:$B$294,$B23,$A$7:$A$294,">="&EDATE($A23,-12*'Seasonal Factors'!$E$4),$A$7:$A$294,"<="&EDATE($A23,12*'Seasonal Factors'!$E$4)),"") -> 0.99774792 | BB23: =IFERROR(BA23/AVERAGE(BA18:BA29),"") -> 0.99795546 | BC23: =IF(ISNUMBER(Tabelle1!R30),(0.5*Tabelle1!R18+SUM(Tabelle1!R19:R29)+0.5*Tabelle1!R30)/12,"") -> 108.81641 | BD23: =IFERROR(Tabelle1!R24/BC23,"") -> 1.0263621 | BE23: =IFERROR(AVERAGEIFS($BD$7:$BD$294,$B$7:$B$294,$B23,$A$7:$A$294,">="&EDATE($A23,-12*'Seasonal Factors'!$E$4),$A$7:$A$294,"<="&EDATE($A23,12*'Seasonal Factors'!$E$4)),"") -> 1.0433819 | BF23: =IFERROR(BE23/AVERAGE(BE18:BE29),"") -> 1.0429446 | BG23: =IF(ISNUMBER(Tabelle1!S30),(0.5*Tabelle1!S18+SUM(Tabelle1!S19:S29)+0.5*Tabelle1!S30)/12,"") -> 109.05149 | BH23: =IFERROR(Tabelle1!S24/BG23,"") -> 0.98665254 | BI23: =IFERROR(AVERAGEIFS($BH$7:$BH$294,$B$7:$B$294,$B23,$A$7:$A$294,">="&EDATE($A23,-12*'Seasonal Factors'!$E$4),$A$7:$A$294,"<="&EDATE($A23,12*'Seasonal Factors'!$E$4)),"") -> 1.0034696 | BJ23: =IFERROR(BI23/AVERAGE(BI18:BI29),"") -> 1.0035584
A24: 38533 | B24: =MONTH(A24) -> 6 | C24: =IF(ISNUMBER(Tabelle1!E31),(0.5*Tabelle1!E19+SUM(Tabelle1!E20:E30)+0.5*Tabelle1!E31)/12,"") -> 119.43065 | D24: =IFERROR(Tabelle1!E25/C24,"") -> 1.6541299 | E24: =IFERROR(AVERAGEIFS($D$7:$D$294,$B$7:$B$294,$B24,$A$7:$A$294,">="&EDATE($A24,-12*'Seasonal Factors'!$E$4),$A$7:$A$294,"<="&EDATE($A24,12*'Seasonal Factors'!$E$4)),"") -> 1.6134584 | F24: =IFERROR(E24/AVERAGE(E19:E30),"") -> 1.6134823 | G24: =IF(ISNUMBER(Tabelle1!F31),(0.5*Tabelle1!F19+SUM(Tabelle1!F20:F30)+0.5*Tabelle1!F31)/12,"") -> 90.969601 | H24: =IFERROR(Tabelle1!F25/G24,"") -> 1.2197153 | I24: =IFERROR(AVERAGEIFS($H$7:$H$294,$B$7:$B$294,$B24,$A$7:$A$294,">="&EDATE($A24,-12*'Seasonal Factors'!$E$4),$A$7:$A$294,"<="&EDATE($A24,12*'Seasonal Factors'!$E$4)),"") -> 1.3088603 | J24: =IFERROR(I24/AVERAGE(I19:I30),"") -> 1.3042927 | K24: =IF(ISNUMBER(Tabelle1!G31),(0.5*Tabelle1!G19+SUM(Tabelle1!G20:G30)+0.5*Tabelle1!G31)/12,"") -> 99.772413 | L24: =IFERROR(Tabelle1!G25/K24,"") -> 0.99721703 | M24: =IFERROR(AVERAGEIFS($L$7:$L$294,$B$7:$B$294,$B24,$A$7:$A$294,">="&EDATE($A24,-12*'Seasonal Factors'!$E$4),$A$7:$A$294,"<="&EDATE($A24,12*'Seasonal Factors'!$E$4)),"") -> 0.99363449 | N24: =IFERROR(M24/AVERAGE(M19:M30),"") -> 0.99440984 | O24: =IF(ISNUMBER(Tabelle1!H31),(0.5*Tabelle1!H19+SUM(Tabelle1!H20:H30)+0.5*Tabelle1!H31)/12,"") -> 107.08528 | P24: =IFERROR(Tabelle1!H25/O24,"") -> 1.0082164 | Q24: =IFERROR(AVERAGEIFS($P$7:$P$294,$B$7:$B$294,$B24,$A$7:$A$294,">="&EDATE($A24,-12*'Seasonal Factors'!$E$4),$A$7:$A$294,"<="&EDATE($A24,12*'Seasonal Factors'!$E$4)),"") -> 0.99390504 | R24: =IFERROR(Q24/AVERAGE(Q19:Q30),"") -> 0.99442934 | S24: =IF(ISNUMBER(Tabelle1!I31),(0.5*Tabelle1!I19+SUM(Tabelle1!I20:I30)+0.5*Tabelle1!I31)/12,"") -> 106.02295 | T24: =IFERROR(Tabelle1!I25/S24,"") -> 1.0022712 | U24: =IFERROR(AVERAGEIFS($T$7:$T$294,$B$7:$B$294,$B24,$A$7:$A$294,">="&EDATE($A24,-12*'Seasonal Factors'!$E$4),$A$7:$A$294,"<="&EDATE($A24,12*'Seasonal Factors'!$E$4)),"") -> 1.0436549 | V24: =IFERROR(U24/AVERAGE(U19:U30),"") -> 1.0439043 | W24: =IF(ISNUMBER(Tabelle1!J31),(0.5*Tabelle1!J19+SUM(Tabelle1!J20:J30)+0.5*Tabelle1!J31)/12,"") -> 111.83447 | X24: =IFERROR(Tabelle1!J25/W24,"") -> 1.0013177 | Y24: =IFERROR(AVERAGEIFS($X$7:$X$294,$B$7:$B$294,$B24,$A$7:$A$294,">="&EDATE($A24,-12*'Seasonal Factors'!$E$4),$A$7:$A$294,"<="&EDATE($A24,12*'Seasonal Factors'!$E$4)),"") -> 0.98191524 | Z24: =IFERROR(Y24/AVERAGE(Y19:Y30),"") -> 0.9828646 | AA24: =IF(ISNUMBER(Tabelle1!K31),(0.5*Tabelle1!K19+SUM(Tabelle1!K20:K30)+0.5*Tabelle1!K31)/12,"") -> 110.0091 | AB24: =IFERROR(Tabelle1!K25/AA24,"") -> 1.0271534 | AC24: =IFERROR(AVERAGEIFS($AB$7:$AB$294,$B$7:$B$294,$B24,$A$7:$A$294,">="&EDATE($A24,-12*'Seasonal Factors'!$E$4),$A$7:$A$294,"<="&EDATE($A24,12*'Seasonal Factors'!$E$4)),"") -> 1.0122733 | AD24: =IFERROR(AC24/AVERAGE(AC19:AC30),"") -> 1.0129003 | AE24: =IF(ISNUMBER(Tabelle1!L31),(0.5*Tabelle1!L19+SUM(Tabelle1!L20:L30)+0.5*Tabelle1!L31)/12,"") -> 111.61631 | AF24: =IFERROR(Tabelle1!L25/AE24,"") -> 0.89766046 | AG24: =IFERROR(AVERAGEIFS($AF$7:$AF$294,$B$7:$B$294,$B24,$A$7:$A$294,">="&EDATE($A24,-12*'Seasonal Factors'!$E$4),$A$7:$A$294,"<="&EDATE($A24,12*'Seasonal Factors'!$E$4)),"") -> 0.90856602 | AH24: =IFERROR(AG24/AVERAGE(AG19:AG30),"") -> 0.90885814 | AI24: =IF(ISNUMBER(Tabelle1!M31),(0.5*Tabelle1!M19+SUM(Tabelle1!M20:M30)+0.5*Tabelle1!M31)/12,"") -> 114.33091 | AJ24: =IFERROR(Tabelle1!M25/AI24,"") -> 1.0362818 | AK24: =IFERROR(AVERAGEIFS($AJ$7:$AJ$294,$B$7:$B$294,$B24,$A$7:$A$294,">="&EDATE($A24,-12*'Seasonal Factors'!$E$4),$A$7:$A$294,"<="&EDATE($A24,12*'Seasonal Factors'!$E$4)),"") -> 1.0257177 | AL24: =IFERROR(AK24/AVERAGE(AK19:AK30),"") -> 1.0261947 | AM24: =IF(ISNUMBER(Tabelle1!N31),(0.5*Tabelle1!N19+SUM(Tabelle1!N20:N30)+0.5*Tabelle1!N31)/12,"") -> 109.25577 | AN24: =IFERROR(Tabelle1!N25/AM24,"") -> 1.0107552 | AO24: =IFERROR(AVERAGEIFS($AN$7:$AN$294,$B$7:$B$294,$B24,$A$7:$A$294,">="&EDATE($A24,-12*'Seasonal Factors'!$E$4),$A$7:$A$294,"<="&EDATE($A24,12*'Seasonal Factors'!$E$4)),"") -> 1.0114016 | AP24: =IFERROR(AO24/AVERAGE(AO19:AO30),"") -> 1.0106357 | AQ24: =IF(ISNUMBER(Tabelle1!O31),(0.5*Tabelle1!O19+SUM(Tabelle1!O20:O30)+0.5*Tabelle1!O31)/12,"") -> 105.33378 | AR24: =IFERROR(Tabelle1!O25/AQ24,"") -> 1.0169264 | AS24: =IFERROR(AVERAGEIFS($AR$7:$AR$294,$B$7:$B$294,$B24,$A$7:$A$294,">="&EDATE($A24,-12*'Seasonal Factors'!$E$4),$A$7:$A$294,"<="&EDATE($A24,12*'Seasonal Factors'!$E$4)),"") -> 1.0177905 | AT24: =IFERROR(AS24/AVERAGE(AS19:AS30),"") -> 1.0183499 | AU24: =IF(ISNUMBER(Tabelle1!P31),(0.5*Tabelle1!P19+SUM(Tabelle1!P20:P30)+0.5*Tabelle1!P31)/12,"") -> 105.04588 | AV24: =IFERROR(Tabelle1!P25/AU24,"") -> 1.0091328 | AW24: =IFERROR(AVERAGEIFS($AV$7:$AV$294,$B$7:$B$294,$B24,$A$7:$A$294,">="&EDATE($A24,-12*'Seasonal Factors'!$E$4),$A$7:$A$294,"<="&EDATE($A24,12*'Seasonal Factors'!$E$4)),"") -> 1.0083954 | AX24: =IFERROR(AW24/AVERAGE(AW19:AW30),"") -> 1.0085095 | AY24: =IF(ISNUMBER(Tabelle1!Q31),(0.5*Tabelle1!Q19+SUM(Tabelle1!Q20:Q30)+0.5*Tabelle1!Q31)/12,"") -> 105.87353 | AZ24: =IFERROR(Tabelle1!Q25/AY24,"") -> 1.0216388 | BA24: =IFERROR(AVERAGEIFS($AZ$7:$AZ$294,$B$7:$B$294,$B24,$A$7:$A$294,">="&EDATE($A24,-12*'Seasonal Factors'!$E$4),$A$7:$A$294,"<="&EDATE($A24,12*'Seasonal Factors'!$E$4)),"") -> 1.0203928 | BB24: =IFERROR(BA24/AVERAGE(BA19:BA30),"") -> 1.0206031 | BC24: =IF(ISNUMBER(Tabelle1!R31),(0.5*Tabelle1!R19+SUM(Tabelle1!R20:R30)+0.5*Tabelle1!R31)/12,"") -> 109.58555 | BD24: =IFERROR(Tabelle1!R25/BC24,"") -> 1.0763407 | BE24: =IFERROR(AVERAGEIFS($BD$7:$BD$294,$B$7:$B$294,$B24,$A$7:$A$294,">="&EDATE($A24,-12*'Seasonal Factors'!$E$4),$A$7:$A$294,"<="&EDATE($A24,12*'Seasonal Factors'!$E$4)),"") -> 1.0667148 | BF24: =IFERROR(BE24/AVERAGE(BE19:BE30),"") -> 1.0663553 | BG24: =IF(ISNUMBER(Tabelle1!S31),(0.5*Tabelle1!S19+SUM(Tabelle1!S20:S30)+0.5*Tabelle1!S31)/12,"") -> 110.09877 | BH24: =IFERROR(Tabelle1!S25/BG24,"") -> 1.0042056 | BI24: =IFERROR(AVERAGEIFS($BH$7:$BH$294,$B$7:$B$294,$B24,$A$7:$A$294,">="&EDATE($A24,-12*'Seasonal Factors'!$E$4),$A$7:$A$294,"<="&EDATE($A24,12*'Seasonal Factors'!$E$4)),"") -> 1.0031797 | BJ24: =IFERROR(BI24/AVERAGE(BI19:BI30),"") -> 1.0031124
... A288: 46568 | B288: =MONTH(A288) -> 6 | C288: =IF(ISNUMBER(Tabelle1!E295),(0.5*Tabelle1!E283+SUM(Tabelle1!E284:E294)+0.5*Tabelle1!E295)/12,"") | D288: =IFERROR(Tabelle1!E289/C288,"") | E288: =IFERROR(AVERAGEIFS($D$7:$D$294,$B$7:$B$294,$B288,$A$7:$A$294,">="&EDATE($A288,-12*'Seasonal Factors'!$E$4),$A$7:$A$294,"<="&EDATE($A288,12*'Seasonal Factors'!$E$4)),"") -> 1.3922928 | F288: =IFERROR(E288/AVERAGE(E283:E294),"") -> 1.4094711 | G288: =IF(ISNUMBER(Tabelle1!F295),(0.5*Tabelle1!F283+SUM(Tabelle1!F284:F294)+0.5*Tabelle1!F295)/12,"") | H288: =IFERROR(Tabelle1!F289/G288,"") | I288: =IFERROR(AVERAGEIFS($H$7:$H$294,$B$7:$B$294,$B288,$A$7:$A$294,">="&EDATE($A288,-12*'Seasonal Factors'!$E$4),$A$7:$A$294,"<="&EDATE($A288,12*'Seasonal Factors'!$E$4)),"") -> 1.1706693 | J288: =IFERROR(I288/AVERAGE(I283:I294),"") -> 1.1801951 | K288: =IF(ISNUMBER(Tabelle1!G295),(0.5*Tabelle1!G283+SUM(Tabelle1!G284:G294)+0.5*Tabelle1!G295)/12,"") | L288: =IFERROR(Tabelle1!G289/K288,"") | M288: =IFERROR(AVERAGEIFS($L$7:$L$294,$B$7:$B$294,$B288,$A$7:$A$294,">="&EDATE($A288,-12*'Seasonal Factors'!$E$4),$A$7:$A$294,"<="&EDATE($A288,12*'Seasonal Factors'!$E$4)),"") -> 0.98619556 | N288: =IFERROR(M288/AVERAGE(M283:M294),"") -> 0.98738963 | O288: =IF(ISNUMBER(Tabelle1!H295),(0.5*Tabelle1!H283+SUM(Tabelle1!H284:H294)+0.5*Tabelle1!H295)/12,"") | P288: =IFERROR(Tabelle1!H289/O288,"") | Q288: =IFERROR(AVERAGEIFS($P$7:$P$294,$B$7:$B$294,$B288,$A$7:$A$294,">="&EDATE($A288,-12*'Seasonal Factors'!$E$4),$A$7:$A$294,"<="&EDATE($A288,12*'Seasonal Factors'!$E$4)),"") -> 0.97466118 | R288: =IFERROR(Q288/AVERAGE(Q283:Q294),"") -> 0.97515248 | S288: =IF(ISNUMBER(Tabelle1!I295),(0.5*Tabelle1!I283+SUM(Tabelle1!I284:I294)+0.5*Tabelle1!I295)/12,"") | T288: =IFERROR(Tabelle1!I289/S288,"") | U288: =IFERROR(AVERAGEIFS($T$7:$T$294,$B$7:$B$294,$B288,$A$7:$A$294,">="&EDATE($A288,-12*'Seasonal Factors'!$E$4),$A$7:$A$294,"<="&EDATE($A288,12*'Seasonal Factors'!$E$4)),"") -> 1.0386027 | V288: =IFERROR(U288/AVERAGE(U283:U294),"") -> 1.0414722 | W288: =IF(ISNUMBER(Tabelle1!J295),(0.5*Tabelle1!J283+SUM(Tabelle1!J284:J294)+0.5*Tabelle1!J295)/12,"") | X288: =IFERROR(Tabelle1!J289/W288,"") | Y288: =IFERROR(AVERAGEIFS($X$7:$X$294,$B$7:$B$294,$B288,$A$7:$A$294,">="&EDATE($A288,-12*'Seasonal Factors'!$E$4),$A$7:$A$294,"<="&EDATE($A288,12*'Seasonal Factors'!$E$4)),"") -> 0.95944327 | Z288: =IFERROR(Y288/AVERAGE(Y283:Y294),"") -> 0.959432 | AA288: =IF(ISNUMBER(Tabelle1!K295),(0.5*Tabelle1!K283+SUM(Tabelle1!K284:K294)+0.5*Tabelle1!K295)/12,"") | AB288: =IFERROR(Tabelle1!K289/AA288,"") | AC288: =IFERROR(AVERAGEIFS($AB$7:$AB$294,$B$7:$B$294,$B288,$A$7:$A$294,">="&EDATE($A288,-12*'Seasonal Factors'!$E$4),$A$7:$A$294,"<="&EDATE($A288,12*'Seasonal Factors'!$E$4)),"") -> 1.0152842 | AD288: =IFERROR(AC288/AVERAGE(AC283:AC294),"") -> 1.0168249 | AE288: =IF(ISNUMBER(Tabelle1!L295),(0.5*Tabelle1!L283+SUM(Tabelle1!L284:L294)+0.5*Tabelle1!L295)/12,"") | AF288: =IFERROR(Tabelle1!L289/AE288,"") | AG288: =IFERROR(AVERAGEIFS($AF$7:$AF$294,$B$7:$B$294,$B288,$A$7:$A$294,">="&EDATE($A288,-12*'Seasonal Factors'!$E$4),$A$7:$A$294,"<="&EDATE($A288,12*'Seasonal Factors'!$E$4)),"") -> 1.0659639 | AH288: =IFERROR(AG288/AVERAGE(AG283:AG294),"") -> 1.0600513 | AI288: =IF(ISNUMBER(Tabelle1!M295),(0.5*Tabelle1!M283+SUM(Tabelle1!M284:M294)+0.5*Tabelle1!M295)/12,"") | AJ288: =IFERROR(Tabelle1!M289/AI288,"") | AK288: =IFERROR(AVERAGEIFS($AJ$7:$AJ$294,$B$7:$B$294,$B288,$A$7:$A$294,">="&EDATE($A288,-12*'Seasonal Factors'!$E$4),$A$7:$A$294,"<="&EDATE($A288,12*'Seasonal Factors'!$E$4)),"") -> 1.0187098 | AL288: =IFERROR(AK288/AVERAGE(AK283:AK294),"") -> 1.0194225 | AM288: =IF(ISNUMBER(Tabelle1!N295),(0.5*Tabelle1!N283+SUM(Tabelle1!N284:N294)+0.5*Tabelle1!N295)/12,"") | AN288: =IFERROR(Tabelle1!N289/AM288,"") | AO288: =IFERROR(AVERAGEIFS($AN$7:$AN$294,$B$7:$B$294,$B288,$A$7:$A$294,">="&EDATE($A288,-12*'Seasonal Factors'!$E$4),$A$7:$A$294,"<="&EDATE($A288,12*'Seasonal Factors'!$E$4)),"") -> 0.95246153 | AP288: =IFERROR(AO288/AVERAGE(AO283:AO294),"") -> 0.9524996 | AQ288: =IF(ISNUMBER(Tabelle1!O295),(0.5*Tabelle1!O283+SUM(Tabelle1!O284:O294)+0.5*Tabelle1!O295)/12,"") | AR288: =IFERROR(Tabelle1!O289/AQ288,"") | AS288: =IFERROR(AVERAGEIFS($AR$7:$AR$294,$B$7:$B$294,$B288,$A$7:$A$294,">="&EDATE($A288,-12*'Seasonal Factors'!$E$4),$A$7:$A$294,"<="&EDATE($A288,12*'Seasonal Factors'!$E$4)),"") -> 1.0082135 | AT288: =IFERROR(AS288/AVERAGE(AS283:AS294),"") -> 1.0077892 | AU288: =IF(ISNUMBER(Tabelle1!P295),(0.5*Tabelle1!P283+SUM(Tabelle1!P284:P294)+0.5*Tabelle1!P295)/12,"") | AV288: =IFERROR(Tabelle1!P289/AU288,"") | AW288: =IFERROR(AVERAGEIFS($AV$7:$AV$294,$B$7:$B$294,$B288,$A$7:$A$294,">="&EDATE($A288,-12*'Seasonal Factors'!$E$4),$A$7:$A$294,"<="&EDATE($A288,12*'Seasonal Factors'!$E$4)),"") -> 1.0021407 | AX288: =IFERROR(AW288/AVERAGE(AW283:AW294),"") -> 1.0013187 | AY288: =IF(ISNUMBER(Tabelle1!Q295),(0.5*Tabelle1!Q283+SUM(Tabelle1!Q284:Q294)+0.5*Tabelle1!Q295)/12,"") | AZ288: =IFERROR(Tabelle1!Q289/AY288,"") | BA288: =IFERROR(AVERAGEIFS($AZ$7:$AZ$294,$B$7:$B$294,$B288,$A$7:$A$294,">="&EDATE($A288,-12*'Seasonal Factors'!$E$4),$A$7:$A$294,"<="&EDATE($A288,12*'Seasonal Factors'!$E$4)),"") -> 1.0046844 | BB288: =IFERROR(BA288/AVERAGE(BA283:BA294),"") -> 1.0041902 | BC288: =IF(ISNUMBER(Tabelle1!R295),(0.5*Tabelle1!R283+SUM(Tabelle1!R284:R294)+0.5*Tabelle1!R295)/12,"") | BD288: =IFERROR(Tabelle1!R289/BC288,"") | BE288: =IFERROR(AVERAGEIFS($BD$7:$BD$294,$B$7:$B$294,$B288,$A$7:$A$294,">="&EDATE($A288,-12*'Seasonal Factors'!$E$4),$A$7:$A$294,"<="&EDATE($A288,12*'Seasonal Factors'!$E$4)),"") -> 1.0960077 | BF288: =IFERROR(BE288/AVERAGE(BE283:BE294),"") -> 1.0959586 | BG288: =IF(ISNUMBER(Tabelle1!S295),(0.5*Tabelle1!S283+SUM(Tabelle1!S284:S294)+0.5*Tabelle1!S295)/12,"") | BH288: =IFERROR(Tabelle1!S289/BG288,"") | BI288: =IFERROR(AVERAGEIFS($BH$7:$BH$294,$B$7:$B$294,$B288,$A$7:$A$294,">="&EDATE($A288,-12*'Seasonal Factors'!$E$4),$A$7:$A$294,"<="&EDATE($A288,12*'Seasonal Factors'!$E$4)),"") -> 0.93185404 | BJ288: =IFERROR(BI288/AVERAGE(BI283:BI294),"") -> 0.93168762
A289: 46599 | B289: =MONTH(A289) -> 7 | E289: =IFERROR(AVERAGEIFS($D$7:$D$294,$B$7:$B$294,$B289,$A$7:$A$294,">="&EDATE($A289,-12*'Seasonal Factors'!$E$4),$A$7:$A$294,"<="&EDATE($A289,12*'Seasonal Factors'!$E$4)),"") -> 0.94114841 | F289: =IFERROR(E289/AVERAGE(E284:E294),"") -> 0.93431463 | I289: =IFERROR(AVERAGEIFS($H$7:$H$294,$B$7:$B$294,$B289,$A$7:$A$294,">="&EDATE($A289,-12*'Seasonal Factors'!$E$4),$A$7:$A$294,"<="&EDATE($A289,12*'Seasonal Factors'!$E$4)),"") -> 1.4108771 | J289: =IFERROR(I289/AVERAGE(I284:I294),"") -> 1.4233732 | M289: =IFERROR(AVERAGEIFS($L$7:$L$294,$B$7:$B$294,$B289,$A$7:$A$294,">="&EDATE($A289,-12*'Seasonal Factors'!$E$4),$A$7:$A$294,"<="&EDATE($A289,12*'Seasonal Factors'!$E$4)),"") -> 1.0146179 | N289: =IFERROR(M289/AVERAGE(M284:M294),"") -> 1.018691 | Q289: =IFERROR(AVERAGEIFS($P$7:$P$294,$B$7:$B$294,$B289,$A$7:$A$294,">="&EDATE($A289,-12*'Seasonal Factors'!$E$4),$A$7:$A$294,"<="&EDATE($A289,12*'Seasonal Factors'!$E$4)),"") -> 1.0526906 | R289: =IFERROR(Q289/AVERAGE(Q284:Q294),"") -> 1.0402497 | U289: =IFERROR(AVERAGEIFS($T$7:$T$294,$B$7:$B$294,$B289,$A$7:$A$294,">="&EDATE($A289,-12*'Seasonal Factors'!$E$4),$A$7:$A$294,"<="&EDATE($A289,12*'Seasonal Factors'!$E$4)),"") -> 1.0868688 | V289: =IFERROR(U289/AVERAGE(U284:U294),"") -> 1.0996369 | Y289: =IFERROR(AVERAGEIFS($X$7:$X$294,$B$7:$B$294,$B289,$A$7:$A$294,">="&EDATE($A289,-12*'Seasonal Factors'!$E$4),$A$7:$A$294,"<="&EDATE($A289,12*'Seasonal Factors'!$E$4)),"") -> 1.0159228 | Z289: =IFERROR(Y289/AVERAGE(Y284:Y294),"") -> 1.0162852 | AC289: =IFERROR(AVERAGEIFS($AB$7:$AB$294,$B$7:$B$294,$B289,$A$7:$A$294,">="&EDATE($A289,-12*'Seasonal Factors'!$E$4),$A$7:$A$294,"<="&EDATE($A289,12*'Seasonal Factors'!$E$4)),"") -> 1.0135289 | AD289: =IFERROR(AC289/AVERAGE(AC284:AC294),"") -> 1.008346 | AG289: =IFERROR(AVERAGEIFS($AF$7:$AF$294,$B$7:$B$294,$B289,$A$7:$A$294,">="&EDATE($A289,-12*'Seasonal Factors'!$E$4),$A$7:$A$294,"<="&EDATE($A289,12*'Seasonal Factors'!$E$4)),"") -> 0.94952581 | AH289: =IFERROR(AG289/AVERAGE(AG284:AG294),"") -> 0.95911793 | AK289: =IFERROR(AVERAGEIFS($AJ$7:$AJ$294,$B$7:$B$294,$B289,$A$7:$A$294,">="&EDATE($A289,-12*'Seasonal Factors'!$E$4),$A$7:$A$294,"<="&EDATE($A289,12*'Seasonal Factors'!$E$4)),"") -> 1.0158434 | AL289: =IFERROR(AK289/AVERAGE(AK284:AK294),"") -> 1.0148729 | AO289: =IFERROR(AVERAGEIFS($AN$7:$AN$294,$B$7:$B$294,$B289,$A$7:$A$294,">="&EDATE($A289,-12*'Seasonal Factors'!$E$4),$A$7:$A$294,"<="&EDATE($A289,12*'Seasonal Factors'!$E$4)),"") -> 1.0124 | AP289: =IFERROR(AO289/AVERAGE(AO284:AO294),"") -> 1.0131324 | AS289: =IFERROR(AVERAGEIFS($AR$7:$AR$294,$B$7:$B$294,$B289,$A$7:$A$294,">="&EDATE($A289,-12*'Seasonal Factors'!$E$4),$A$7:$A$294,"<="&EDATE($A289,12*'Seasonal Factors'!$E$4)),"") -> 0.99502375 | AT289: =IFERROR(AS289/AVERAGE(AS284:AS294),"") -> 0.99221306 | AW289: =IFERROR(AVERAGEIFS($AV$7:$AV$294,$B$7:$B$294,$B289,$A$7:$A$294,">="&EDATE($A289,-12*'Seasonal Factors'!$E$4),$A$7:$A$294,"<="&EDATE($A289,12*'Seasonal Factors'!$E$4)),"") -> 1.0009722 | AX289: =IFERROR(AW289/AVERAGE(AW284:AW294),"") -> 1.0004263 | BA289: =IFERROR(AVERAGEIFS($AZ$7:$AZ$294,$B$7:$B$294,$B289,$A$7:$A$294,">="&EDATE($A289,-12*'Seasonal Factors'!$E$4),$A$7:$A$294,"<="&EDATE($A289,12*'Seasonal Factors'!$E$4)),"") -> 1.0058757 | BB289: =IFERROR(BA289/AVERAGE(BA284:BA294),"") -> 1.003028 | BE289: =IFERROR(AVERAGEIFS($BD$7:$BD$294,$B$7:$B$294,$B289,$A$7:$A$294,">="&EDATE($A289,-12*'Seasonal Factors'!$E$4),$A$7:$A$294,"<="&EDATE($A289,12*'Seasonal Factors'!$E$4)),"") -> 1.0023776 | BF289: =IFERROR(BE289/AVERAGE(BE284:BE294),"") -> 1.002798 | BI289: =IFERROR(AVERAGEIFS($BH$7:$BH$294,$B$7:$B$294,$B289,$A$7:$A$294,">="&EDATE($A289,-12*'Seasonal Factors'!$E$4),$A$7:$A$294,"<="&EDATE($A289,12*'Seasonal Factors'!$E$4)),"") -> 1.0450944 | BJ289: =IFERROR(BI289/AVERAGE(BI284:BI294),"") -> 1.0548111
A290: 46630 | B290: =MONTH(A290) -> 8 | E290: =IFERROR(AVERAGEIFS($D$7:$D$294,$B$7:$B$294,$B290,$A$7:$A$294,">="&EDATE($A290,-12*'Seasonal Factors'!$E$4),$A$7:$A$294,"<="&EDATE($A290,12*'Seasonal Factors'!$E$4)),"") -> 0.66690097 | F290: =IFERROR(E290/AVERAGE(E285:E294),"") -> 0.63853942 | I290: =IFERROR(AVERAGEIFS($H$7:$H$294,$B$7:$B$294,$B290,$A$7:$A$294,">="&EDATE($A290,-12*'Seasonal Factors'!$E$4),$A$7:$A$294,"<="&EDATE($A290,12*'Seasonal Factors'!$E$4)),"") -> 1.5937678 | J290: =IFERROR(I290/AVERAGE(I285:I294),"") -> 1.6235257 | M290: =IFERROR(AVERAGEIFS($L$7:$L$294,$B$7:$B$294,$B290,$A$7:$A$294,">="&EDATE($A290,-12*'Seasonal Factors'!$E$4),$A$7:$A$294,"<="&EDATE($A290,12*'Seasonal Factors'!$E$4)),"") -> 1.0195593 | N290: =IFERROR(M290/AVERAGE(M285:M294),"") -> 1.0169427 | Q290: =IFERROR(AVERAGEIFS($P$7:$P$294,$B$7:$B$294,$B290,$A$7:$A$294,">="&EDATE($A290,-12*'Seasonal Factors'!$E$4),$A$7:$A$294,"<="&EDATE($A290,12*'Seasonal Factors'!$E$4)),"") -> 1.066387 | R290: =IFERROR(Q290/AVERAGE(Q285:Q294),"") -> 1.0392633 | U290: =IFERROR(AVERAGEIFS($T$7:$T$294,$B$7:$B$294,$B290,$A$7:$A$294,">="&EDATE($A290,-12*'Seasonal Factors'!$E$4),$A$7:$A$294,"<="&EDATE($A290,12*'Seasonal Factors'!$E$4)),"") -> 1.0293597 | V290: =IFERROR(U290/AVERAGE(U285:U294),"") -> 1.0449426 | Y290: =IFERROR(AVERAGEIFS($X$7:$X$294,$B$7:$B$294,$B290,$A$7:$A$294,">="&EDATE($A290,-12*'Seasonal Factors'!$E$4),$A$7:$A$294,"<="&EDATE($A290,12*'Seasonal Factors'!$E$4)),"") -> 1.0849461 | Z290: =IFERROR(Y290/AVERAGE(Y285:Y294),"") -> 1.0832588 | AC290: =IFERROR(AVERAGEIFS($AB$7:$AB$294,$B$7:$B$294,$B290,$A$7:$A$294,">="&EDATE($A290,-12*'Seasonal Factors'!$E$4),$A$7:$A$294,"<="&EDATE($A290,12*'Seasonal Factors'!$E$4)),"") -> 1.0329521 | AD290: =IFERROR(AC290/AVERAGE(AC285:AC294),"") -> 1.0207703 | AG290: =IFERROR(AVERAGEIFS($AF$7:$AF$294,$B$7:$B$294,$B290,$A$7:$A$294,">="&EDATE($A290,-12*'Seasonal Factors'!$E$4),$A$7:$A$294,"<="&EDATE($A290,12*'Seasonal Factors'!$E$4)),"") -> 1.0238947 | AH290: =IFERROR(AG290/AVERAGE(AG285:AG294),"") -> 1.0479106 | AK290: =IFERROR(AVERAGEIFS($AJ$7:$AJ$294,$B$7:$B$294,$B290,$A$7:$A$294,">="&EDATE($A290,-12*'Seasonal Factors'!$E$4),$A$7:$A$294,"<="&EDATE($A290,12*'Seasonal Factors'!$E$4)),"") -> 0.99339302 | AL290: =IFERROR(AK290/AVERAGE(AK285:AK294),"") -> 0.98752089 | AO290: =IFERROR(AVERAGEIFS($AN$7:$AN$294,$B$7:$B$294,$B290,$A$7:$A$294,">="&EDATE($A290,-12*'Seasonal Factors'!$E$4),$A$7:$A$294,"<="&EDATE($A290,12*'Seasonal Factors'!$E$4)),"") -> 1.0289754 | AP290: =IFERROR(AO290/AVERAGE(AO285:AO294),"") -> 1.0236635 | AS290: =IFERROR(AVERAGEIFS($AR$7:$AR$294,$B$7:$B$294,$B290,$A$7:$A$294,">="&EDATE($A290,-12*'Seasonal Factors'!$E$4),$A$7:$A$294,"<="&EDATE($A290,12*'Seasonal Factors'!$E$4)),"") -> 1.0095577 | AT290: =IFERROR(AS290/AVERAGE(AS285:AS294),"") -> 1.0034711 | AW290: =IFERROR(AVERAGEIFS($AV$7:$AV$294,$B$7:$B$294,$B290,$A$7:$A$294,">="&EDATE($A290,-12*'Seasonal Factors'!$E$4),$A$7:$A$294,"<="&EDATE($A290,12*'Seasonal Factors'!$E$4)),"") -> 0.99778439 | AX290: =IFERROR(AW290/AVERAGE(AW285:AW294),"") -> 0.99765232 | BA290: =IFERROR(AVERAGEIFS($AZ$7:$AZ$294,$B$7:$B$294,$B290,$A$7:$A$294,">="&EDATE($A290,-12*'Seasonal Factors'!$E$4),$A$7:$A$294,"<="&EDATE($A290,12*'Seasonal Factors'!$E$4)),"") -> 1.0068874 | BB290: =IFERROR(BA290/AVERAGE(BA285:BA294),"") -> 1.0017177 | BE290: =IFERROR(AVERAGEIFS($BD$7:$BD$294,$B$7:$B$294,$B290,$A$7:$A$294,">="&EDATE($A290,-12*'Seasonal Factors'!$E$4),$A$7:$A$294,"<="&EDATE($A290,12*'Seasonal Factors'!$E$4)),"") -> 0.9987801 | BF290: =IFERROR(BE290/AVERAGE(BE285:BE294),"") -> 0.99430801 | BI290: =IFERROR(AVERAGEIFS($BH$7:$BH$294,$B$7:$B$294,$B290,$A$7:$A$294,">="&EDATE($A290,-12*'Seasonal Factors'!$E$4),$A$7:$A$294,"<="&EDATE($A290,12*'Seasonal Factors'!$E$4)),"") -> 0.98495477 | BJ290: =IFERROR(BI290/AVERAGE(BI285:BI294),"") -> 1.0037778
A291: 46660 | B291: =MONTH(A291) -> 9 | E291: =IFERROR(AVERAGEIFS($D$7:$D$294,$B$7:$B$294,$B291,$A$7:$A$294,">="&EDATE($A291,-12*'Seasonal Factors'!$E$4),$A$7:$A$294,"<="&EDATE($A291,12*'Seasonal Factors'!$E$4)),"") -> 0.63313656 | F291: =IFERROR(E291/AVERAGE(E286:E294),"") -> 0.61651109 | I291: =IFERROR(AVERAGEIFS($H$7:$H$294,$B$7:$B$294,$B291,$A$7:$A$294,">="&EDATE($A291,-12*'Seasonal Factors'!$E$4),$A$7:$A$294,"<="&EDATE($A291,12*'Seasonal Factors'!$E$4)),"") -> 1.3665844 | J291: =IFERROR(I291/AVERAGE(I286:I294),"") -> 1.3580042 | M291: =IFERROR(AVERAGEIFS($L$7:$L$294,$B$7:$B$294,$B291,$A$7:$A$294,">="&EDATE($A291,-12*'Seasonal Factors'!$E$4),$A$7:$A$294,"<="&EDATE($A291,12*'Seasonal Factors'!$E$4)),"") -> 0.99806252 | N291: =IFERROR(M291/AVERAGE(M286:M294),"") -> 0.99422491 | Q291: =IFERROR(AVERAGEIFS($P$7:$P$294,$B$7:$B$294,$B291,$A$7:$A$294,">="&EDATE($A291,-12*'Seasonal Factors'!$E$4),$A$7:$A$294,"<="&EDATE($A291,12*'Seasonal Factors'!$E$4)),"") -> 1.0504483 | R291: =IFERROR(Q291/AVERAGE(Q286:Q294),"") -> 1.0194605 | U291: =IFERROR(AVERAGEIFS($T$7:$T$294,$B$7:$B$294,$B291,$A$7:$A$294,">="&EDATE($A291,-12*'Seasonal Factors'!$E$4),$A$7:$A$294,"<="&EDATE($A291,12*'Seasonal Factors'!$E$4)),"") -> 0.94090579 | V291: =IFERROR(U291/AVERAGE(U286:U294),"") -> 0.9605857 | Y291: =IFERROR(AVERAGEIFS($X$7:$X$294,$B$7:$B$294,$B291,$A$7:$A$294,">="&EDATE($A291,-12*'Seasonal Factors'!$E$4),$A$7:$A$294,"<="&EDATE($A291,12*'Seasonal Factors'!$E$4)),"") -> 1.0757059 | Z291: =IFERROR(Y291/AVERAGE(Y286:Y294),"") -> 1.0737606 | AC291: =IFERROR(AVERAGEIFS($AB$7:$AB$294,$B$7:$B$294,$B291,$A$7:$A$294,">="&EDATE($A291,-12*'Seasonal Factors'!$E$4),$A$7:$A$294,"<="&EDATE($A291,12*'Seasonal Factors'!$E$4)),"") -> 1.020666 | AD291: =IFERROR(AC291/AVERAGE(AC286:AC294),"") -> 1.0079097 | AG291: =IFERROR(AVERAGEIFS($AF$7:$AF$294,$B$7:$B$294,$B291,$A$7:$A$294,">="&EDATE($A291,-12*'Seasonal Factors'!$E$4),$A$7:$A$294,"<="&EDATE($A291,12*'Seasonal Factors'!$E$4)),"") -> 0.94676887 | AH291: =IFERROR(AG291/AVERAGE(AG286:AG294),"") -> 0.95964947 | AK291: =IFERROR(AVERAGEIFS($AJ$7:$AJ$294,$B$7:$B$294,$B291,$A$7:$A$294,">="&EDATE($A291,-12*'Seasonal Factors'!$E$4),$A$7:$A$294,"<="&EDATE($A291,12*'Seasonal Factors'!$E$4)),"") -> 0.9930806 | AL291: =IFERROR(AK291/AVERAGE(AK286:AK294),"") -> 0.98676536 | AO291: =IFERROR(AVERAGEIFS($AN$7:$AN$294,$B$7:$B$294,$B291,$A$7:$A$294,">="&EDATE($A291,-12*'Seasonal Factors'!$E$4),$A$7:$A$294,"<="&EDATE($A291,12*'Seasonal Factors'!$E$4)),"") -> 1.0424092 | AP291: =IFERROR(AO291/AVERAGE(AO286:AO294),"") -> 1.039712 | AS291: =IFERROR(AVERAGEIFS($AR$7:$AR$294,$B$7:$B$294,$B291,$A$7:$A$294,">="&EDATE($A291,-12*'Seasonal Factors'!$E$4),$A$7:$A$294,"<="&EDATE($A291,12*'Seasonal Factors'!$E$4)),"") -> 1.0037994 | AT291: =IFERROR(AS291/AVERAGE(AS286:AS294),"") -> 0.99518846 | AW291: =IFERROR(AVERAGEIFS($AV$7:$AV$294,$B$7:$B$294,$B291,$A$7:$A$294,">="&EDATE($A291,-12*'Seasonal Factors'!$E$4),$A$7:$A$294,"<="&EDATE($A291,12*'Seasonal Factors'!$E$4)),"") -> 1.0026519 | AX291: =IFERROR(AW291/AVERAGE(AW286:AW294),"") -> 1.0021795 | BA291: =IFERROR(AVERAGEIFS($AZ$7:$AZ$294,$B$7:$B$294,$B291,$A$7:$A$294,">="&EDATE($A291,-12*'Seasonal Factors'!$E$4),$A$7:$A$294,"<="&EDATE($A291,12*'Seasonal Factors'!$E$4)),"") -> 1.0100084 | BB291: =IFERROR(BA291/AVERAGE(BA286:BA294),"") -> 1.0042046 | BE291: =IFERROR(AVERAGEIFS($BD$7:$BD$294,$B$7:$B$294,$B291,$A$7:$A$294,">="&EDATE($A291,-12*'Seasonal Factors'!$E$4),$A$7:$A$294,"<="&EDATE($A291,12*'Seasonal Factors'!$E$4)),"") -> 0.98228339 | BF291: =IFERROR(BE291/AVERAGE(BE286:BE294),"") -> 0.98053593 | BI291: =IFERROR(AVERAGEIFS($BH$7:$BH$294,$B$7:$B$294,$B291,$A$7:$A$294,">="&EDATE($A291,-12*'Seasonal Factors'!$E$4),$A$7:$A$294,"<="&EDATE($A291,12*'Seasonal Factors'!$E$4)),"") -> 0.95254832 | BJ291: =IFERROR(BI291/AVERAGE(BI286:BI294),"") -> 0.98155214
A292: 46691 | B292: =MONTH(A292) -> 10 | E292: =IFERROR(AVERAGEIFS($D$7:$D$294,$B$7:$B$294,$B292,$A$7:$A$294,">="&EDATE($A292,-12*'Seasonal Factors'!$E$4),$A$7:$A$294,"<="&EDATE($A292,12*'Seasonal Factors'!$E$4)),"") -> 0.57209488 | F292: =IFERROR(E292/AVERAGE(E287:E294),"") -> 0.59376582 | I292: =IFERROR(AVERAGEIFS($H$7:$H$294,$B$7:$B$294,$B292,$A$7:$A$294,">="&EDATE($A292,-12*'Seasonal Factors'!$E$4),$A$7:$A$294,"<="&EDATE($A292,12*'Seasonal Factors'!$E$4)),"") -> 0.56230246 | J292: =IFERROR(I292/AVERAGE(I287:I294),"") -> 0.54516612 | M292: =IFERROR(AVERAGEIFS($L$7:$L$294,$B$7:$B$294,$B292,$A$7:$A$294,">="&EDATE($A292,-12*'Seasonal Factors'!$E$4),$A$7:$A$294,"<="&EDATE($A292,12*'Seasonal Factors'!$E$4)),"") -> 1.0132005 | N292: =IFERROR(M292/AVERAGE(M287:M294),"") -> 1.0059988 | Q292: =IFERROR(AVERAGEIFS($P$7:$P$294,$B$7:$B$294,$B292,$A$7:$A$294,">="&EDATE($A292,-12*'Seasonal Factors'!$E$4),$A$7:$A$294,"<="&EDATE($A292,12*'Seasonal Factors'!$E$4)),"") -> 1.1083824 | R292: =IFERROR(Q292/AVERAGE(Q287:Q294),"") -> 1.0682718 | U292: =IFERROR(AVERAGEIFS($T$7:$T$294,$B$7:$B$294,$B292,$A$7:$A$294,">="&EDATE($A292,-12*'Seasonal Factors'!$E$4),$A$7:$A$294,"<="&EDATE($A292,12*'Seasonal Factors'!$E$4)),"") -> 0.92191376 | V292: =IFERROR(U292/AVERAGE(U287:U294),"") -> 0.93037794 | Y292: =IFERROR(AVERAGEIFS($X$7:$X$294,$B$7:$B$294,$B292,$A$7:$A$294,">="&EDATE($A292,-12*'Seasonal Factors'!$E$4),$A$7:$A$294,"<="&EDATE($A292,12*'Seasonal Factors'!$E$4)),"") -> 1.0228266 | Z292: =IFERROR(Y292/AVERAGE(Y287:Y294),"") -> 1.016795 | AC292: =IFERROR(AVERAGEIFS($AB$7:$AB$294,$B$7:$B$294,$B292,$A$7:$A$294,">="&EDATE($A292,-12*'Seasonal Factors'!$E$4),$A$7:$A$294,"<="&EDATE($A292,12*'Seasonal Factors'!$E$4)),"") -> 1.0412262 | AD292: =IFERROR(AC292/AVERAGE(AC287:AC294),"") -> 1.0261645 | AG292: =IFERROR(AVERAGEIFS($AF$7:$AF$294,$B$7:$B$294,$B292,$A$7:$A$294,">="&EDATE($A292,-12*'Seasonal Factors'!$E$4),$A$7:$A$294,"<="&EDATE($A292,12*'Seasonal Factors'!$E$4)),"") -> 1.073052 | AH292: =IFERROR(AG292/AVERAGE(AG287:AG294),"") -> 1.0508848 | AK292: =IFERROR(AVERAGEIFS($AJ$7:$AJ$294,$B$7:$B$294,$B292,$A$7:$A$294,">="&EDATE($A292,-12*'Seasonal Factors'!$E$4),$A$7:$A$294,"<="&EDATE($A292,12*'Seasonal Factors'!$E$4)),"") -> 0.99520134 | AL292: =IFERROR(AK292/AVERAGE(AK287:AK294),"") -> 0.99002788 | AO292: =IFERROR(AVERAGEIFS($AN$7:$AN$294,$B$7:$B$294,$B292,$A$7:$A$294,">="&EDATE($A292,-12*'Seasonal Factors'!$E$4),$A$7:$A$294,"<="&EDATE($A292,12*'Seasonal Factors'!$E$4)),"") -> 1.0522391 | AP292: =IFERROR(AO292/AVERAGE(AO287:AO294),"") -> 1.0512281 | AS292: =IFERROR(AVERAGEIFS($AR$7:$AR$294,$B$7:$B$294,$B292,$A$7:$A$294,">="&EDATE($A292,-12*'Seasonal Factors'!$E$4),$A$7:$A$294,"<="&EDATE($A292,12*'Seasonal Factors'!$E$4)),"") -> 1.0195782 | AT292: =IFERROR(AS292/AVERAGE(AS287:AS294),"") -> 1.0102574 | AW292: =IFERROR(AVERAGEIFS($AV$7:$AV$294,$B$7:$B$294,$B292,$A$7:$A$294,">="&EDATE($A292,-12*'Seasonal Factors'!$E$4),$A$7:$A$294,"<="&EDATE($A292,12*'Seasonal Factors'!$E$4)),"") -> 1.0008082 | AX292: =IFERROR(AW292/AVERAGE(AW287:AW294),"") -> 0.99937814 | BA292: =IFERROR(AVERAGEIFS($AZ$7:$AZ$294,$B$7:$B$294,$B292,$A$7:$A$294,">="&EDATE($A292,-12*'Seasonal Factors'!$E$4),$A$7:$A$294,"<="&EDATE($A292,12*'Seasonal Factors'!$E$4)),"") -> 1.007547 | BB292: =IFERROR(BA292/AVERAGE(BA287:BA294),"") -> 1.0004348 | BE292: =IFERROR(AVERAGEIFS($BD$7:$BD$294,$B$7:$B$294,$B292,$A$7:$A$294,">="&EDATE($A292,-12*'Seasonal Factors'!$E$4),$A$7:$A$294,"<="&EDATE($A292,12*'Seasonal Factors'!$E$4)),"") -> 0.95693914 | BF292: =IFERROR(BE292/AVERAGE(BE287:BE294),"") -> 0.96069338 | BI292: =IFERROR(AVERAGEIFS($BH$7:$BH$294,$B$7:$B$294,$B292,$A$7:$A$294,">="&EDATE($A292,-12*'Seasonal Factors'!$E$4),$A$7:$A$294,"<="&EDATE($A292,12*'Seasonal Factors'!$E$4)),"") -> 1.000285 | BJ292: =IFERROR(BI292/AVERAGE(BI287:BI294),"") -> 1.0265463
A293: 46721 | B293: =MONTH(A293) -> 11 | E293: =IFERROR(AVERAGEIFS($D$7:$D$294,$B$7:$B$294,$B293,$A$7:$A$294,">="&EDATE($A293,-12*'Seasonal Factors'!$E$4),$A$7:$A$294,"<="&EDATE($A293,12*'Seasonal Factors'!$E$4)),"") -> 0.67178403 | F293: =IFERROR(E293/AVERAGE(E288:E294),"") -> 0.81909518 | I293: =IFERROR(AVERAGEIFS($H$7:$H$294,$B$7:$B$294,$B293,$A$7:$A$294,">="&EDATE($A293,-12*'Seasonal Factors'!$E$4),$A$7:$A$294,"<="&EDATE($A293,12*'Seasonal Factors'!$E$4)),"") -> 0.61129121 | J293: =IFERROR(I293/AVERAGE(I288:I294),"") -> 0.5773149 | M293: =IFERROR(AVERAGEIFS($L$7:$L$294,$B$7:$B$294,$B293,$A$7:$A$294,">="&EDATE($A293,-12*'Seasonal Factors'!$E$4),$A$7:$A$294,"<="&EDATE($A293,12*'Seasonal Factors'!$E$4)),"") -> 0.96456591 | N293: =IFERROR(M293/AVERAGE(M288:M294),"") -> 0.96344619 | Q293: =IFERROR(AVERAGEIFS($P$7:$P$294,$B$7:$B$294,$B293,$A$7:$A$294,">="&EDATE($A293,-12*'Seasonal Factors'!$E$4),$A$7:$A$294,"<="&EDATE($A293,12*'Seasonal Factors'!$E$4)),"") -> 1.0637264 | R293: =IFERROR(Q293/AVERAGE(Q288:Q294),"") -> 1.0209411 | U293: =IFERROR(AVERAGEIFS($T$7:$T$294,$B$7:$B$294,$B293,$A$7:$A$294,">="&EDATE($A293,-12*'Seasonal Factors'!$E$4),$A$7:$A$294,"<="&EDATE($A293,12*'Seasonal Factors'!$E$4)),"") -> 0.93270561 | V293: =IFERROR(U293/AVERAGE(U288:U294),"") -> 0.94383734 | Y293: =IFERROR(AVERAGEIFS($X$7:$X$294,$B$7:$B$294,$B293,$A$7:$A$294,">="&EDATE($A293,-12*'Seasonal Factors'!$E$4),$A$7:$A$294,"<="&EDATE($A293,12*'Seasonal Factors'!$E$4)),"") -> 1.0041669 | Z293: =IFERROR(Y293/AVERAGE(Y288:Y294),"") -> 0.98816061 | AC293: =IFERROR(AVERAGEIFS($AB$7:$AB$294,$B$7:$B$294,$B293,$A$7:$A$294,">="&EDATE($A293,-12*'Seasonal Factors'!$E$4),$A$7:$A$294,"<="&EDATE($A293,12*'Seasonal Factors'!$E$4)),"") -> 1.0179543 | AD293: =IFERROR(AC293/AVERAGE(AC288:AC294),"") -> 1.0057205 | AG293: =IFERROR(AVERAGEIFS($AF$7:$AF$294,$B$7:$B$294,$B293,$A$7:$A$294,">="&EDATE($A293,-12*'Seasonal Factors'!$E$4),$A$7:$A$294,"<="&EDATE($A293,12*'Seasonal Factors'!$E$4)),"") -> 1.0889157 | AH293: =IFERROR(AG293/AVERAGE(AG288:AG294),"") -> 1.048373 | AK293: =IFERROR(AVERAGEIFS($AJ$7:$AJ$294,$B$7:$B$294,$B293,$A$7:$A$294,">="&EDATE($A293,-12*'Seasonal Factors'!$E$4),$A$7:$A$294,"<="&EDATE($A293,12*'Seasonal Factors'!$E$4)),"") -> 0.98928259 | AL293: =IFERROR(AK293/AVERAGE(AK288:AK294),"") -> 0.99111673 | AO293: =IFERROR(AVERAGEIFS($AN$7:$AN$294,$B$7:$B$294,$B293,$A$7:$A$294,">="&EDATE($A293,-12*'Seasonal Factors'!$E$4),$A$7:$A$294,"<="&EDATE($A293,12*'Seasonal Factors'!$E$4)),"") -> 1.0021109 | AP293: =IFERROR(AO293/AVERAGE(AO288:AO294),"") -> 0.9899977 | AS293: =IFERROR(AVERAGEIFS($AR$7:$AR$294,$B$7:$B$294,$B293,$A$7:$A$294,">="&EDATE($A293,-12*'Seasonal Factors'!$E$4),$A$7:$A$294,"<="&EDATE($A293,12*'Seasonal Factors'!$E$4)),"") -> 1.0100398 | AT293: =IFERROR(AS293/AVERAGE(AS288:AS294),"") -> 1.0006081 | AW293: =IFERROR(AVERAGEIFS($AV$7:$AV$294,$B$7:$B$294,$B293,$A$7:$A$294,">="&EDATE($A293,-12*'Seasonal Factors'!$E$4),$A$7:$A$294,"<="&EDATE($A293,12*'Seasonal Factors'!$E$4)),"") -> 1.0037286 | AX293: =IFERROR(AW293/AVERAGE(AW288:AW294),"") -> 1.0013593 | BA293: =IFERROR(AVERAGEIFS($AZ$7:$AZ$294,$B$7:$B$294,$B293,$A$7:$A$294,">="&EDATE($A293,-12*'Seasonal Factors'!$E$4),$A$7:$A$294,"<="&EDATE($A293,12*'Seasonal Factors'!$E$4)),"") -> 1.0084221 | BB293: =IFERROR(BA293/AVERAGE(BA288:BA294),"") -> 1.000136 | BE293: =IFERROR(AVERAGEIFS($BD$7:$BD$294,$B$7:$B$294,$B293,$A$7:$A$294,">="&EDATE($A293,-12*'Seasonal Factors'!$E$4),$A$7:$A$294,"<="&EDATE($A293,12*'Seasonal Factors'!$E$4)),"") -> 0.95273038 | BF293: =IFERROR(BE293/AVERAGE(BE288:BE294),"") -> 0.96554987 | BI293: =IFERROR(AVERAGEIFS($BH$7:$BH$294,$B$7:$B$294,$B293,$A$7:$A$294,">="&EDATE($A293,-12*'Seasonal Factors'!$E$4),$A$7:$A$294,"<="&EDATE($A293,12*'Seasonal Factors'!$E$4)),"") -> 0.96442571 | BJ293: =IFERROR(BI293/AVERAGE(BI288:BI294),"") -> 0.98200079
A294: 46752 | B294: =MONTH(A294) -> 12 | E294: =IFERROR(AVERAGEIFS($D$7:$D$294,$B$7:$B$294,$B294,$A$7:$A$294,">="&EDATE($A294,-12*'Seasonal Factors'!$E$4),$A$7:$A$294,"<="&EDATE($A294,12*'Seasonal Factors'!$E$4)),"") -> 0.86371896 | F294: =IFERROR(E294/AVERAGE(E289:E294),"") -> 1.1916697 | I294: =IFERROR(AVERAGEIFS($H$7:$H$294,$B$7:$B$294,$B294,$A$7:$A$294,">="&EDATE($A294,-12*'Seasonal Factors'!$E$4),$A$7:$A$294,"<="&EDATE($A294,12*'Seasonal Factors'!$E$4)),"") -> 0.6964739 | J294: =IFERROR(I294/AVERAGE(I289:I294),"") -> 0.6695473 | M294: =IFERROR(AVERAGEIFS($L$7:$L$294,$B$7:$B$294,$B294,$A$7:$A$294,">="&EDATE($A294,-12*'Seasonal Factors'!$E$4),$A$7:$A$294,"<="&EDATE($A294,12*'Seasonal Factors'!$E$4)),"") -> 1.0119337 | N294: =IFERROR(M294/AVERAGE(M289:M294),"") -> 1.0082469 | Q294: =IFERROR(AVERAGEIFS($P$7:$P$294,$B$7:$B$294,$B294,$A$7:$A$294,">="&EDATE($A294,-12*'Seasonal Factors'!$E$4),$A$7:$A$294,"<="&EDATE($A294,12*'Seasonal Factors'!$E$4)),"") -> 0.9770586 | R294: =IFERROR(Q294/AVERAGE(Q289:Q294),"") -> 0.9277791 | U294: =IFERROR(AVERAGEIFS($T$7:$T$294,$B$7:$B$294,$B294,$A$7:$A$294,">="&EDATE($A294,-12*'Seasonal Factors'!$E$4),$A$7:$A$294,"<="&EDATE($A294,12*'Seasonal Factors'!$E$4)),"") -> 0.96708485 | V294: =IFERROR(U294/AVERAGE(U289:U294),"") -> 0.98701625 | Y294: =IFERROR(AVERAGEIFS($X$7:$X$294,$B$7:$B$294,$B294,$A$7:$A$294,">="&EDATE($A294,-12*'Seasonal Factors'!$E$4),$A$7:$A$294,"<="&EDATE($A294,12*'Seasonal Factors'!$E$4)),"") -> 0.95037474 | Z294: =IFERROR(Y294/AVERAGE(Y289:Y294),"") -> 0.9266008 | AC294: =IFERROR(AVERAGEIFS($AB$7:$AB$294,$B$7:$B$294,$B294,$A$7:$A$294,">="&EDATE($A294,-12*'Seasonal Factors'!$E$4),$A$7:$A$294,"<="&EDATE($A294,12*'Seasonal Factors'!$E$4)),"") -> 0.94353762 | AD294: =IFERROR(AC294/AVERAGE(AC289:AC294),"") -> 0.93267736 | AG294: =IFERROR(AVERAGEIFS($AF$7:$AF$294,$B$7:$B$294,$B294,$A$7:$A$294,">="&EDATE($A294,-12*'Seasonal Factors'!$E$4),$A$7:$A$294,"<="&EDATE($A294,12*'Seasonal Factors'!$E$4)),"") -> 1.1225832 | AH294: =IFERROR(AG294/AVERAGE(AG289:AG294),"") -> 1.0855409 | AK294: =IFERROR(AVERAGEIFS($AJ$7:$AJ$294,$B$7:$B$294,$B294,$A$7:$A$294,">="&EDATE($A294,-12*'Seasonal Factors'!$E$4),$A$7:$A$294,"<="&EDATE($A294,12*'Seasonal Factors'!$E$4)),"") -> 0.98153526 | AL294: =IFERROR(AK294/AVERAGE(AK289:AK294),"") -> 0.9867426 | AO294: =IFERROR(AVERAGEIFS($AN$7:$AN$294,$B$7:$B$294,$B294,$A$7:$A$294,">="&EDATE($A294,-12*'Seasonal Factors'!$E$4),$A$7:$A$294,"<="&EDATE($A294,12*'Seasonal Factors'!$E$4)),"") -> 0.99505286 | AP294: =IFERROR(AO294/AVERAGE(AO289:AO294),"") -> 0.97344443 | AS294: =IFERROR(AVERAGEIFS($AR$7:$AR$294,$B$7:$B$294,$B294,$A$7:$A$294,">="&EDATE($A294,-12*'Seasonal Factors'!$E$4),$A$7:$A$294,"<="&EDATE($A294,12*'Seasonal Factors'!$E$4)),"") -> 1.0197695 | AT294: =IFERROR(AS294/AVERAGE(AS289:AS294),"") -> 1.0100447 | AW294: =IFERROR(AVERAGEIFS($AV$7:$AV$294,$B$7:$B$294,$B294,$A$7:$A$294,">="&EDATE($A294,-12*'Seasonal Factors'!$E$4),$A$7:$A$294,"<="&EDATE($A294,12*'Seasonal Factors'!$E$4)),"") -> 1.0084764 | AX294: =IFERROR(AW294/AVERAGE(AW289:AW294),"") -> 1.0060582 | BA294: =IFERROR(AVERAGEIFS($AZ$7:$AZ$294,$B$7:$B$294,$B294,$A$7:$A$294,">="&EDATE($A294,-12*'Seasonal Factors'!$E$4),$A$7:$A$294,"<="&EDATE($A294,12*'Seasonal Factors'!$E$4)),"") -> 1.0145699 | BB294: =IFERROR(BA294/AVERAGE(BA289:BA294),"") -> 1.0056347 | BE294: =IFERROR(AVERAGEIFS($BD$7:$BD$294,$B$7:$B$294,$B294,$A$7:$A$294,">="&EDATE($A294,-12*'Seasonal Factors'!$E$4),$A$7:$A$294,"<="&EDATE($A294,12*'Seasonal Factors'!$E$4)),"") -> 0.91794349 | BF294: =IFERROR(BE294/AVERAGE(BE289:BE294),"") -> 0.94779034 | BI294: =IFERROR(AVERAGEIFS($BH$7:$BH$294,$B$7:$B$294,$B294,$A$7:$A$294,">="&EDATE($A294,-12*'Seasonal Factors'!$E$4),$A$7:$A$294,"<="&EDATE($A294,12*'Seasonal Factors'!$E$4)),"") -> 0.99555723 | BJ294: =IFERROR(BI294/AVERAGE(BI289:BI294),"") -> 1.0051285

Sheet Seasonal Factors
A1: Seasonal Factors — live, recalculate on every Haver refresh
A2: Factors are estimated on 'SF Workings' and evolve through time. This sheet is the control panel and the quality check. Nothing here needs to be re-run by hand when new data arrives.
A4: Half-window (years either side used to estimate each factor) | E4: 4
A5: Smaller tracks shifting seasonality faster but is noisier; larger is smoother but slower to adapt. 2 years tracks shifting seasonality fastest but destabilises the most recent months, where no centred trend exists yet. 4 gives the steadier endpoint and is the default. Change this one cell and the entire workbook re-adjusts.
A7: Latest estimated factors, by calendar month
A8: Month | B8: Agri. | C8: Fishing | D8: Mining | E8: Mfg. | F8: Utilities | G8: Const. | H8: Trade | I8: Hotels | J8: Transport | K8: Finance | L8: Real Estate | M8: Public Admin. | N8: Education | O8: Health | P8: Other Services
A9: 1 | B9: =IFERROR(AVERAGEIFS('SF Workings'!$F$264:$F$275,'SF Workings'!$B$264:$B$275,$A9),"") -> 0.78247398 | C9: =IFERROR(AVERAGEIFS('SF Workings'!$J$264:$J$275,'SF Workings'!$B$264:$B$275,$A9),"") -> 0.91739807 | D9: =IFERROR(AVERAGEIFS('SF Workings'!$N$264:$N$275,'SF Workings'!$B$264:$B$275,$A9),"") -> 1.0234697 | E9: =IFERROR(AVERAGEIFS('SF Workings'!$R$264:$R$275,'SF Workings'!$B$264:$B$275,$A9),"") -> 0.85074509 | F9: =IFERROR(AVERAGEIFS('SF Workings'!$V$264:$V$275,'SF Workings'!$B$264:$B$275,$A9),"") -> 1.0960057 | G9: =IFERROR(AVERAGEIFS('SF Workings'!$Z$264:$Z$275,'SF Workings'!$B$264:$B$275,$A9),"") -> 1.00146 | H9: =IFERROR(AVERAGEIFS('SF Workings'!$AD$264:$AD$275,'SF Workings'!$B$264:$B$275,$A9),"") -> 0.91759048 | I9: =IFERROR(AVERAGEIFS('SF Workings'!$AH$264:$AH$275,'SF Workings'!$B$264:$B$275,$A9),"") -> 1.1947785 | J9: =IFERROR(AVERAGEIFS('SF Workings'!$AL$264:$AL$275,'SF Workings'!$B$264:$B$275,$A9),"") -> 0.97450718 | K9: =IFERROR(AVERAGEIFS('SF Workings'!$AP$264:$AP$275,'SF Workings'!$B$264:$B$275,$A9),"") -> 1.0080764 | L9: =IFERROR(AVERAGEIFS('SF Workings'!$AT$264:$AT$275,'SF Workings'!$B$264:$B$275,$A9),"") -> 0.97335624 | M9: =IFERROR(AVERAGEIFS('SF Workings'!$AX$264:$AX$275,'SF Workings'!$B$264:$B$275,$A9),"") -> 1.0049041 | N9: =IFERROR(AVERAGEIFS('SF Workings'!$BB$264:$BB$275,'SF Workings'!$B$264:$B$275,$A9),"") -> 0.97419056 | O9: =IFERROR(AVERAGEIFS('SF Workings'!$BF$264:$BF$275,'SF Workings'!$B$264:$B$275,$A9),"") -> 1.0044573 | P9: =IFERROR(AVERAGEIFS('SF Workings'!$BJ$264:$BJ$275,'SF Workings'!$B$264:$B$275,$A9),"") -> 1.098761
A10: 2 | B10: =IFERROR(AVERAGEIFS('SF Workings'!$F$264:$F$275,'SF Workings'!$B$264:$B$275,$A10),"") -> 0.63214862 | C10: =IFERROR(AVERAGEIFS('SF Workings'!$J$264:$J$275,'SF Workings'!$B$264:$B$275,$A10),"") -> 1.0540057 | D10: =IFERROR(AVERAGEIFS('SF Workings'!$N$264:$N$275,'SF Workings'!$B$264:$B$275,$A10),"") -> 0.92294077 | E10: =IFERROR(AVERAGEIFS('SF Workings'!$R$264:$R$275,'SF Workings'!$B$264:$B$275,$A10),"") -> 0.87192083 | F10: =IFERROR(AVERAGEIFS('SF Workings'!$V$264:$V$275,'SF Workings'!$B$264:$B$275,$A10),"") -> 0.9964301 | G10: =IFERROR(AVERAGEIFS('SF Workings'!$Z$264:$Z$275,'SF Workings'!$B$264:$B$275,$A10),"") -> 0.98954299 | H10: =IFERROR(AVERAGEIFS('SF Workings'!$AD$264:$AD$275,'SF Workings'!$B$264:$B$275,$A10),"") -> 0.93438403 | I10: =IFERROR(AVERAGEIFS('SF Workings'!$AH$264:$AH$275,'SF Workings'!$B$264:$B$275,$A10),"") -> 1.1404251 | J10: =IFERROR(AVERAGEIFS('SF Workings'!$AL$264:$AL$275,'SF Workings'!$B$264:$B$275,$A10),"") -> 0.9519319 | K10: =IFERROR(AVERAGEIFS('SF Workings'!$AP$264:$AP$275,'SF Workings'!$B$264:$B$275,$A10),"") -> 0.94369675 | L10: =IFERROR(AVERAGEIFS('SF Workings'!$AT$264:$AT$275,'SF Workings'!$B$264:$B$275,$A10),"") -> 0.97133597 | M10: =IFERROR(AVERAGEIFS('SF Workings'!$AX$264:$AX$275,'SF Workings'!$B$264:$B$275,$A10),"") -> 1.0043432 | N10: =IFERROR(AVERAGEIFS('SF Workings'!$BB$264:$BB$275,'SF Workings'!$B$264:$B$275,$A10),"") -> 0.97897349 | O10: =IFERROR(AVERAGEIFS('SF Workings'!$BF$264:$BF$275,'SF Workings'!$B$264:$B$275,$A10),"") -> 0.95129115 | P10: =IFERROR(AVERAGEIFS('SF Workings'!$BJ$264:$BJ$275,'SF Workings'!$B$264:$B$275,$A10),"") -> 1.0844597
A11: 3 | B11: =IFERROR(AVERAGEIFS('SF Workings'!$F$264:$F$275,'SF Workings'!$B$264:$B$275,$A11),"") -> 1.1960833 | C11: =IFERROR(AVERAGEIFS('SF Workings'!$J$264:$J$275,'SF Workings'!$B$264:$B$275,$A11),"") -> 0.76101874 | D11: =IFERROR(AVERAGEIFS('SF Workings'!$N$264:$N$275,'SF Workings'!$B$264:$B$275,$A11),"") -> 0.99452488 | E11: =IFERROR(AVERAGEIFS('SF Workings'!$R$264:$R$275,'SF Workings'!$B$264:$B$275,$A11),"") -> 0.99679762 | F11: =IFERROR(AVERAGEIFS('SF Workings'!$V$264:$V$275,'SF Workings'!$B$264:$B$275,$A11),"") -> 1.0241936 | G11: =IFERROR(AVERAGEIFS('SF Workings'!$Z$264:$Z$275,'SF Workings'!$B$264:$B$275,$A11),"") -> 1.0108916 | H11: =IFERROR(AVERAGEIFS('SF Workings'!$AD$264:$AD$275,'SF Workings'!$B$264:$B$275,$A11),"") -> 1.0102414 | I11: =IFERROR(AVERAGEIFS('SF Workings'!$AH$264:$AH$275,'SF Workings'!$B$264:$B$275,$A11),"") -> 0.90581924 | J11: =IFERROR(AVERAGEIFS('SF Workings'!$AL$264:$AL$275,'SF Workings'!$B$264:$B$275,$A11),"") -> 1.0062283 | K11: =IFERROR(AVERAGEIFS('SF Workings'!$AP$264:$AP$275,'SF Workings'!$B$264:$B$275,$A11),"") -> 1.0369051 | L11: =IFERROR(AVERAGEIFS('SF Workings'!$AT$264:$AT$275,'SF Workings'!$B$264:$B$275,$A11),"") -> 0.98453391 | M11: =IFERROR(AVERAGEIFS('SF Workings'!$AX$264:$AX$275,'SF Workings'!$B$264:$B$275,$A11),"") -> 0.99679724 | N11: =IFERROR(AVERAGEIFS('SF Workings'!$BB$264:$BB$275,'SF Workings'!$B$264:$B$275,$A11),"") -> 0.99886872 | O11: =IFERROR(AVERAGEIFS('SF Workings'!$BF$264:$BF$275,'SF Workings'!$B$264:$B$275,$A11),"") -> 1.029195 | P11: =IFERROR(AVERAGEIFS('SF Workings'!$BJ$264:$BJ$275,'SF Workings'!$B$264:$B$275,$A11),"") -> 1.0803578
A12: 4 | B12: =IFERROR(AVERAGEIFS('SF Workings'!$F$264:$F$275,'SF Workings'!$B$264:$B$275,$A12),"") -> 1.550478 | C12: =IFERROR(AVERAGEIFS('SF Workings'!$J$264:$J$275,'SF Workings'!$B$264:$B$275,$A12),"") -> 0.91990813 | D12: =IFERROR(AVERAGEIFS('SF Workings'!$N$264:$N$275,'SF Workings'!$B$264:$B$275,$A12),"") -> 0.98300255 | E12: =IFERROR(AVERAGEIFS('SF Workings'!$R$264:$R$275,'SF Workings'!$B$264:$B$275,$A12),"") -> 0.97439987 | F12: =IFERROR(AVERAGEIFS('SF Workings'!$V$264:$V$275,'SF Workings'!$B$264:$B$275,$A12),"") -> 0.90063722 | G12: =IFERROR(AVERAGEIFS('SF Workings'!$Z$264:$Z$275,'SF Workings'!$B$264:$B$275,$A12),"") -> 0.977999 | H12: =IFERROR(AVERAGEIFS('SF Workings'!$AD$264:$AD$275,'SF Workings'!$B$264:$B$275,$A12),"") -> 1.0011638 | I12: =IFERROR(AVERAGEIFS('SF Workings'!$AH$264:$AH$275,'SF Workings'!$B$264:$B$275,$A12),"") -> 0.73077893 | J12: =IFERROR(AVERAGEIFS('SF Workings'!$AL$264:$AL$275,'SF Workings'!$B$264:$B$275,$A12),"") -> 1.0212831 | K12: =IFERROR(AVERAGEIFS('SF Workings'!$AP$264:$AP$275,'SF Workings'!$B$264:$B$275,$A12),"") -> 1.0203483 | L12: =IFERROR(AVERAGEIFS('SF Workings'!$AT$264:$AT$275,'SF Workings'!$B$264:$B$275,$A12),"") -> 1.0038785 | M12: =IFERROR(AVERAGEIFS('SF Workings'!$AX$264:$AX$275,'SF Workings'!$B$264:$B$275,$A12),"") -> 0.99209586 | N12: =IFERROR(AVERAGEIFS('SF Workings'!$BB$264:$BB$275,'SF Workings'!$B$264:$B$275,$A12),"") -> 0.99460761 | O12: =IFERROR(AVERAGEIFS('SF Workings'!$BF$264:$BF$275,'SF Workings'!$B$264:$B$275,$A12),"") -> 1.0463223 | P12: =IFERROR(AVERAGEIFS('SF Workings'!$BJ$264:$BJ$275,'SF Workings'!$B$264:$B$275,$A12),"") -> 0.9390282
A13: 5 | B13: =IFERROR(AVERAGEIFS('SF Workings'!$F$264:$F$275,'SF Workings'!$B$264:$B$275,$A13),"") -> 2.0162261 | C13: =IFERROR(AVERAGEIFS('SF Workings'!$J$264:$J$275,'SF Workings'!$B$264:$B$275,$A13),"") -> 0.88775191 | D13: =IFERROR(AVERAGEIFS('SF Workings'!$N$264:$N$275,'SF Workings'!$B$264:$B$275,$A13),"") -> 1.0576575 | E13: =IFERROR(AVERAGEIFS('SF Workings'!$R$264:$R$275,'SF Workings'!$B$264:$B$275,$A13),"") -> 1.0112701 | F13: =IFERROR(AVERAGEIFS('SF Workings'!$V$264:$V$275,'SF Workings'!$B$264:$B$275,$A13),"") -> 1.0199392 | G13: =IFERROR(AVERAGEIFS('SF Workings'!$Z$264:$Z$275,'SF Workings'!$B$264:$B$275,$A13),"") -> 0.94182028 | H13: =IFERROR(AVERAGEIFS('SF Workings'!$AD$264:$AD$275,'SF Workings'!$B$264:$B$275,$A13),"") -> 1.0345973 | I13: =IFERROR(AVERAGEIFS('SF Workings'!$AH$264:$AH$275,'SF Workings'!$B$264:$B$275,$A13),"") -> 0.91052027 | J13: =IFERROR(AVERAGEIFS('SF Workings'!$AL$264:$AL$275,'SF Workings'!$B$264:$B$275,$A13),"") -> 1.0584321 | K13: =IFERROR(AVERAGEIFS('SF Workings'!$AP$264:$AP$275,'SF Workings'!$B$264:$B$275,$A13),"") -> 0.92739848 | L13: =IFERROR(AVERAGEIFS('SF Workings'!$AT$264:$AT$275,'SF Workings'!$B$264:$B$275,$A13),"") -> 1.0088803 | M13: =IFERROR(AVERAGEIFS('SF Workings'!$AX$264:$AX$275,'SF Workings'!$B$264:$B$275,$A13),"") -> 0.99405163 | N13: =IFERROR(AVERAGEIFS('SF Workings'!$BB$264:$BB$275,'SF Workings'!$B$264:$B$275,$A13),"") -> 0.99842451 | O13: =IFERROR(AVERAGEIFS('SF Workings'!$BF$264:$BF$275,'SF Workings'!$B$264:$B$275,$A13),"") -> 1.0616273 | P13: =IFERROR(AVERAGEIFS('SF Workings'!$BJ$264:$BJ$275,'SF Workings'!$B$264:$B$275,$A13),"") -> 0.92137939
A14: 6 | B14: =IFERROR(AVERAGEIFS('SF Workings'!$F$264:$F$275,'SF Workings'!$B$264:$B$275,$A14),"") -> 1.4438968 | C14: =IFERROR(AVERAGEIFS('SF Workings'!$J$264:$J$275,'SF Workings'!$B$264:$B$275,$A14),"") -> 1.1707982 | D14: =IFERROR(AVERAGEIFS('SF Workings'!$N$264:$N$275,'SF Workings'!$B$264:$B$275,$A14),"") -> 0.99258406 | E14: =IFERROR(AVERAGEIFS('SF Workings'!$R$264:$R$275,'SF Workings'!$B$264:$B$275,$A14),"") -> 1.0101502 | F14: =IFERROR(AVERAGEIFS('SF Workings'!$V$264:$V$275,'SF Workings'!$B$264:$B$275,$A14),"") -> 1.0651138 | G14: =IFERROR(AVERAGEIFS('SF Workings'!$Z$264:$Z$275,'SF Workings'!$B$264:$B$275,$A14),"") -> 0.96469607 | H14: =IFERROR(AVERAGEIFS('SF Workings'!$AD$264:$AD$275,'SF Workings'!$B$264:$B$275,$A14),"") -> 1.0317715 | I14: =IFERROR(AVERAGEIFS('SF Workings'!$AH$264:$AH$275,'SF Workings'!$B$264:$B$275,$A14),"") -> 1.0342262 | J14: =IFERROR(AVERAGEIFS('SF Workings'!$AL$264:$AL$275,'SF Workings'!$B$264:$B$275,$A14),"") -> 1.0263729 | K14: =IFERROR(AVERAGEIFS('SF Workings'!$AP$264:$AP$275,'SF Workings'!$B$264:$B$275,$A14),"") -> 0.96705593 | L14: =IFERROR(AVERAGEIFS('SF Workings'!$AT$264:$AT$275,'SF Workings'!$B$264:$B$275,$A14),"") -> 1.007481 | M14: =IFERROR(AVERAGEIFS('SF Workings'!$AX$264:$AX$275,'SF Workings'!$B$264:$B$275,$A14),"") -> 0.99755949 | N14: =IFERROR(AVERAGEIFS('SF Workings'!$BB$264:$BB$275,'SF Workings'!$B$264:$B$275,$A14),"") -> 1.0013283 | O14: =IFERROR(AVERAGEIFS('SF Workings'!$BF$264:$BF$275,'SF Workings'!$B$264:$B$275,$A14),"") -> 1.0969573 | P14: =IFERROR(AVERAGEIFS('SF Workings'!$BJ$264:$BJ$275,'SF Workings'!$B$264:$B$275,$A14),"") -> 0.93647606
A15: 7 | B15: =IFERROR(AVERAGEIFS('SF Workings'!$F$264:$F$275,'SF Workings'!$B$264:$B$275,$A15),"") -> 0.92045826 | C15: =IFERROR(AVERAGEIFS('SF Workings'!$J$264:$J$275,'SF Workings'!$B$264:$B$275,$A15),"") -> 1.516839 | D15: =IFERROR(AVERAGEIFS('SF Workings'!$N$264:$N$275,'SF Workings'!$B$264:$B$275,$A15),"") -> 1.0135024 | E15: =IFERROR(AVERAGEIFS('SF Workings'!$R$264:$R$275,'SF Workings'!$B$264:$B$275,$A15),"") -> 1.0449283 | F15: =IFERROR(AVERAGEIFS('SF Workings'!$V$264:$V$275,'SF Workings'!$B$264:$B$275,$A15),"") -> 1.0905286 | G15: =IFERROR(AVERAGEIFS('SF Workings'!$Z$264:$Z$275,'SF Workings'!$B$264:$B$275,$A15),"") -> 1.0086922 | H15: =IFERROR(AVERAGEIFS('SF Workings'!$AD$264:$AD$275,'SF Workings'!$B$264:$B$275,$A15),"") -> 1.01253 | I15: =IFERROR(AVERAGEIFS('SF Workings'!$AH$264:$AH$275,'SF Workings'!$B$264:$B$275,$A15),"") -> 0.93746806 | J15: =IFERROR(AVERAGEIFS('SF Workings'!$AL$264:$AL$275,'SF Workings'!$B$264:$B$275,$A15),"") -> 1.0103861 | K15: =IFERROR(AVERAGEIFS('SF Workings'!$AP$264:$AP$275,'SF Workings'!$B$264:$B$275,$A15),"") -> 1.0001709 | L15: =IFERROR(AVERAGEIFS('SF Workings'!$AT$264:$AT$275,'SF Workings'!$B$264:$B$275,$A15),"") -> 0.99659409 | M15: =IFERROR(AVERAGEIFS('SF Workings'!$AX$264:$AX$275,'SF Workings'!$B$264:$B$275,$A15),"") -> 0.99776295 | N15: =IFERROR(AVERAGEIFS('SF Workings'!$BB$264:$BB$275,'SF Workings'!$B$264:$B$275,$A15),"") -> 1.0029695 | O15: =IFERROR(AVERAGEIFS('SF Workings'!$BF$264:$BF$275,'SF Workings'!$B$264:$B$275,$A15),"") -> 1.0026744 | P15: =IFERROR(AVERAGEIFS('SF Workings'!$BJ$264:$BJ$275,'SF Workings'!$B$264:$B$275,$A15),"") -> 1.0406492
A16: 8 | B16: =IFERROR(AVERAGEIFS('SF Workings'!$F$264:$F$275,'SF Workings'!$B$264:$B$275,$A16),"") -> 0.64633939 | C16: =IFERROR(AVERAGEIFS('SF Workings'!$J$264:$J$275,'SF Workings'!$B$264:$B$275,$A16),"") -> 1.6266784 | D16: =IFERROR(AVERAGEIFS('SF Workings'!$N$264:$N$275,'SF Workings'!$B$264:$B$275,$A16),"") -> 1.0224319 | E16: =IFERROR(AVERAGEIFS('SF Workings'!$R$264:$R$275,'SF Workings'!$B$264:$B$275,$A16),"") -> 1.059373 | F16: =IFERROR(AVERAGEIFS('SF Workings'!$V$264:$V$275,'SF Workings'!$B$264:$B$275,$A16),"") -> 1.0323137 | G16: =IFERROR(AVERAGEIFS('SF Workings'!$Z$264:$Z$275,'SF Workings'!$B$264:$B$275,$A16),"") -> 1.0772295 | H16: =IFERROR(AVERAGEIFS('SF Workings'!$AD$264:$AD$275,'SF Workings'!$B$264:$B$275,$A16),"") -> 1.0294508 | I16: =IFERROR(AVERAGEIFS('SF Workings'!$AH$264:$AH$275,'SF Workings'!$B$264:$B$275,$A16),"") -> 1.0029745 | J16: =IFERROR(AVERAGEIFS('SF Workings'!$AL$264:$AL$275,'SF Workings'!$B$264:$B$275,$A16),"") -> 0.99293614 | K16: =IFERROR(AVERAGEIFS('SF Workings'!$AP$264:$AP$275,'SF Workings'!$B$264:$B$275,$A16),"") -> 1.0212191 | L16: =IFERROR(AVERAGEIFS('SF Workings'!$AT$264:$AT$275,'SF Workings'!$B$264:$B$275,$A16),"") -> 1.0086672 | M16: =IFERROR(AVERAGEIFS('SF Workings'!$AX$264:$AX$275,'SF Workings'!$B$264:$B$275,$A16),"") -> 0.9937243 | N16: =IFERROR(AVERAGEIFS('SF Workings'!$BB$264:$BB$275,'SF Workings'!$B$264:$B$275,$A16),"") -> 1.0067199 | O16: =IFERROR(AVERAGEIFS('SF Workings'!$BF$264:$BF$275,'SF Workings'!$B$264:$B$275,$A16),"") -> 0.99938082 | P16: =IFERROR(AVERAGEIFS('SF Workings'!$BJ$264:$BJ$275,'SF Workings'!$B$264:$B$275,$A16),"") -> 0.98643633
A17: 9 | B17: =IFERROR(AVERAGEIFS('SF Workings'!$F$264:$F$275,'SF Workings'!$B$264:$B$275,$A17),"") -> 0.61369398 | C17: =IFERROR(AVERAGEIFS('SF Workings'!$J$264:$J$275,'SF Workings'!$B$264:$B$275,$A17),"") -> 1.3332679 | D17: =IFERROR(AVERAGEIFS('SF Workings'!$N$264:$N$275,'SF Workings'!$B$264:$B$275,$A17),"") -> 0.99925734 | E17: =IFERROR(AVERAGEIFS('SF Workings'!$R$264:$R$275,'SF Workings'!$B$264:$B$275,$A17),"") -> 1.0452985 | F17: =IFERROR(AVERAGEIFS('SF Workings'!$V$264:$V$275,'SF Workings'!$B$264:$B$275,$A17),"") -> 0.92976307 | G17: =IFERROR(AVERAGEIFS('SF Workings'!$Z$264:$Z$275,'SF Workings'!$B$264:$B$275,$A17),"") -> 1.0680062 | H17: =IFERROR(AVERAGEIFS('SF Workings'!$AD$264:$AD$275,'SF Workings'!$B$264:$B$275,$A17),"") -> 1.0224896 | I17: =IFERROR(AVERAGEIFS('SF Workings'!$AH$264:$AH$275,'SF Workings'!$B$264:$B$275,$A17),"") -> 0.94826476 | J17: =IFERROR(AVERAGEIFS('SF Workings'!$AL$264:$AL$275,'SF Workings'!$B$264:$B$275,$A17),"") -> 0.99033146 | K17: =IFERROR(AVERAGEIFS('SF Workings'!$AP$264:$AP$275,'SF Workings'!$B$264:$B$275,$A17),"") -> 1.0185983 | L17: =IFERROR(AVERAGEIFS('SF Workings'!$AT$264:$AT$275,'SF Workings'!$B$264:$B$275,$A17),"") -> 1.0034827 | M17: =IFERROR(AVERAGEIFS('SF Workings'!$AX$264:$AX$275,'SF Workings'!$B$264:$B$275,$A17),"") -> 0.99819253 | N17: =IFERROR(AVERAGEIFS('SF Workings'!$BB$264:$BB$275,'SF Workings'!$B$264:$B$275,$A17),"") -> 1.0109256 | O17: =IFERROR(AVERAGEIFS('SF Workings'!$BF$264:$BF$275,'SF Workings'!$B$264:$B$275,$A17),"") -> 0.98292724 | P17: =IFERROR(AVERAGEIFS('SF Workings'!$BJ$264:$BJ$275,'SF Workings'!$B$264:$B$275,$A17),"") -> 0.95127209
A18: 10 | B18: =IFERROR(AVERAGEIFS('SF Workings'!$F$264:$F$275,'SF Workings'!$B$264:$B$275,$A18),"") -> 0.57088938 | C18: =IFERROR(AVERAGEIFS('SF Workings'!$J$264:$J$275,'SF Workings'!$B$264:$B$275,$A18),"") -> 0.58258086 | D18: =IFERROR(AVERAGEIFS('SF Workings'!$N$264:$N$275,'SF Workings'!$B$264:$B$275,$A18),"") -> 1.0164187 | E18: =IFERROR(AVERAGEIFS('SF Workings'!$R$264:$R$275,'SF Workings'!$B$264:$B$275,$A18),"") -> 1.0835537 | F18: =IFERROR(AVERAGEIFS('SF Workings'!$V$264:$V$275,'SF Workings'!$B$264:$B$275,$A18),"") -> 0.90806774 | G18: =IFERROR(AVERAGEIFS('SF Workings'!$Z$264:$Z$275,'SF Workings'!$B$264:$B$275,$A18),"") -> 1.0044062 | H18: =IFERROR(AVERAGEIFS('SF Workings'!$AD$264:$AD$275,'SF Workings'!$B$264:$B$275,$A18),"") -> 1.0225915 | I18: =IFERROR(AVERAGEIFS('SF Workings'!$AH$264:$AH$275,'SF Workings'!$B$264:$B$275,$A18),"") -> 1.0366858 | J18: =IFERROR(AVERAGEIFS('SF Workings'!$AL$264:$AL$275,'SF Workings'!$B$264:$B$275,$A18),"") -> 0.9916504 | K18: =IFERROR(AVERAGEIFS('SF Workings'!$AP$264:$AP$275,'SF Workings'!$B$264:$B$275,$A18),"") -> 1.0298681 | L18: =IFERROR(AVERAGEIFS('SF Workings'!$AT$264:$AT$275,'SF Workings'!$B$264:$B$275,$A18),"") -> 1.0110216 | M18: =IFERROR(AVERAGEIFS('SF Workings'!$AX$264:$AX$275,'SF Workings'!$B$264:$B$275,$A18),"") -> 1.004063 | N18: =IFERROR(AVERAGEIFS('SF Workings'!$BB$264:$BB$275,'SF Workings'!$B$264:$B$275,$A18),"") -> 1.0084858 | O18: =IFERROR(AVERAGEIFS('SF Workings'!$BF$264:$BF$275,'SF Workings'!$B$264:$B$275,$A18),"") -> 0.95610993 | P18: =IFERROR(AVERAGEIFS('SF Workings'!$BJ$264:$BJ$275,'SF Workings'!$B$264:$B$275,$A18),"") -> 0.99854465
A19: 11 | B19: =IFERROR(AVERAGEIFS('SF Workings'!$F$264:$F$275,'SF Workings'!$B$264:$B$275,$A19),"") -> 0.68918025 | C19: =IFERROR(AVERAGEIFS('SF Workings'!$J$264:$J$275,'SF Workings'!$B$264:$B$275,$A19),"") -> 0.57004383 | D19: =IFERROR(AVERAGEIFS('SF Workings'!$N$264:$N$275,'SF Workings'!$B$264:$B$275,$A19),"") -> 0.96866649 | E19: =IFERROR(AVERAGEIFS('SF Workings'!$R$264:$R$275,'SF Workings'!$B$264:$B$275,$A19),"") -> 1.0633254 | F19: =IFERROR(AVERAGEIFS('SF Workings'!$V$264:$V$275,'SF Workings'!$B$264:$B$275,$A19),"") -> 0.93961629 | G19: =IFERROR(AVERAGEIFS('SF Workings'!$Z$264:$Z$275,'SF Workings'!$B$264:$B$275,$A19),"") -> 0.99998024 | H19: =IFERROR(AVERAGEIFS('SF Workings'!$AD$264:$AD$275,'SF Workings'!$B$264:$B$275,$A19),"") -> 1.019905 | I19: =IFERROR(AVERAGEIFS('SF Workings'!$AH$264:$AH$275,'SF Workings'!$B$264:$B$275,$A19),"") -> 1.050129 | J19: =IFERROR(AVERAGEIFS('SF Workings'!$AL$264:$AL$275,'SF Workings'!$B$264:$B$275,$A19),"") -> 0.9892192 | K19: =IFERROR(AVERAGEIFS('SF Workings'!$AP$264:$AP$275,'SF Workings'!$B$264:$B$275,$A19),"") -> 1.0037512 | L19: =IFERROR(AVERAGEIFS('SF Workings'!$AT$264:$AT$275,'SF Workings'!$B$264:$B$275,$A19),"") -> 1.0106984 | M19: =IFERROR(AVERAGEIFS('SF Workings'!$AX$264:$AX$275,'SF Workings'!$B$264:$B$275,$A19),"") -> 1.0055313 | N19: =IFERROR(AVERAGEIFS('SF Workings'!$BB$264:$BB$275,'SF Workings'!$B$264:$B$275,$A19),"") -> 1.0087159 | O19: =IFERROR(AVERAGEIFS('SF Workings'!$BF$264:$BF$275,'SF Workings'!$B$264:$B$275,$A19),"") -> 0.95254646 | P19: =IFERROR(AVERAGEIFS('SF Workings'!$BJ$264:$BJ$275,'SF Workings'!$B$264:$B$275,$A19),"") -> 0.96766348
A20: 12 | B20: =IFERROR(AVERAGEIFS('SF Workings'!$F$264:$F$275,'SF Workings'!$B$264:$B$275,$A20),"") -> 0.92142836 | C20: =IFERROR(AVERAGEIFS('SF Workings'!$J$264:$J$275,'SF Workings'!$B$264:$B$275,$A20),"") -> 0.6899701 | D20: =IFERROR(AVERAGEIFS('SF Workings'!$N$264:$N$275,'SF Workings'!$B$264:$B$275,$A20),"") -> 1.008554 | E20: =IFERROR(AVERAGEIFS('SF Workings'!$R$264:$R$275,'SF Workings'!$B$264:$B$275,$A20),"") -> 0.98698635 | F20: =IFERROR(AVERAGEIFS('SF Workings'!$V$264:$V$275,'SF Workings'!$B$264:$B$275,$A20),"") -> 1.0113907 | G20: =IFERROR(AVERAGEIFS('SF Workings'!$Z$264:$Z$275,'SF Workings'!$B$264:$B$275,$A20),"") -> 0.94685545 | H20: =IFERROR(AVERAGEIFS('SF Workings'!$AD$264:$AD$275,'SF Workings'!$B$264:$B$275,$A20),"") -> 0.95972874 | I20: =IFERROR(AVERAGEIFS('SF Workings'!$AH$264:$AH$275,'SF Workings'!$B$264:$B$275,$A20),"") -> 1.0640659 | J20: =IFERROR(AVERAGEIFS('SF Workings'!$AL$264:$AL$275,'SF Workings'!$B$264:$B$275,$A20),"") -> 0.98361273 | K20: =IFERROR(AVERAGEIFS('SF Workings'!$AP$264:$AP$275,'SF Workings'!$B$264:$B$275,$A20),"") -> 1.015125 | L20: =IFERROR(AVERAGEIFS('SF Workings'!$AT$264:$AT$275,'SF Workings'!$B$264:$B$275,$A20),"") -> 1.0177325 | M20: =IFERROR(AVERAGEIFS('SF Workings'!$AX$264:$AX$275,'SF Workings'!$B$264:$B$275,$A20),"") -> 1.007763 | N20: =IFERROR(AVERAGEIFS('SF Workings'!$BB$264:$BB$275,'SF Workings'!$B$264:$B$275,$A20),"") -> 1.0141502 | O20: =IFERROR(AVERAGEIFS('SF Workings'!$BF$264:$BF$275,'SF Workings'!$B$264:$B$275,$A20),"") -> 0.9168581 | P20: =IFERROR(AVERAGEIFS('SF Workings'!$BJ$264:$BJ$275,'SF Workings'!$B$264:$B$275,$A20),"") -> 0.9952229
A21: Mean (should be ~1.0000) | B21: =AVERAGE(B9:B20) -> 0.99860803 | C21: =AVERAGE(C9:C20) -> 1.0025217 | D21: =AVERAGE(D9:D20) -> 1.0002509 | E21: =AVERAGE(E9:E20) -> 0.99989574 | F21: =AVERAGE(F9:F20) -> 1.0011666 | G21: =AVERAGE(G9:G20) -> 0.99929831 | H21: =AVERAGE(H9:H20) -> 0.99970368 | I21: =AVERAGE(I9:I20) -> 0.99634469 | ... P21: =AVERAGE(P9:P20) -> 1.0000209
A23: Quality check: live factors vs the static X-11 benchmark
A24: Mean absolute difference in the SA level. The last-5-years column is the one that matters: it covers the period any current analysis actually uses.
A25: Sector | B25: Weight % | C25: Mean abs diff, full sample (%) | D25: Mean abs diff, last 5y (%)
A26: Agri. | B26: ='Weights & Assumptions'!C6 -> 8.2873 | C26: =SUMPRODUCT(ABS('SA Data'!C$7:C$275-'X11 Reference'!B$7:B$275)/'X11 Reference'!B$7:B$275)/269*100 -> 13.284498 | D26: =SUMPRODUCT(ABS('SA Data'!C$216:C$275-'X11 Reference'!B$216:B$275)/'X11 Reference'!B$216:B$275)/60*100 -> 9.9428359
A27: Fishing | B27: ='Weights & Assumptions'!C7 -> 0.1028 | C27: =SUMPRODUCT(ABS('SA Data'!D$7:D$275-'X11 Reference'!C$7:C$275)/'X11 Reference'!C$7:C$275)/269*100 -> 11.07008 | D27: =SUMPRODUCT(ABS('SA Data'!D$216:D$275-'X11 Reference'!C$216:C$275)/'X11 Reference'!C$216:C$275)/60*100 -> 12.234184
A28: Mining | B28: ='Weights & Assumptions'!C8 -> 3.175 | C28: =SUMPRODUCT(ABS('SA Data'!E$7:E$275-'X11 Reference'!D$7:D$275)/'X11 Reference'!D$7:D$275)/269*100 -> 0.57505309 | D28: =SUMPRODUCT(ABS('SA Data'!E$216:E$275-'X11 Reference'!D$216:D$275)/'X11 Reference'!D$216:D$275)/60*100 -> 0.67106759
A29: Mfg. | B29: ='Weights & Assumptions'!C9 -> 17.8771 | C29: =SUMPRODUCT(ABS('SA Data'!F$7:F$275-'X11 Reference'!E$7:E$275)/'X11 Reference'!E$7:E$275)/269*100 -> 0.89494965 | D29: =SUMPRODUCT(ABS('SA Data'!F$216:F$275-'X11 Reference'!E$216:E$275)/'X11 Reference'!E$216:E$275)/60*100 -> 1.3364916
A30: Utilities | B30: ='Weights & Assumptions'!C10 -> 1.8434 | C30: =SUMPRODUCT(ABS('SA Data'!G$7:G$275-'X11 Reference'!F$7:F$275)/'X11 Reference'!F$7:F$275)/269*100 -> 0.82789877 | D30: =SUMPRODUCT(ABS('SA Data'!G$216:G$275-'X11 Reference'!F$216:F$275)/'X11 Reference'!F$216:F$275)/60*100 -> 1.0084223
A31: Const. | B31: ='Weights & Assumptions'!C11 -> 5.5397 | C31: =SUMPRODUCT(ABS('SA Data'!H$7:H$275-'X11 Reference'!G$7:G$275)/'X11 Reference'!G$7:G$275)/269*100 -> 1.1090748 | D31: =SUMPRODUCT(ABS('SA Data'!H$216:H$275-'X11 Reference'!G$216:G$275)/'X11 Reference'!G$216:G$275)/60*100 -> 1.7153436
A32: Trade | B32: ='Weights & Assumptions'!C12 -> 13.2283 | C32: =SUMPRODUCT(ABS('SA Data'!I$7:I$275-'X11 Reference'!H$7:H$275)/'X11 Reference'!H$7:H$275)/269*100 -> 1.0737039 | D32: =SUMPRODUCT(ABS('SA Data'!I$216:I$275-'X11 Reference'!H$216:H$275)/'X11 Reference'!H$216:H$275)/60*100 -> 1.1150611
A33: Hotels | B33: ='Weights & Assumptions'!C13 -> 3.0404 | C33: =SUMPRODUCT(ABS('SA Data'!J$7:J$275-'X11 Reference'!I$7:I$275)/'X11 Reference'!I$7:I$275)/269*100 -> 1.9986661 | D33: =SUMPRODUCT(ABS('SA Data'!J$216:J$275-'X11 Reference'!I$216:I$275)/'X11 Reference'!I$216:I$275)/60*100 -> 4.0470242
A34: Transport | B34: ='Weights & Assumptions'!C14 -> 9.4699 | C34: =SUMPRODUCT(ABS('SA Data'!K$7:K$275-'X11 Reference'!J$7:J$275)/'X11 Reference'!J$7:J$275)/269*100 -> 0.42497805 | D34: =SUMPRODUCT(ABS('SA Data'!K$216:K$275-'X11 Reference'!J$216:J$275)/'X11 Reference'!J$216:J$275)/60*100 -> 0.59908978
A35: Finance | B35: ='Weights & Assumptions'!C15 -> 4.9519 | C35: =SUMPRODUCT(ABS('SA Data'!L$7:L$275-'X11 Reference'!K$7:K$275)/'X11 Reference'!K$7:K$275)/269*100 -> 0.63146907 | D35: =SUMPRODUCT(ABS('SA Data'!L$216:L$275-'X11 Reference'!K$216:K$275)/'X11 Reference'!K$216:K$275)/60*100 -> 0.99519324
A36: Real Estate | B36: ='Weights & Assumptions'!C16 -> 13.2728 | C36: =SUMPRODUCT(ABS('SA Data'!M$7:M$275-'X11 Reference'!L$7:L$275)/'X11 Reference'!L$7:L$275)/269*100 -> 0.39463836 | D36: =SUMPRODUCT(ABS('SA Data'!M$216:M$275-'X11 Reference'!L$216:L$275)/'X11 Reference'!L$216:L$275)/60*100 -> 0.47833752
A37: Public Admin. | B37: ='Weights & Assumptions'!C17 -> 6.1054 | C37: =SUMPRODUCT(ABS('SA Data'!N$7:N$275-'X11 Reference'!M$7:M$275)/'X11 Reference'!M$7:M$275)/269*100 -> 0.24582416 | D37: =SUMPRODUCT(ABS('SA Data'!N$216:N$275-'X11 Reference'!M$216:M$275)/'X11 Reference'!M$216:M$275)/60*100 -> 0.39804208
A38: Education | B38: ='Weights & Assumptions'!C18 -> 4.8085 | C38: =SUMPRODUCT(ABS('SA Data'!O$7:O$275-'X11 Reference'!N$7:N$275)/'X11 Reference'!N$7:N$275)/269*100 -> 0.22261115 | D38: =SUMPRODUCT(ABS('SA Data'!O$216:O$275-'X11 Reference'!N$216:N$275)/'X11 Reference'!N$216:N$275)/60*100 -> 0.25938057
A39: Health | B39: ='Weights & Assumptions'!C19 -> 4.7366 | C39: =SUMPRODUCT(ABS('SA Data'!P$7:P$275-'X11 Reference'!O$7:O$275)/'X11 Reference'!O$7:O$275)/269*100 -> 0.54210353 | D39: =SUMPRODUCT(ABS('SA Data'!P$216:P$275-'X11 Reference'!O$216:O$275)/'X11 Reference'!O$216:O$275)/60*100 -> 0.80120182
A40: Other Services | B40: ='Weights & Assumptions'!C20 -> 3.5611 | C40: =SUMPRODUCT(ABS('SA Data'!Q$7:Q$275-'X11 Reference'!P$7:P$275)/'X11 Reference'!P$7:P$275)/269*100 -> 1.6455063 | D40: =SUMPRODUCT(ABS('SA Data'!Q$216:Q$275-'X11 Reference'!P$216:P$275)/'X11 Reference'!P$216:P$275)/60*100 -> 2.5733613

Sheet SA Data
A1: Seasonally Adjusted Levels
A2: Sector SA levels are computed values (X-11-style multiplicative decomposition) and do NOT auto-update with Haver. NSA columns and all sub-indices are live formulas.
A4: Sub-index levels are SUMPRODUCTs of the sector indices and the within-bucket weights on 'Weights & Assumptions', so they respond immediately to any weight change.
A6: Date | B6: EMAE published (SA) | C6: Agri. (SA) | D6: Fishing (SA) | E6: Mining (SA) | F6: Mfg. (SA) | G6: Utilities (SA) | H6: Const. (SA) | I6: Trade (SA) | J6: Hotels (SA) | K6: Transport (SA) | L6: Finance (SA) | M6: Real Estate (SA) | N6: Public Admin. (SA) | O6: Education (SA) | P6: Health (SA) | Q6: Other Services (SA) | R6: Primary (SA) | S6: Industrial (SA) | T6: Services (SA) | U6: EMAE reconstructed (SA) | V6: Primary (NSA) | W6: Industrial (NSA) | X6: Services (NSA) | Y6: EMAE reconstructed (NSA)
A7: 38017 | B7: =IF(ISNUMBER(Tabelle1!D8),Tabelle1!D8,"") -> 98.33957 | C7: =IF(ISNUMBER(Tabelle1!E8),Tabelle1!E8/'SF Workings'!F7,"") -> 152.0721 | D7: =IF(ISNUMBER(Tabelle1!F8),Tabelle1!F8/'SF Workings'!J7,"") -> 156.18503 | E7: =IF(ISNUMBER(Tabelle1!G8),Tabelle1!G8/'SF Workings'!N7,"") -> 99.953226 | F7: =IF(ISNUMBER(Tabelle1!H8),Tabelle1!H8/'SF Workings'!R7,"") -> 97.371084 | G7: =IF(ISNUMBER(Tabelle1!I8),Tabelle1!I8/'SF Workings'!V7,"") -> 97.191432 | H7: =IF(ISNUMBER(Tabelle1!J8),Tabelle1!J8/'SF Workings'!Z7,"") -> 95.890595 | I7: =IF(ISNUMBER(Tabelle1!K8),Tabelle1!K8/'SF Workings'!AD7,"") -> 97.813888 | J7: =IF(ISNUMBER(Tabelle1!L8),Tabelle1!L8/'SF Workings'!AH7,"") -> 97.277351 | K7: =IF(ISNUMBER(Tabelle1!M8),Tabelle1!M8/'SF Workings'!AL7,"") -> 97.346656 | L7: =IF(ISNUMBER(Tabelle1!N8),Tabelle1!N8/'SF Workings'!AP7,"") -> 100.68901 | M7: =IF(ISNUMBER(Tabelle1!O8),Tabelle1!O8/'SF Workings'!AT7,"") -> 95.879384 | N7: =IF(ISNUMBER(Tabelle1!P8),Tabelle1!P8/'SF Workings'!AX7,"") -> 98.153191 | O7: =IF(ISNUMBER(Tabelle1!Q8),Tabelle1!Q8/'SF Workings'!BB7,"") -> 97.640793 | P7: =IF(ISNUMBER(Tabelle1!R8),Tabelle1!R8/'SF Workings'!BF7,"") -> 97.072138 | Q7: =IF(ISNUMBER(Tabelle1!S8),Tabelle1!S8/'SF Workings'!BJ7,"") -> 96.638327 | R7: =IFERROR(C7*'Weights & Assumptions'!$F$6+D7*'Weights & Assumptions'!$F$7,"") -> 152.12249 | S7: =IFERROR(E7*'Weights & Assumptions'!$F$8+F7*'Weights & Assumptions'!$F$9+H7*'Weights & Assumptions'!$F$11,"") -> 97.370965 | T7: =IFERROR(G7*'Weights & Assumptions'!$F$10+I7*'Weights & Assumptions'!$F$12+J7*'Weights & Assumptions'!$F$13+K7*'Weights & Assumptions'!$F$14+L7*'Weights & Assumptions'!$F$15+M7*'Weights & Assumptions'!$F$16+N7*'Weights & Assumptions'!$F$17+O7*'Weights & Assumptions'!$F$18+P7*'Weights & Assumptions'!$F$19+Q7*'Weights & Assumptions'!$F$20,"") -> 97.427801 | U7: =IFERROR(R7*'Weights & Assumptions'!$B$25/'Weights & Assumptions'!$B$28+S7*'Weights & Assumptions'!$B$26/'Weights & Assumptions'!$B$28+T7*'Weights & Assumptions'!$B$27/'Weights & Assumptions'!$B$28,"") -> 102.00162 | V7: =IF(ISNUMBER(Tabelle1!E8),Tabelle1!E8*'Weights & Assumptions'!$F$6+Tabelle1!F8*'Weights & Assumptions'!$F$7,"") -> 65.708059 | W7: =IF(ISNUMBER(Tabelle1!G8),Tabelle1!G8*'Weights & Assumptions'!$F$8+Tabelle1!H8*'Weights & Assumptions'!$F$9+Tabelle1!J8*'Weights & Assumptions'!$F$11,"") -> 93.493032 | X7: =IF(ISNUMBER(Tabelle1!I8),Tabelle1!I8*'Weights & Assumptions'!$F$10+Tabelle1!K8*'Weights & Assumptions'!$F$12+Tabelle1!L8*'Weights & Assumptions'!$F$13+Tabelle1!M8*'Weights & Assumptions'!$F$14+Tabelle1!N8*'Weights & Assumptions'!$F$15+Tabelle1!O8*'Weights & Assumptions'!$F$16+Tabelle1!P8*'Weights & Assumptions'!$F$17+Tabelle1!Q8*'Weights & Assumptions'!$F$18+Tabelle1!R8*'Weights & Assumptions'!$F$19+Tabelle1!S8*'Weights & Assumptions'!$F$20,"") -> 95.499519 | Y7: =IFERROR(V7*'Weights & Assumptions'!$B$25/'Weights & Assumptions'!$B$28+W7*'Weights & Assumptions'!$B$26/'Weights & Assumptions'!$B$28+X7*'Weights & Assumptions'!$B$27/'Weights & Assumptions'!$B$28,"") -> 92.466431
A8: 38046 | B8: =IF(ISNUMBER(Tabelle1!D9),Tabelle1!D9,"") -> 98.07072 | C8: =IF(ISNUMBER(Tabelle1!E9),Tabelle1!E9/'SF Workings'!F8,"") -> 138.12681 | D8: =IF(ISNUMBER(Tabelle1!F9),Tabelle1!F9/'SF Workings'!J8,"") -> 98.83778 | E8: =IF(ISNUMBER(Tabelle1!G9),Tabelle1!G9/'SF Workings'!N8,"") -> 102.39726 | F8: =IF(ISNUMBER(Tabelle1!H9),Tabelle1!H9/'SF Workings'!R8,"") -> 97.920177 | G8: =IF(ISNUMBER(Tabelle1!I9),Tabelle1!I9/'SF Workings'!V8,"") -> 96.80199 | H8: =IF(ISNUMBER(Tabelle1!J9),Tabelle1!J9/'SF Workings'!Z8,"") -> 97.486574 | I8: =IF(ISNUMBER(Tabelle1!K9),Tabelle1!K9/'SF Workings'!AD8,"") -> 98.710024 | J8: =IF(ISNUMBER(Tabelle1!L9),Tabelle1!L9/'SF Workings'!AH8,"") -> 96.93704 | K8: =IF(ISNUMBER(Tabelle1!M9),Tabelle1!M9/'SF Workings'!AL8,"") -> 97.199673 | L8: =IF(ISNUMBER(Tabelle1!N9),Tabelle1!N9/'SF Workings'!AP8,"") -> 98.572772 | M8: =IF(ISNUMBER(Tabelle1!O9),Tabelle1!O9/'SF Workings'!AT8,"") -> 97.054706 | N8: =IF(ISNUMBER(Tabelle1!P9),Tabelle1!P9/'SF Workings'!AX8,"") -> 98.137293 | O8: =IF(ISNUMBER(Tabelle1!Q9),Tabelle1!Q9/'SF Workings'!BB8,"") -> 97.574895 | P8: =IF(ISNUMBER(Tabelle1!R9),Tabelle1!R9/'SF Workings'!BF8,"") -> 98.151872 | Q8: =IF(ISNUMBER(Tabelle1!S9),Tabelle1!S9/'SF Workings'!BJ8,"") -> 99.303469 | R8: =IFERROR(C8*'Weights & Assumptions'!$F$6+D8*'Weights & Assumptions'!$F$7,"") -> 137.64542 | S8: =IFERROR(E8*'Weights & Assumptions'!$F$8+F8*'Weights & Assumptions'!$F$9+H8*'Weights & Assumptions'!$F$11,"") -> 98.364401 | T8: =IFERROR(G8*'Weights & Assumptions'!$F$10+I8*'Weights & Assumptions'!$F$12+J8*'Weights & Assumptions'!$F$13+K8*'Weights & Assumptions'!$F$14+L8*'Weights & Assumptions'!$F$15+M8*'Weights & Assumptions'!$F$16+N8*'Weights & Assumptions'!$F$17+O8*'Weights & Assumptions'!$F$18+P8*'Weights & Assumptions'!$F$19+Q8*'Weights & Assumptions'!$F$20,"") -> 97.858778 | U8: =IFERROR(R8*'Weights & Assumptions'!$B$25/'Weights & Assumptions'!$B$28+S8*'Weights & Assumptions'!$B$26/'Weights & Assumptions'!$B$28+T8*'Weights & Assumptions'!$B$27/'Weights & Assumptions'!$B$28,"") -> 101.33137 | V8: =IF(ISNUMBER(Tabelle1!E9),Tabelle1!E9*'Weights & Assumptions'!$F$6+Tabelle1!F9*'Weights & Assumptions'!$F$7,"") -> 64.896142 | W8: =IF(ISNUMBER(Tabelle1!G9),Tabelle1!G9*'Weights & Assumptions'!$F$8+Tabelle1!H9*'Weights & Assumptions'!$F$9+Tabelle1!J9*'Weights & Assumptions'!$F$11,"") -> 92.104151 | X8: =IF(ISNUMBER(Tabelle1!I9),Tabelle1!I9*'Weights & Assumptions'!$F$10+Tabelle1!K9*'Weights & Assumptions'!$F$12+Tabelle1!L9*'Weights & Assumptions'!$F$13+Tabelle1!M9*'Weights & Assumptions'!$F$14+Tabelle1!N9*'Weights & Assumptions'!$F$15+Tabelle1!O9*'Weights & Assumptions'!$F$16+Tabelle1!P9*'Weights & Assumptions'!$F$17+Tabelle1!Q9*'Weights & Assumptions'!$F$18+Tabelle1!R9*'Weights & Assumptions'!$F$19+Tabelle1!S9*'Weights & Assumptions'!$F$20,"") -> 94.023346 | Y8: =IFERROR(V8*'Weights & Assumptions'!$B$25/'Weights & Assumptions'!$B$28+W8*'Weights & Assumptions'!$B$26/'Weights & Assumptions'!$B$28+X8*'Weights & Assumptions'!$B$27/'Weights & Assumptions'!$B$28,"") -> 91.069202
A9: 38077 | B9: =IF(ISNUMBER(Tabelle1!D10),Tabelle1!D10,"") -> 97.66795 | C9: =IF(ISNUMBER(Tabelle1!E10),Tabelle1!E10/'SF Workings'!F9,"") -> 113.50166 | D9: =IF(ISNUMBER(Tabelle1!F10),Tabelle1!F10/'SF Workings'!J9,"") -> 126.59208 | E9: =IF(ISNUMBER(Tabelle1!G10),Tabelle1!G10/'SF Workings'!N9,"") -> 98.109081 | F9: =IF(ISNUMBER(Tabelle1!H10),Tabelle1!H10/'SF Workings'!R9,"") -> 99.036849 | G9: =IF(ISNUMBER(Tabelle1!I10),Tabelle1!I10/'SF Workings'!V9,"") -> 104.33953 | H9: =IF(ISNUMBER(Tabelle1!J10),Tabelle1!J10/'SF Workings'!Z9,"") -> 99.821138 | I9: =IF(ISNUMBER(Tabelle1!K10),Tabelle1!K10/'SF Workings'!AD9,"") -> 101.77356 | J9: =IF(ISNUMBER(Tabelle1!L10),Tabelle1!L10/'SF Workings'!AH9,"") -> 97.459814 | K9: =IF(ISNUMBER(Tabelle1!M10),Tabelle1!M10/'SF Workings'!AL9,"") -> 97.582246 | L9: =IF(ISNUMBER(Tabelle1!N10),Tabelle1!N10/'SF Workings'!AP9,"") -> 98.710806 | M9: =IF(ISNUMBER(Tabelle1!O10),Tabelle1!O10/'SF Workings'!AT9,"") -> 99.749223 | N9: =IF(ISNUMBER(Tabelle1!P10),Tabelle1!P10/'SF Workings'!AX9,"") -> 98.231095 | O9: =IF(ISNUMBER(Tabelle1!Q10),Tabelle1!Q10/'SF Workings'!BB9,"") -> 97.650373 | P9: =IF(ISNUMBER(Tabelle1!R10),Tabelle1!R10/'SF Workings'!BF9,"") -> 98.825748 | Q9: =IF(ISNUMBER(Tabelle1!S10),Tabelle1!S10/'SF Workings'!BJ9,"") -> 98.688961 | R9: =IFERROR(C9*'Weights & Assumptions'!$F$6+D9*'Weights & Assumptions'!$F$7,"") -> 113.66205 | S9: =IFERROR(E9*'Weights & Assumptions'!$F$8+F9*'Weights & Assumptions'!$F$9+H9*'Weights & Assumptions'!$F$11,"") -> 99.089462 | T9: =IFERROR(G9*'Weights & Assumptions'!$F$10+I9*'Weights & Assumptions'!$F$12+J9*'Weights & Assumptions'!$F$13+K9*'Weights & Assumptions'!$F$14+L9*'Weights & Assumptions'!$F$15+M9*'Weights & Assumptions'!$F$16+N9*'Weights & Assumptions'!$F$17+O9*'Weights & Assumptions'!$F$18+P9*'Weights & Assumptions'!$F$19+Q9*'Weights & Assumptions'!$F$20,"") -> 99.366338 | U9: =IFERROR(R9*'Weights & Assumptions'!$B$25/'Weights & Assumptions'!$B$28+S9*'Weights & Assumptions'!$B$26/'Weights & Assumptions'!$B$28+T9*'Weights & Assumptions'!$B$27/'Weights & Assumptions'!$B$28,"") -> 100.49213 | V9: =IF(ISNUMBER(Tabelle1!E10),Tabelle1!E10*'Weights & Assumptions'!$F$6+Tabelle1!F10*'Weights & Assumptions'!$F$7,"") -> 111.44359 | W9: =IF(ISNUMBER(Tabelle1!G10),Tabelle1!G10*'Weights & Assumptions'!$F$8+Tabelle1!H10*'Weights & Assumptions'!$F$9+Tabelle1!J10*'Weights & Assumptions'!$F$11,"") -> 101.63985 | X9: =IF(ISNUMBER(Tabelle1!I10),Tabelle1!I10*'Weights & Assumptions'!$F$10+Tabelle1!K10*'Weights & Assumptions'!$F$12+Tabelle1!L10*'Weights & Assumptions'!$F$13+Tabelle1!M10*'Weights & Assumptions'!$F$14+Tabelle1!N10*'Weights & Assumptions'!$F$15+Tabelle1!O10*'Weights & Assumptions'!$F$16+Tabelle1!P10*'Weights & Assumptions'!$F$17+Tabelle1!Q10*'Weights & Assumptions'!$F$18+Tabelle1!R10*'Weights & Assumptions'!$F$19+Tabelle1!S10*'Weights & Assumptions'!$F$20,"") -> 100.56916 | Y9: =IFERROR(V9*'Weights & Assumptions'!$B$25/'Weights & Assumptions'!$B$28+W9*'Weights & Assumptions'!$B$26/'Weights & Assumptions'!$B$28+X9*'Weights & Assumptions'!$B$27/'Weights & Assumptions'!$B$28,"") -> 101.76625
A10: 38107 | B10: =IF(ISNUMBER(Tabelle1!D11),Tabelle1!D11,"") -> 95.23678 | C10: =IF(ISNUMBER(Tabelle1!E11),Tabelle1!E11/'SF Workings'!F10,"") -> 93.094212 | D10: =IF(ISNUMBER(Tabelle1!F11),Tabelle1!F11/'SF Workings'!J10,"") -> 103.90404 | E10: =IF(ISNUMBER(Tabelle1!G11),Tabelle1!G11/'SF Workings'!N10,"") -> 97.115115 | F10: =IF(ISNUMBER(Tabelle1!H11),Tabelle1!H11/'SF Workings'!R10,"") -> 96.781141 | G10: =IF(ISNUMBER(Tabelle1!I11),Tabelle1!I11/'SF Workings'!V10,"") -> 101.37735 | H10: =IF(ISNUMBER(Tabelle1!J11),Tabelle1!J11/'SF Workings'!Z10,"") -> 97.712397 | I10: =IF(ISNUMBER(Tabelle1!K11),Tabelle1!K11/'SF Workings'!AD10,"") -> 97.099106 | J10: =IF(ISNUMBER(Tabelle1!L11),Tabelle1!L11/'SF Workings'!AH10,"") -> 96.394098 | K10: =IF(ISNUMBER(Tabelle1!M11),Tabelle1!M11/'SF Workings'!AL10,"") -> 97.632851 | L10: =IF(ISNUMBER(Tabelle1!N11),Tabelle1!N11/'SF Workings'!AP10,"") -> 96.61449 | M10: =IF(ISNUMBER(Tabelle1!O11),Tabelle1!O11/'SF Workings'!AT10,"") -> 98.098159 | N10: =IF(ISNUMBER(Tabelle1!P11),Tabelle1!P11/'SF Workings'!AX10,"") -> 99.36722 | O10: =IF(ISNUMBER(Tabelle1!Q11),Tabelle1!Q11/'SF Workings'!BB10,"") -> 99.255508 | P10: =IF(ISNUMBER(Tabelle1!R11),Tabelle1!R11/'SF Workings'!BF10,"") -> 100.63591 | Q10: =IF(ISNUMBER(Tabelle1!S11),Tabelle1!S11/'SF Workings'!BJ10,"") -> 99.323831 | R10: =IFERROR(C10*'Weights & Assumptions'!$F$6+D10*'Weights & Assumptions'!$F$7,"") -> 93.22666 | S10: =IFERROR(E10*'Weights & Assumptions'!$F$8+F10*'Weights & Assumptions'!$F$9+H10*'Weights & Assumptions'!$F$11,"") -> 97.015019 | T10: =IFERROR(G10*'Weights & Assumptions'!$F$10+I10*'Weights & Assumptions'!$F$12+J10*'Weights & Assumptions'!$F$13+K10*'Weights & Assumptions'!$F$14+L10*'Weights & Assumptions'!$F$15+M10*'Weights & Assumptions'!$F$16+N10*'Weights & Assumptions'!$F$17+O10*'Weights & Assumptions'!$F$18+P10*'Weights & Assumptions'!$F$19+Q10*'Weights & Assumptions'!$F$20,"") -> 98.18418 | U10: =IFERROR(R10*'Weights & Assumptions'!$B$25/'Weights & Assumptions'!$B$28+S10*'Weights & Assumptions'!$B$26/'Weights & Assumptions'!$B$28+T10*'Weights & Assumptions'!$B$27/'Weights & Assumptions'!$B$28,"") -> 97.45734 | V10: =IF(ISNUMBER(Tabelle1!E11),Tabelle1!E11*'Weights & Assumptions'!$F$6+Tabelle1!F11*'Weights & Assumptions'!$F$7,"") -> 150.11262 | W10: =IF(ISNUMBER(Tabelle1!G11),Tabelle1!G11*'Weights & Assumptions'!$F$8+Tabelle1!H11*'Weights & Assumptions'!$F$9+Tabelle1!J11*'Weights & Assumptions'!$F$11,"") -> 97.6834 | X10: =IF(ISNUMBER(Tabelle1!I11),Tabelle1!I11*'Weights & Assumptions'!$F$10+Tabelle1!K11*'Weights & Assumptions'!$F$12+Tabelle1!L11*'Weights & Assumptions'!$F$13+Tabelle1!M11*'Weights & Assumptions'!$F$14+Tabelle1!N11*'Weights & Assumptions'!$F$15+Tabelle1!O11*'Weights & Assumptions'!$F$16+Tabelle1!P11*'Weights & Assumptions'!$F$17+Tabelle1!Q11*'Weights & Assumptions'!$F$18+Tabelle1!R11*'Weights & Assumptions'!$F$19+Tabelle1!S11*'Weights & Assumptions'!$F$20,"") -> 98.327565 | Y10: =IFERROR(V10*'Weights & Assumptions'!$B$25/'Weights & Assumptions'!$B$28+W10*'Weights & Assumptions'!$B$26/'Weights & Assumptions'!$B$28+X10*'Weights & Assumptions'!$B$27/'Weights & Assumptions'!$B$28,"") -> 102.50108
A11: 38138 | B11: =IF(ISNUMBER(Tabelle1!D12),Tabelle1!D12,"") -> 96.95127 | C11: =IF(ISNUMBER(Tabelle1!E12),Tabelle1!E12/'SF Workings'!F11,"") -> 86.388257 | D11: =IF(ISNUMBER(Tabelle1!F12),Tabelle1!F12/'SF Workings'!J11,"") -> 70.053757 | E11: =IF(ISNUMBER(Tabelle1!G12),Tabelle1!G12/'SF Workings'!N11,"") -> 103.30956 | F11: =IF(ISNUMBER(Tabelle1!H12),Tabelle1!H12/'SF Workings'!R11,"") -> 97.683851 | G11: =IF(ISNUMBER(Tabelle1!I12),Tabelle1!I12/'SF Workings'!V11,"") -> 100.43846 | H11: =IF(ISNUMBER(Tabelle1!J12),Tabelle1!J12/'SF Workings'!Z11,"") -> 98.691681 | I11: =IF(ISNUMBER(Tabelle1!K12),Tabelle1!K12/'SF Workings'!AD11,"") -> 96.996793 | J11: =IF(ISNUMBER(Tabelle1!L12),Tabelle1!L12/'SF Workings'!AH11,"") -> 98.905997 | K11: =IF(ISNUMBER(Tabelle1!M12),Tabelle1!M12/'SF Workings'!AL11,"") -> 97.40583 | L11: =IF(ISNUMBER(Tabelle1!N12),Tabelle1!N12/'SF Workings'!AP11,"") -> 96.53387 | M11: =IF(ISNUMBER(Tabelle1!O12),Tabelle1!O12/'SF Workings'!AT11,"") -> 98.342616 | N11: =IF(ISNUMBER(Tabelle1!P12),Tabelle1!P12/'SF Workings'!AX11,"") -> 98.98096 | O11: =IF(ISNUMBER(Tabelle1!Q12),Tabelle1!Q12/'SF Workings'!BB11,"") -> 98.800429 | P11: =IF(ISNUMBER(Tabelle1!R12),Tabelle1!R12/'SF Workings'!BF11,"") -> 99.434738 | Q11: =IF(ISNUMBER(Tabelle1!S12),Tabelle1!S12/'SF Workings'!BJ11,"") -> 97.920266 | R11: =IFERROR(C11*'Weights & Assumptions'!$F$6+D11*'Weights & Assumptions'!$F$7,"") -> 86.188118 | S11: =IFERROR(E11*'Weights & Assumptions'!$F$8+F11*'Weights & Assumptions'!$F$9+H11*'Weights & Assumptions'!$F$11,"") -> 98.565503 | T11: =IFERROR(G11*'Weights & Assumptions'!$F$10+I11*'Weights & Assumptions'!$F$12+J11*'Weights & Assumptions'!$F$13+K11*'Weights & Assumptions'!$F$14+L11*'Weights & Assumptions'!$F$15+M11*'Weights & Assumptions'!$F$16+N11*'Weights & Assumptions'!$F$17+O11*'Weights & Assumptions'!$F$18+P11*'Weights & Assumptions'!$F$19+Q11*'Weights & Assumptions'!$F$20,"") -> 98.030598 | U11: =IFERROR(R11*'Weights & Assumptions'!$B$25/'Weights & Assumptions'!$B$28+S11*'Weights & Assumptions'!$B$26/'Weights & Assumptions'!$B$28+T11*'Weights & Assumptions'!$B$27/'Weights & Assumptions'!$B$28,"") -> 97.179244 | V11: =IF(ISNUMBER(Tabelle1!E12),Tabelle1!E12*'Weights & Assumptions'!$F$6+Tabelle1!F12*'Weights & Assumptions'!$F$7,"") -> 208.44426 | W11: =IF(ISNUMBER(Tabelle1!G12),Tabelle1!G12*'Weights & Assumptions'!$F$8+Tabelle1!H12*'Weights & Assumptions'!$F$9+Tabelle1!J12*'Weights & Assumptions'!$F$11,"") -> 100.30922 | X11: =IF(ISNUMBER(Tabelle1!I12),Tabelle1!I12*'Weights & Assumptions'!$F$10+Tabelle1!K12*'Weights & Assumptions'!$F$12+Tabelle1!L12*'Weights & Assumptions'!$F$13+Tabelle1!M12*'Weights & Assumptions'!$F$14+Tabelle1!N12*'Weights & Assumptions'!$F$15+Tabelle1!O12*'Weights & Assumptions'!$F$16+Tabelle1!P12*'Weights & Assumptions'!$F$17+Tabelle1!Q12*'Weights & Assumptions'!$F$18+Tabelle1!R12*'Weights & Assumptions'!$F$19+Tabelle1!S12*'Weights & Assumptions'!$F$20,"") -> 100.25383 | Y11: =IFERROR(V11*'Weights & Assumptions'!$B$25/'Weights & Assumptions'!$B$28+W11*'Weights & Assumptions'!$B$26/'Weights & Assumptions'!$B$28+X11*'Weights & Assumptions'!$B$27/'Weights & Assumptions'!$B$28,"") -> 109.34583
A12: 38168 | B12: =IF(ISNUMBER(Tabelle1!D13),Tabelle1!D13,"") -> 98.68356 | C12: =IF(ISNUMBER(Tabelle1!E13),Tabelle1!E13/'SF Workings'!F12,"") -> 87.718922 | D12: =IF(ISNUMBER(Tabelle1!F13),Tabelle1!F13/'SF Workings'!J12,"") -> 117.5876 | E12: =IF(ISNUMBER(Tabelle1!G13),Tabelle1!G13/'SF Workings'!N12,"") -> 101.11247 | F12: =IF(ISNUMBER(Tabelle1!H13),Tabelle1!H13/'SF Workings'!R12,"") -> 101.54408 | G12: =IF(ISNUMBER(Tabelle1!I13),Tabelle1!I13/'SF Workings'!V12,"") -> 98.515557 | H12: =IF(ISNUMBER(Tabelle1!J13),Tabelle1!J13/'SF Workings'!Z12,"") -> 100.53597 | I12: =IF(ISNUMBER(Tabelle1!K13),Tabelle1!K13/'SF Workings'!AD12,"") -> 103.25256 | J12: =IF(ISNUMBER(Tabelle1!L13),Tabelle1!L13/'SF Workings'!AH12,"") -> 100.58169 | K12: =IF(ISNUMBER(Tabelle1!M13),Tabelle1!M13/'SF Workings'!AL12,"") -> 99.298241 | L12: =IF(ISNUMBER(Tabelle1!N13),Tabelle1!N13/'SF Workings'!AP12,"") -> 96.630837 | M12: =IF(ISNUMBER(Tabelle1!O13),Tabelle1!O13/'SF Workings'!AT12,"") -> 99.969647 | N12: =IF(ISNUMBER(Tabelle1!P13),Tabelle1!P13/'SF Workings'!AX12,"") -> 99.294987 | O12: =IF(ISNUMBER(Tabelle1!Q13),Tabelle1!Q13/'SF Workings'!BB12,"") -> 99.748434 | P12: =IF(ISNUMBER(Tabelle1!R13),Tabelle1!R13/'SF Workings'!BF12,"") -> 97.513398 | Q12: =IF(ISNUMBER(Tabelle1!S13),Tabelle1!S13/'SF Workings'!BJ12,"") -> 99.420614 | R12: =IFERROR(C12*'Weights & Assumptions'!$F$6+D12*'Weights & Assumptions'!$F$7,"") -> 88.084889 | S12: =IFERROR(E12*'Weights & Assumptions'!$F$8+F12*'Weights & Assumptions'!$F$9+H12*'Weights & Assumptions'!$F$11,"") -> 101.28254 | T12: =IFERROR(G12*'Weights & Assumptions'!$F$10+I12*'Weights & Assumptions'!$F$12+J12*'Weights & Assumptions'!$F$13+K12*'Weights & Assumptions'!$F$14+L12*'Weights & Assumptions'!$F$15+M12*'Weights & Assumptions'!$F$16+N12*'Weights & Assumptions'!$F$17+O12*'Weights & Assumptions'!$F$18+P12*'Weights & Assumptions'!$F$19+Q12*'Weights & Assumptions'!$F$20,"") -> 99.984165 | U12: =IFERROR(R12*'Weights & Assumptions'!$B$25/'Weights & Assumptions'!$B$28+S12*'Weights & Assumptions'!$B$26/'Weights & Assumptions'!$B$28+T12*'Weights & Assumptions'!$B$27/'Weights & Assumptions'!$B$28,"") -> 99.331065 | V12: =IF(ISNUMBER(Tabelle1!E13),Tabelle1!E13*'Weights & Assumptions'!$F$6+Tabelle1!F13*'Weights & Assumptions'!$F$7,"") -> 144.83651 | W12: =IF(ISNUMBER(Tabelle1!G13),Tabelle1!G13*'Weights & Assumptions'!$F$8+Tabelle1!H13*'Weights & Assumptions'!$F$9+Tabelle1!J13*'Weights & Assumptions'!$F$11,"") -> 100.35363 | X12: =IF(ISNUMBER(Tabelle1!I13),Tabelle1!I13*'Weights & Assumptions'!$F$10+Tabelle1!K13*'Weights & Assumptions'!$F$12+Tabelle1!L13*'Weights & Assumptions'!$F$13+Tabelle1!M13*'Weights & Assumptions'!$F$14+Tabelle1!N13*'Weights & Assumptions'!$F$15+Tabelle1!O13*'Weights & Assumptions'!$F$16+Tabelle1!P13*'Weights & Assumptions'!$F$17+Tabelle1!Q13*'Weights & Assumptions'!$F$18+Tabelle1!R13*'Weights & Assumptions'!$F$19+Tabelle1!S13*'Weights & Assumptions'!$F$20,"") -> 101.38812 | Y12: =IFERROR(V12*'Weights & Assumptions'!$B$25/'Weights & Assumptions'!$B$28+W12*'Weights & Assumptions'!$B$26/'Weights & Assumptions'!$B$28+X12*'Weights & Assumptions'!$B$27/'Weights & Assumptions'!$B$28,"") -> 104.75839
A13: 38199 | B13: =IF(ISNUMBER(Tabelle1!D14),Tabelle1!D14,"") -> 100.8411 | C13: =IF(ISNUMBER(Tabelle1!E14),Tabelle1!E14/'SF Workings'!F13,"") -> 108.94292 | D13: =IF(ISNUMBER(Tabelle1!F14),Tabelle1!F14/'SF Workings'!J13,"") -> 76.949251 | E13: =IF(ISNUMBER(Tabelle1!G14),Tabelle1!G14/'SF Workings'!N13,"") -> 98.759733 | F13: =IF(ISNUMBER(Tabelle1!H14),Tabelle1!H14/'SF Workings'!R13,"") -> 101.08698 | G13: =IF(ISNUMBER(Tabelle1!I14),Tabelle1!I14/'SF Workings'!V13,"") -> 101.31411 | H13: =IF(ISNUMBER(Tabelle1!J14),Tabelle1!J14/'SF Workings'!Z13,"") -> 98.94055 | I13: =IF(ISNUMBER(Tabelle1!K14),Tabelle1!K14/'SF Workings'!AD13,"") -> 99.948934 | J13: =IF(ISNUMBER(Tabelle1!L14),Tabelle1!L14/'SF Workings'!AH13,"") -> 99.262335 | K13: =IF(ISNUMBER(Tabelle1!M14),Tabelle1!M14/'SF Workings'!AL13,"") -> 99.247476 | L13: =IF(ISNUMBER(Tabelle1!N14),Tabelle1!N14/'SF Workings'!AP13,"") -> 99.595304 | M13: =IF(ISNUMBER(Tabelle1!O14),Tabelle1!O14/'SF Workings'!AT13,"") -> 100.20204 | N13: =IF(ISNUMBER(Tabelle1!P14),Tabelle1!P14/'SF Workings'!AX13,"") -> 100.19595 | O13: =IF(ISNUMBER(Tabelle1!Q14),Tabelle1!Q14/'SF Workings'!BB13,"") -> 100.02847 | P13: =IF(ISNUMBER(Tabelle1!R14),Tabelle1!R14/'SF Workings'!BF13,"") -> 100.86128 | Q13: =IF(ISNUMBER(Tabelle1!S14),Tabelle1!S14/'SF Workings'!BJ13,"") -> 98.865178 | R13: =IFERROR(C13*'Weights & Assumptions'!$F$6+D13*'Weights & Assumptions'!$F$7,"") -> 108.55092 | S13: =IFERROR(E13*'Weights & Assumptions'!$F$8+F13*'Weights & Assumptions'!$F$9+H13*'Weights & Assumptions'!$F$11,"") -> 100.36196 | T13: =IFERROR(G13*'Weights & Assumptions'!$F$10+I13*'Weights & Assumptions'!$F$12+J13*'Weights & Assumptions'!$F$13+K13*'Weights & Assumptions'!$F$14+L13*'Weights & Assumptions'!$F$15+M13*'Weights & Assumptions'!$F$16+N13*'Weights & Assumptions'!$F$17+O13*'Weights & Assumptions'!$F$18+P13*'Weights & Assumptions'!$F$19+Q13*'Weights & Assumptions'!$F$20,"") -> 99.914286 | U13: =IFERROR(R13*'Weights & Assumptions'!$B$25/'Weights & Assumptions'!$B$28+S13*'Weights & Assumptions'!$B$26/'Weights & Assumptions'!$B$28+T13*'Weights & Assumptions'!$B$27/'Weights & Assumptions'!$B$28,"") -> 100.75795 | V13: =IF(ISNUMBER(Tabelle1!E14),Tabelle1!E14*'Weights & Assumptions'!$F$6+Tabelle1!F14*'Weights & Assumptions'!$F$7,"") -> 94.648542 | W13: =IF(ISNUMBER(Tabelle1!G14),Tabelle1!G14*'Weights & Assumptions'!$F$8+Tabelle1!H14*'Weights & Assumptions'!$F$9+Tabelle1!J14*'Weights & Assumptions'!$F$11,"") -> 101.55425 | X13: =IF(ISNUMBER(Tabelle1!I14),Tabelle1!I14*'Weights & Assumptions'!$F$10+Tabelle1!K14*'Weights & Assumptions'!$F$12+Tabelle1!L14*'Weights & Assumptions'!$F$13+Tabelle1!M14*'Weights & Assumptions'!$F$14+Tabelle1!N14*'Weights & Assumptions'!$F$15+Tabelle1!O14*'Weights & Assumptions'!$F$16+Tabelle1!P14*'Weights & Assumptions'!$F$17+Tabelle1!Q14*'Weights & Assumptions'!$F$18+Tabelle1!R14*'Weights & Assumptions'!$F$19+Tabelle1!S14*'Weights & Assumptions'!$F$20,"") -> 101.01855 | Y13: =IFERROR(V13*'Weights & Assumptions'!$B$25/'Weights & Assumptions'!$B$28+W13*'Weights & Assumptions'!$B$26/'Weights & Assumptions'!$B$28+X13*'Weights & Assumptions'!$B$27/'Weights & Assumptions'!$B$28,"") -> 100.62656
A14: 38230 | B14: =IF(ISNUMBER(Tabelle1!D15),Tabelle1!D15,"") -> 102.17769 | C14: =IF(ISNUMBER(Tabelle1!E15),Tabelle1!E15/'SF Workings'!F14,"") -> 112.91692 | D14: =IF(ISNUMBER(Tabelle1!F15),Tabelle1!F15/'SF Workings'!J14,"") -> 104.0963 | E14: =IF(ISNUMBER(Tabelle1!G15),Tabelle1!G15/'SF Workings'!N14,"") -> 99.604975 | F14: =IF(ISNUMBER(Tabelle1!H15),Tabelle1!H15/'SF Workings'!R14,"") -> 99.260147 | G14: =IF(ISNUMBER(Tabelle1!I15),Tabelle1!I15/'SF Workings'!V14,"") -> 99.925777 | H14: =IF(ISNUMBER(Tabelle1!J15),Tabelle1!J15/'SF Workings'!Z14,"") -> 100.86794 | I14: =IF(ISNUMBER(Tabelle1!K15),Tabelle1!K15/'SF Workings'!AD14,"") -> 98.99493 | J14: =IF(ISNUMBER(Tabelle1!L15),Tabelle1!L15/'SF Workings'!AH14,"") -> 99.018747 | K14: =IF(ISNUMBER(Tabelle1!M15),Tabelle1!M15/'SF Workings'!AL14,"") -> 99.993156 | L14: =IF(ISNUMBER(Tabelle1!N15),Tabelle1!N15/'SF Workings'!AP14,"") -> 100.41223 | M14: =IF(ISNUMBER(Tabelle1!O15),Tabelle1!O15/'SF Workings'!AT14,"") -> 100.73696 | N14: =IF(ISNUMBER(Tabelle1!P15),Tabelle1!P15/'SF Workings'!AX14,"") -> 100.57232 | O14: =IF(ISNUMBER(Tabelle1!Q15),Tabelle1!Q15/'SF Workings'!BB14,"") -> 100.75872 | P14: =IF(ISNUMBER(Tabelle1!R15),Tabelle1!R15/'SF Workings'!BF14,"") -> 100.49848 | Q14: =IF(ISNUMBER(Tabelle1!S15),Tabelle1!S15/'SF Workings'!BJ14,"") -> 98.558486 | R14: =IFERROR(C14*'Weights & Assumptions'!$F$6+D14*'Weights & Assumptions'!$F$7,"") -> 112.80884 | S14: =IFERROR(E14*'Weights & Assumptions'!$F$8+F14*'Weights & Assumptions'!$F$9+H14*'Weights & Assumptions'!$F$11,"") -> 99.636261 | T14: =IFERROR(G14*'Weights & Assumptions'!$F$10+I14*'Weights & Assumptions'!$F$12+J14*'Weights & Assumptions'!$F$13+K14*'Weights & Assumptions'!$F$14+L14*'Weights & Assumptions'!$F$15+M14*'Weights & Assumptions'!$F$16+N14*'Weights & Assumptions'!$F$17+O14*'Weights & Assumptions'!$F$18+P14*'Weights & Assumptions'!$F$19+Q14*'Weights & Assumptions'!$F$20,"") -> 99.995582 | U14: =IFERROR(R14*'Weights & Assumptions'!$B$25/'Weights & Assumptions'!$B$28+S14*'Weights & Assumptions'!$B$26/'Weights & Assumptions'!$B$28+T14*'Weights & Assumptions'!$B$27/'Weights & Assumptions'!$B$28,"") -> 100.97508 | V14: =IF(ISNUMBER(Tabelle1!E15),Tabelle1!E15*'Weights & Assumptions'!$F$6+Tabelle1!F15*'Weights & Assumptions'!$F$7,"") -> 65.283109 | W14: =IF(ISNUMBER(Tabelle1!G15),Tabelle1!G15*'Weights & Assumptions'!$F$8+Tabelle1!H15*'Weights & Assumptions'!$F$9+Tabelle1!J15*'Weights & Assumptions'!$F$11,"") -> 101.37457 | X14: =IF(ISNUMBER(Tabelle1!I15),Tabelle1!I15*'Weights & Assumptions'!$F$10+Tabelle1!K15*'Weights & Assumptions'!$F$12+Tabelle1!L15*'Weights & Assumptions'!$F$13+Tabelle1!M15*'Weights & Assumptions'!$F$14+Tabelle1!N15*'Weights & Assumptions'!$F$15+Tabelle1!O15*'Weights & Assumptions'!$F$16+Tabelle1!P15*'Weights & Assumptions'!$F$17+Tabelle1!Q15*'Weights & Assumptions'!$F$18+Tabelle1!R15*'Weights & Assumptions'!$F$19+Tabelle1!S15*'Weights & Assumptions'!$F$20,"") -> 100.75327 | Y14: =IFERROR(V14*'Weights & Assumptions'!$B$25/'Weights & Assumptions'!$B$28+W14*'Weights & Assumptions'!$B$26/'Weights & Assumptions'!$B$28+X14*'Weights & Assumptions'!$B$27/'Weights & Assumptions'!$B$28,"") -> 97.942511
A15: 38260 | B15: =IF(ISNUMBER(Tabelle1!D16),Tabelle1!D16,"") -> 102.35036 | C15: =IF(ISNUMBER(Tabelle1!E16),Tabelle1!E16/'SF Workings'!F15,"") -> 113.38797 | D15: =IF(ISNUMBER(Tabelle1!F16),Tabelle1!F16/'SF Workings'!J15,"") -> 110.27896 | E15: =IF(ISNUMBER(Tabelle1!G16),Tabelle1!G16/'SF Workings'!N15,"") -> 100.27932 | F15: =IF(ISNUMBER(Tabelle1!H16),Tabelle1!H16/'SF Workings'!R15,"") -> 99.555849 | G15: =IF(ISNUMBER(Tabelle1!I16),Tabelle1!I16/'SF Workings'!V15,"") -> 100.09045 | H15: =IF(ISNUMBER(Tabelle1!J16),Tabelle1!J16/'SF Workings'!Z15,"") -> 103.44786 | I15: =IF(ISNUMBER(Tabelle1!K16),Tabelle1!K16/'SF Workings'!AD15,"") -> 99.658286 | J15: =IF(ISNUMBER(Tabelle1!L16),Tabelle1!L16/'SF Workings'!AH15,"") -> 100.42963 | K15: =IF(ISNUMBER(Tabelle1!M16),Tabelle1!M16/'SF Workings'!AL15,"") -> 101.14245 | L15: =IF(ISNUMBER(Tabelle1!N16),Tabelle1!N16/'SF Workings'!AP15,"") -> 102.27654 | M15: =IF(ISNUMBER(Tabelle1!O16),Tabelle1!O16/'SF Workings'!AT15,"") -> 101.75889 | N15: =IF(ISNUMBER(Tabelle1!P16),Tabelle1!P16/'SF Workings'!AX15,"") -> 101.12157 | O15: =IF(ISNUMBER(Tabelle1!Q16),Tabelle1!Q16/'SF Workings'!BB15,"") -> 100.93647 | P15: =IF(ISNUMBER(Tabelle1!R16),Tabelle1!R16/'SF Workings'!BF15,"") -> 102.7919 | Q15: =IF(ISNUMBER(Tabelle1!S16),Tabelle1!S16/'SF Workings'!BJ15,"") -> 102.25555 | R15: =IFERROR(C15*'Weights & Assumptions'!$F$6+D15*'Weights & Assumptions'!$F$7,"") -> 113.34988 | S15: =IFERROR(E15*'Weights & Assumptions'!$F$8+F15*'Weights & Assumptions'!$F$9+H15*'Weights & Assumptions'!$F$11,"") -> 100.45303 | T15: =IFERROR(G15*'Weights & Assumptions'!$F$10+I15*'Weights & Assumptions'!$F$12+J15*'Weights & Assumptions'!$F$13+K15*'Weights & Assumptions'!$F$14+L15*'Weights & Assumptions'!$F$15+M15*'Weights & Assumptions'!$F$16+N15*'Weights & Assumptions'!$F$17+O15*'Weights & Assumptions'!$F$18+P15*'Weights & Assumptions'!$F$19+Q15*'Weights & Assumptions'!$F$20,"") -> 101.15348 | U15: =IFERROR(R15*'Weights & Assumptions'!$B$25/'Weights & Assumptions'!$B$28+S15*'Weights & Assumptions'!$B$26/'Weights & Assumptions'!$B$28+T15*'Weights & Assumptions'!$B$27/'Weights & Assumptions'!$B$28,"") -> 101.9905 | V15: =IF(ISNUMBER(Tabelle1!E16),Tabelle1!E16*'Weights & Assumptions'!$F$6+Tabelle1!F16*'Weights & Assumptions'!$F$7,"") -> 60.84067 | W15: =IF(ISNUMBER(Tabelle1!G16),Tabelle1!G16*'Weights & Assumptions'!$F$8+Tabelle1!H16*'Weights & Assumptions'!$F$9+Tabelle1!J16*'Weights & Assumptions'!$F$11,"") -> 103.21235 | X15: =IF(ISNUMBER(Tabelle1!I16),Tabelle1!I16*'Weights & Assumptions'!$F$10+Tabelle1!K16*'Weights & Assumptions'!$F$12+Tabelle1!L16*'Weights & Assumptions'!$F$13+Tabelle1!M16*'Weights & Assumptions'!$F$14+Tabelle1!N16*'Weights & Assumptions'!$F$15+Tabelle1!O16*'Weights & Assumptions'!$F$16+Tabelle1!P16*'Weights & Assumptions'!$F$17+Tabelle1!Q16*'Weights & Assumptions'!$F$18+Tabelle1!R16*'Weights & Assumptions'!$F$19+Tabelle1!S16*'Weights & Assumptions'!$F$20,"") -> 101.05622 | Y15: =IFERROR(V15*'Weights & Assumptions'!$B$25/'Weights & Assumptions'!$B$28+W15*'Weights & Assumptions'!$B$26/'Weights & Assumptions'!$B$28+X15*'Weights & Assumptions'!$B$27/'Weights & Assumptions'!$B$28,"") -> 98.255454
