Workbook

Sheet README
B2: CHL USD Sovereign Curve — Credit Analyst Toolkit
B4: How to use
B5: 1. Paste your ISINs into the Bonds_Static sheet (column A, rows 2 onward). Everything else auto-pulls via Bloomberg BDP.
B6: 2. Open this file on a machine with Bloomberg Excel Add-in enabled. Hit F9 to refresh.
B7: 3. Bonds_Static fields are static (description, coupon, maturity, ratings, amount outstanding). Bonds_Live is live (prices, YTM, spreads, duration, convexity, DV01).
B8: 4. UST_Curve is the risk-free benchmark — used for spreads and as the anchor for the ΔUST scenarios.
B9: 5. Curve_Fit fits a model curve to your bonds. Residual (Actual YTM − Modeled YTM) is the rich/cheap signal: positive = cheap.
B10: 6. Liquidity_Gate scores every bond; only bonds that pass the gate feed into Rich_Cheap_Rank and Trade_Recos.
B11: 7. Carry_Roll computes 3M/6M/12M carry + roll-down assuming the fitted curve doesn't shift.
B12: 8. DTS_Carry — risk-adjusted carry per unit of DTS (Z-spread × Spread Duration), plus breakeven widening (bp of spread widening that offsets your 12M carry). Use this to size positions.
B13: 9. Spread_History — BDH-driven 1Y distribution stats: min/max/avg/stdev, current percentile, z-score, and a CHEAP/FAIR/RICH tag. Mean-reversion signal — independent of the curve-residual signal.
B14: 10. Implied_PD — back out the cumulative default probability priced in (given the recovery assumption on Settings!C53), plus the 'breakeven recovery' that would make each bond fair vs the cross-sectional average hazard. ARG-relevant; CHL acts as sanity check.
... B49: EMBI bucket ticker default is JPEIDIVR Index; if Bloomberg doesn't return INDEX_AVG_SPREAD, the formula falls back to YAS_BOND_SPRD. Adjust Settings!B27 if your firm uses a different benchmark.

Sheet Settings
B2: Settings & Assumptions
B4: Workbook
B5: Country | C5: CHL
B6: As-of date | C6: =TODAY()
B7: Curve-fit method | C7: POLY
B8: Number of bond slots | C8: 25
B9: Number of peer slots | C9: 15
B11: Curve-Fit Parameters — Cubic Polynomial (LINEST-driven)
B12: a0 (intercept) | C12: =Curve_Fit!H5 | E12: Coefficients come from LINEST. Read-only — they refit automatically when yields change.
B13: a1 (linear term) | C13: =Curve_Fit!H4
B14: a2 (quadratic term) | C14: =Curve_Fit!H3
B15: a3 (cubic term) | C15: =Curve_Fit!H2
B16: R² of fit | C16: =Curve_Fit!H7
B22: Scenario Grid — ΔUST and Δspread shocks (bp)
B23: ΔUST shocks (bp) | C23: -100 | D23: -50 | E23: -25 | F23: 0 | G23: 25 | H23: 50 | I23: 100
B24: Δspread shocks (bp) | C24: -100 | D24: -50 | E24: 0 | F24: 50 | G24: 100
B25: Horizons (months) | C25: 3 | D25: 6 | E25: 12
B27: Central View (drives Trade_Recos quantified TR)
B28: EMBI benchmark ticker | C28: JPEIDIVR Index | E28: These two cells drive the 'Central-view 12M TR' column on Trade_Recos. Update with your house view.
B29: EMBI rating bucket ticker (override) | C29: JBCDCOMP Index
B30: Central-view ΔUST 12M (bp) | C30: 0
B31: Central-view Δspread 12M (bp) | C31: -10
B33: Liquidity Gate Thresholds
B34: Min amount outstanding ($mm) | C34: 750
B35: Max bid-ask spread (pts) | C35: 0.4
B36: Min TRACE avg daily volume ($mm) | C36: 3
B37: Min Bloomberg LQA score (0-100) | C37: 60
B38: Min years to maturity | C38: 0.5
B39: Bonds must pass at least N criteria | C39: 3
B41: Rich/Cheap Composite — Z-Score Weights (sum to 1)
B42: Curve residual (cheap = +) | C42: 0.3
B43: 12M carry+roll | C43: 0.15
B44: DTS-adjusted carry | C44: 0.15
B45: YTM (absolute level) | C45: 0.05
B46: Spread vs peer basket | C46: 0.15
B47: Spread vs EMBI bucket | C47: 0.1
B48: 1Y spread percentile (high = +) | C48: 0.05
B49: Liquidity score (boost) | C49: 0.05
B50: Sum (should = 100%) | C50: =SUM(C42:C49)
B52: Risk Overlays
B53: Recovery assumption (sov) | C53: 0.4 | E53: Recovery feeds Implied_PD. MOVE thresholds drive position sizing on Trade_Recos: when rates vol is high, the same TR deserves a smaller position.
B54: MOVE: percentile threshold for half-sizing | C54: 75
B55: MOVE: percentile threshold for quarter-sizing | C55: 90
B56: MOVE size scalar at 'high' regime | C56: 0.5
B57: MOVE size scalar at 'extreme' regime | C57: 0.25

Sheet Bonds_Static
A1: ISIN | B1: Ticker | C1: Description | D1: Coupon (%) | E1: Maturity | F1: Issue Date | G1: Yrs to Maty | H1: Amt Outstanding ($mm) | I1: Currency | J1: Country | K1: S&P | L1: Moody's | M1: Fitch | N1: Composite | O1: Day Count | P1: Cpn Freq | Q1: Callable | R1: Manual flag
B2: =IFERROR(BDP("/isin/"&$A2,"TICKER"),"") | C2: =IFERROR(BDP("/isin/"&$A2,"SECURITY_DES"),"") | D2: =IFERROR(BDP("/isin/"&$A2,"CPN"),"") | E2: =IFERROR(BDP("/isin/"&$A2,"MATURITY"),"") | F2: =IFERROR(BDP("/isin/"&$A2,"ISSUE_DT"),"") | G2: =IFERROR(IF(E2="","",(E2-TODAY())/365.25),"") | H2: =IFERROR(BDP("/isin/"&$A2,"AMT_OUTSTANDING")/1000000,"") | I2: =IFERROR(BDP("/isin/"&$A2,"CRNCY"),"") | J2: =IFERROR(BDP("/isin/"&$A2,"CNTRY_OF_RISK"),"") | K2: =IFERROR(BDP("/isin/"&$A2,"RTG_SP_LT_FC"),"") | L2: =IFERROR(BDP("/isin/"&$A2,"RTG_MDY_LONG_TERM"),"") | M2: =IFERROR(BDP("/isin/"&$A2,"RTG_FITCH_LT_LC_DEBT"),"") | N2: =IFERROR(BDP("/isin/"&$A2,"BB_COMPOSITE"),"") | O2: =IFERROR(BDP("/isin/"&$A2,"DAY_CNT_DES"),"") | P2: =IFERROR(BDP("/isin/"&$A2,"CPN_FREQ"),"") | Q2: =IFERROR(BDP("/isin/"&$A2,"CALLABLE"),"")
B3: =IFERROR(BDP("/isin/"&$A3,"TICKER"),"") | C3: =IFERROR(BDP("/isin/"&$A3,"SECURITY_DES"),"") | D3: =IFERROR(BDP("/isin/"&$A3,"CPN"),"") | E3: =IFERROR(BDP("/isin/"&$A3,"MATURITY"),"") | F3: =IFERROR(BDP("/isin/"&$A3,"ISSUE_DT"),"") | G3: =IFERROR(IF(E3="","",(E3-TODAY())/365.25),"") | H3: =IFERROR(BDP("/isin/"&$A3,"AMT_OUTSTANDING")/1000000,"") | I3: =IFERROR(BDP("/isin/"&$A3,"CRNCY"),"") | J3: =IFERROR(BDP("/isin/"&$A3,"CNTRY_OF_RISK"),"") | K3: =IFERROR(BDP("/isin/"&$A3,"RTG_SP_LT_FC"),"") | L3: =IFERROR(BDP("/isin/"&$A3,"RTG_MDY_LONG_TERM"),"") | M3: =IFERROR(BDP("/isin/"&$A3,"RTG_FITCH_LT_LC_DEBT"),"") | N3: =IFERROR(BDP("/isin/"&$A3,"BB_COMPOSITE"),"") | O3: =IFERROR(BDP("/isin/"&$A3,"DAY_CNT_DES"),"") | P3: =IFERROR(BDP("/isin/"&$A3,"CPN_FREQ"),"") | Q3: =IFERROR(BDP("/isin/"&$A3,"CALLABLE"),"")
B4: =IFERROR(BDP("/isin/"&$A4,"TICKER"),"") | C4: =IFERROR(BDP("/isin/"&$A4,"SECURITY_DES"),"") | D4: =IFERROR(BDP("/isin/"&$A4,"CPN"),"") | E4: =IFERROR(BDP("/isin/"&$A4,"MATURITY"),"") | F4: =IFERROR(BDP("/isin/"&$A4,"ISSUE_DT"),"") | G4: =IFERROR(IF(E4="","",(E4-TODAY())/365.25),"") | H4: =IFERROR(BDP("/isin/"&$A4,"AMT_OUTSTANDING")/1000000,"") | I4: =IFERROR(BDP("/isin/"&$A4,"CRNCY"),"") | J4: =IFERROR(BDP("/isin/"&$A4,"CNTRY_OF_RISK"),"") | K4: =IFERROR(BDP("/isin/"&$A4,"RTG_SP_LT_FC"),"") | L4: =IFERROR(BDP("/isin/"&$A4,"RTG_MDY_LONG_TERM"),"") | M4: =IFERROR(BDP("/isin/"&$A4,"RTG_FITCH_LT_LC_DEBT"),"") | N4: =IFERROR(BDP("/isin/"&$A4,"BB_COMPOSITE"),"") | O4: =IFERROR(BDP("/isin/"&$A4,"DAY_CNT_DES"),"") | P4: =IFERROR(BDP("/isin/"&$A4,"CPN_FREQ"),"") | Q4: =IFERROR(BDP("/isin/"&$A4,"CALLABLE"),"")
B5: =IFERROR(BDP("/isin/"&$A5,"TICKER"),"") | C5: =IFERROR(BDP("/isin/"&$A5,"SECURITY_DES"),"") | D5: =IFERROR(BDP("/isin/"&$A5,"CPN"),"") | E5: =IFERROR(BDP("/isin/"&$A5,"MATURITY"),"") | F5: =IFERROR(BDP("/isin/"&$A5,"ISSUE_DT"),"") | G5: =IFERROR(IF(E5="","",(E5-TODAY())/365.25),"") | H5: =IFERROR(BDP("/isin/"&$A5,"AMT_OUTSTANDING")/1000000,"") | I5: =IFERROR(BDP("/isin/"&$A5,"CRNCY"),"") | J5: =IFERROR(BDP("/isin/"&$A5,"CNTRY_OF_RISK"),"") | K5: =IFERROR(BDP("/isin/"&$A5,"RTG_SP_LT_FC"),"") | L5: =IFERROR(BDP("/isin/"&$A5,"RTG_MDY_LONG_TERM"),"") | M5: =IFERROR(BDP("/isin/"&$A5,"RTG_FITCH_LT_LC_DEBT"),"") | N5: =IFERROR(BDP("/isin/"&$A5,"BB_COMPOSITE"),"") | O5: =IFERROR(BDP("/isin/"&$A5,"DAY_CNT_DES"),"") | P5: =IFERROR(BDP("/isin/"&$A5,"CPN_FREQ"),"") | Q5: =IFERROR(BDP("/isin/"&$A5,"CALLABLE"),"")
B6: =IFERROR(BDP("/isin/"&$A6,"TICKER"),"") | C6: =IFERROR(BDP("/isin/"&$A6,"SECURITY_DES"),"") | D6: =IFERROR(BDP("/isin/"&$A6,"CPN"),"") | E6: =IFERROR(BDP("/isin/"&$A6,"MATURITY"),"") | F6: =IFERROR(BDP("/isin/"&$A6,"ISSUE_DT"),"") | G6: =IFERROR(IF(E6="","",(E6-TODAY())/365.25),"") | H6: =IFERROR(BDP("/isin/"&$A6,"AMT_OUTSTANDING")/1000000,"") | I6: =IFERROR(BDP("/isin/"&$A6,"CRNCY"),"") | J6: =IFERROR(BDP("/isin/"&$A6,"CNTRY_OF_RISK"),"") | K6: =IFERROR(BDP("/isin/"&$A6,"RTG_SP_LT_FC"),"") | L6: =IFERROR(BDP("/isin/"&$A6,"RTG_MDY_LONG_TERM"),"") | M6: =IFERROR(BDP("/isin/"&$A6,"RTG_FITCH_LT_LC_DEBT"),"") | N6: =IFERROR(BDP("/isin/"&$A6,"BB_COMPOSITE"),"") | O6: =IFERROR(BDP("/isin/"&$A6,"DAY_CNT_DES"),"") | P6: =IFERROR(BDP("/isin/"&$A6,"CPN_FREQ"),"") | Q6: =IFERROR(BDP("/isin/"&$A6,"CALLABLE"),"")
B7: =IFERROR(BDP("/isin/"&$A7,"TICKER"),"") | C7: =IFERROR(BDP("/isin/"&$A7,"SECURITY_DES"),"") | D7: =IFERROR(BDP("/isin/"&$A7,"CPN"),"") | E7: =IFERROR(BDP("/isin/"&$A7,"MATURITY"),"") | F7: =IFERROR(BDP("/isin/"&$A7,"ISSUE_DT"),"") | G7: =IFERROR(IF(E7="","",(E7-TODAY())/365.25),"") | H7: =IFERROR(BDP("/isin/"&$A7,"AMT_OUTSTANDING")/1000000,"") | I7: =IFERROR(BDP("/isin/"&$A7,"CRNCY"),"") | J7: =IFERROR(BDP("/isin/"&$A7,"CNTRY_OF_RISK"),"") | K7: =IFERROR(BDP("/isin/"&$A7,"RTG_SP_LT_FC"),"") | L7: =IFERROR(BDP("/isin/"&$A7,"RTG_MDY_LONG_TERM"),"") | M7: =IFERROR(BDP("/isin/"&$A7,"RTG_FITCH_LT_LC_DEBT"),"") | N7: =IFERROR(BDP("/isin/"&$A7,"BB_COMPOSITE"),"") | O7: =IFERROR(BDP("/isin/"&$A7,"DAY_CNT_DES"),"") | P7: =IFERROR(BDP("/isin/"&$A7,"CPN_FREQ"),"") | Q7: =IFERROR(BDP("/isin/"&$A7,"CALLABLE"),"")
B8: =IFERROR(BDP("/isin/"&$A8,"TICKER"),"") | C8: =IFERROR(BDP("/isin/"&$A8,"SECURITY_DES"),"") | D8: =IFERROR(BDP("/isin/"&$A8,"CPN"),"") | E8: =IFERROR(BDP("/isin/"&$A8,"MATURITY"),"") | F8: =IFERROR(BDP("/isin/"&$A8,"ISSUE_DT"),"") | G8: =IFERROR(IF(E8="","",(E8-TODAY())/365.25),"") | H8: =IFERROR(BDP("/isin/"&$A8,"AMT_OUTSTANDING")/1000000,"") | I8: =IFERROR(BDP("/isin/"&$A8,"CRNCY"),"") | J8: =IFERROR(BDP("/isin/"&$A8,"CNTRY_OF_RISK"),"") | K8: =IFERROR(BDP("/isin/"&$A8,"RTG_SP_LT_FC"),"") | L8: =IFERROR(BDP("/isin/"&$A8,"RTG_MDY_LONG_TERM"),"") | M8: =IFERROR(BDP("/isin/"&$A8,"RTG_FITCH_LT_LC_DEBT"),"") | N8: =IFERROR(BDP("/isin/"&$A8,"BB_COMPOSITE"),"") | O8: =IFERROR(BDP("/isin/"&$A8,"DAY_CNT_DES"),"") | P8: =IFERROR(BDP("/isin/"&$A8,"CPN_FREQ"),"") | Q8: =IFERROR(BDP("/isin/"&$A8,"CALLABLE"),"")
B9: =IFERROR(BDP("/isin/"&$A9,"TICKER"),"") | C9: =IFERROR(BDP("/isin/"&$A9,"SECURITY_DES"),"") | D9: =IFERROR(BDP("/isin/"&$A9,"CPN"),"") | E9: =IFERROR(BDP("/isin/"&$A9,"MATURITY"),"") | F9: =IFERROR(BDP("/isin/"&$A9,"ISSUE_DT"),"") | G9: =IFERROR(IF(E9="","",(E9-TODAY())/365.25),"") | H9: =IFERROR(BDP("/isin/"&$A9,"AMT_OUTSTANDING")/1000000,"") | I9: =IFERROR(BDP("/isin/"&$A9,"CRNCY"),"") | J9: =IFERROR(BDP("/isin/"&$A9,"CNTRY_OF_RISK"),"") | K9: =IFERROR(BDP("/isin/"&$A9,"RTG_SP_LT_FC"),"") | L9: =IFERROR(BDP("/isin/"&$A9,"RTG_MDY_LONG_TERM"),"") | M9: =IFERROR(BDP("/isin/"&$A9,"RTG_FITCH_LT_LC_DEBT"),"") | N9: =IFERROR(BDP("/isin/"&$A9,"BB_COMPOSITE"),"") | O9: =IFERROR(BDP("/isin/"&$A9,"DAY_CNT_DES"),"") | P9: =IFERROR(BDP("/isin/"&$A9,"CPN_FREQ"),"") | Q9: =IFERROR(BDP("/isin/"&$A9,"CALLABLE"),"")
B10: =IFERROR(BDP("/isin/"&$A10,"TICKER"),"") | C10: =IFERROR(BDP("/isin/"&$A10,"SECURITY_DES"),"") | D10: =IFERROR(BDP("/isin/"&$A10,"CPN"),"") | E10: =IFERROR(BDP("/isin/"&$A10,"MATURITY"),"") | F10: =IFERROR(BDP("/isin/"&$A10,"ISSUE_DT"),"") | G10: =IFERROR(IF(E10="","",(E10-TODAY())/365.25),"") | H10: =IFERROR(BDP("/isin/"&$A10,"AMT_OUTSTANDING")/1000000,"") | I10: =IFERROR(BDP("/isin/"&$A10,"CRNCY"),"") | J10: =IFERROR(BDP("/isin/"&$A10,"CNTRY_OF_RISK"),"") | K10: =IFERROR(BDP("/isin/"&$A10,"RTG_SP_LT_FC"),"") | L10: =IFERROR(BDP("/isin/"&$A10,"RTG_MDY_LONG_TERM"),"") | M10: =IFERROR(BDP("/isin/"&$A10,"RTG_FITCH_LT_LC_DEBT"),"") | N10: =IFERROR(BDP("/isin/"&$A10,"BB_COMPOSITE"),"") | O10: =IFERROR(BDP("/isin/"&$A10,"DAY_CNT_DES"),"") | P10: =IFERROR(BDP("/isin/"&$A10,"CPN_FREQ"),"") | Q10: =IFERROR(BDP("/isin/"&$A10,"CALLABLE"),"")
B11: =IFERROR(BDP("/isin/"&$A11,"TICKER"),"") | C11: =IFERROR(BDP("/isin/"&$A11,"SECURITY_DES"),"") | D11: =IFERROR(BDP("/isin/"&$A11,"CPN"),"") | E11: =IFERROR(BDP("/isin/"&$A11,"MATURITY"),"") | F11: =IFERROR(BDP("/isin/"&$A11,"ISSUE_DT"),"") | G11: =IFERROR(IF(E11="","",(E11-TODAY())/365.25),"") | H11: =IFERROR(BDP("/isin/"&$A11,"AMT_OUTSTANDING")/1000000,"") | I11: =IFERROR(BDP("/isin/"&$A11,"CRNCY"),"") | J11: =IFERROR(BDP("/isin/"&$A11,"CNTRY_OF_RISK"),"") | K11: =IFERROR(BDP("/isin/"&$A11,"RTG_SP_LT_FC"),"") | L11: =IFERROR(BDP("/isin/"&$A11,"RTG_MDY_LONG_TERM"),"") | M11: =IFERROR(BDP("/isin/"&$A11,"RTG_FITCH_LT_LC_DEBT"),"") | N11: =IFERROR(BDP("/isin/"&$A11,"BB_COMPOSITE"),"") | O11: =IFERROR(BDP("/isin/"&$A11,"DAY_CNT_DES"),"") | P11: =IFERROR(BDP("/isin/"&$A11,"CPN_FREQ"),"") | Q11: =IFERROR(BDP("/isin/"&$A11,"CALLABLE"),"")
B12: =IFERROR(BDP("/isin/"&$A12,"TICKER"),"") | C12: =IFERROR(BDP("/isin/"&$A12,"SECURITY_DES"),"") | D12: =IFERROR(BDP("/isin/"&$A12,"CPN"),"") | E12: =IFERROR(BDP("/isin/"&$A12,"MATURITY"),"") | F12: =IFERROR(BDP("/isin/"&$A12,"ISSUE_DT"),"") | G12: =IFERROR(IF(E12="","",(E12-TODAY())/365.25),"") | H12: =IFERROR(BDP("/isin/"&$A12,"AMT_OUTSTANDING")/1000000,"") | I12: =IFERROR(BDP("/isin/"&$A12,"CRNCY"),"") | J12: =IFERROR(BDP("/isin/"&$A12,"CNTRY_OF_RISK"),"") | K12: =IFERROR(BDP("/isin/"&$A12,"RTG_SP_LT_FC"),"") | L12: =IFERROR(BDP("/isin/"&$A12,"RTG_MDY_LONG_TERM"),"") | M12: =IFERROR(BDP("/isin/"&$A12,"RTG_FITCH_LT_LC_DEBT"),"") | N12: =IFERROR(BDP("/isin/"&$A12,"BB_COMPOSITE"),"") | O12: =IFERROR(BDP("/isin/"&$A12,"DAY_CNT_DES"),"") | P12: =IFERROR(BDP("/isin/"&$A12,"CPN_FREQ"),"") | Q12: =IFERROR(BDP("/isin/"&$A12,"CALLABLE"),"")
B13: =IFERROR(BDP("/isin/"&$A13,"TICKER"),"") | C13: =IFERROR(BDP("/isin/"&$A13,"SECURITY_DES"),"") | D13: =IFERROR(BDP("/isin/"&$A13,"CPN"),"") | E13: =IFERROR(BDP("/isin/"&$A13,"MATURITY"),"") | F13: =IFERROR(BDP("/isin/"&$A13,"ISSUE_DT"),"") | G13: =IFERROR(IF(E13="","",(E13-TODAY())/365.25),"") | H13: =IFERROR(BDP("/isin/"&$A13,"AMT_OUTSTANDING")/1000000,"") | I13: =IFERROR(BDP("/isin/"&$A13,"CRNCY"),"") | J13: =IFERROR(BDP("/isin/"&$A13,"CNTRY_OF_RISK"),"") | K13: =IFERROR(BDP("/isin/"&$A13,"RTG_SP_LT_FC"),"") | L13: =IFERROR(BDP("/isin/"&$A13,"RTG_MDY_LONG_TERM"),"") | M13: =IFERROR(BDP("/isin/"&$A13,"RTG_FITCH_LT_LC_DEBT"),"") | N13: =IFERROR(BDP("/isin/"&$A13,"BB_COMPOSITE"),"") | O13: =IFERROR(BDP("/isin/"&$A13,"DAY_CNT_DES"),"") | P13: =IFERROR(BDP("/isin/"&$A13,"CPN_FREQ"),"") | Q13: =IFERROR(BDP("/isin/"&$A13,"CALLABLE"),"")
... B26: =IFERROR(BDP("/isin/"&$A26,"TICKER"),"") | C26: =IFERROR(BDP("/isin/"&$A26,"SECURITY_DES"),"") | D26: =IFERROR(BDP("/isin/"&$A26,"CPN"),"") | E26: =IFERROR(BDP("/isin/"&$A26,"MATURITY"),"") | F26: =IFERROR(BDP("/isin/"&$A26,"ISSUE_DT"),"") | G26: =IFERROR(IF(E26="","",(E26-TODAY())/365.25),"") | H26: =IFERROR(BDP("/isin/"&$A26,"AMT_OUTSTANDING")/1000000,"") | I26: =IFERROR(BDP("/isin/"&$A26,"CRNCY"),"") | J26: =IFERROR(BDP("/isin/"&$A26,"CNTRY_OF_RISK"),"") | K26: =IFERROR(BDP("/isin/"&$A26,"RTG_SP_LT_FC"),"") | L26: =IFERROR(BDP("/isin/"&$A26,"RTG_MDY_LONG_TERM"),"") | M26: =IFERROR(BDP("/isin/"&$A26,"RTG_FITCH_LT_LC_DEBT"),"") | N26: =IFERROR(BDP("/isin/"&$A26,"BB_COMPOSITE"),"") | O26: =IFERROR(BDP("/isin/"&$A26,"DAY_CNT_DES"),"") | P26: =IFERROR(BDP("/isin/"&$A26,"CPN_FREQ"),"") | Q26: =IFERROR(BDP("/isin/"&$A26,"CALLABLE"),"")

Sheet Bonds_Live
A1: ISIN | B1: Description | C1: Yrs to Maty | D1: Px Bid | E1: Px Ask | F1: Px Mid | G1: Px Last | H1: Bid-Ask (pts) | I1: YTM Bid (%) | J1: YTM Ask (%) | K1: YTM Mid (%) | L1: Z-Spread (bp) | M1: G-Spread (bp) | N1: I-Spread (bp) | O1: OAS (bp) | P1: ASW (bp) | Q1: Mod Duration | R1: Spread Duration | S1: Convexity | T1: DV01 ($/mm) | U1: 1D % | V1: 5D % | W1: 1M %
A2: =IFERROR(IF(Bonds_Static!A2="","",Bonds_Static!A2),"") | B2: =IFERROR(IF(Bonds_Static!C2="","",Bonds_Static!C2),"") | C2: =IFERROR(IF(Bonds_Static!G2="","",Bonds_Static!G2),"") | D2: =IFERROR(BDP("/isin/"&$A2,"PX_BID"),"") | E2: =IFERROR(BDP("/isin/"&$A2,"PX_ASK"),"") | F2: =IFERROR(BDP("/isin/"&$A2,"PX_MID"),"") | G2: =IFERROR(BDP("/isin/"&$A2,"PX_LAST"),"") | H2: =IFERROR(IF(OR(E2="",D2=""),"",E2-D2),"") | I2: =IFERROR(BDP("/isin/"&$A2,"YLD_YTM_BID"),"") | J2: =IFERROR(BDP("/isin/"&$A2,"YLD_YTM_ASK"),"") | K2: =IFERROR(BDP("/isin/"&$A2,"YLD_YTM_MID"),"") | L2: =IFERROR(BDP("/isin/"&$A2,"YAS_ZSPREAD"),"") | M2: =IFERROR(BDP("/isin/"&$A2,"YAS_BOND_SPRD"),"") | N2: =IFERROR(BDP("/isin/"&$A2,"YAS_ISPREAD"),"") | O2: =IFERROR(BDP("/isin/"&$A2,"YAS_OAS"),"") | P2: =IFERROR(BDP("/isin/"&$A2,"YAS_ASW_SPREAD"),"") | Q2: =IFERROR(BDP("/isin/"&$A2,"DUR_ADJ_MID"),"") | R2: =IFERROR(BDP("/isin/"&$A2,"DUR_SPRD_MID"),"") | S2: =IFERROR(BDP("/isin/"&$A2,"CONVEXITY_MID"),"") | T2: =IFERROR(BDP("/isin/"&$A2,"RISK_MID"),"") | U2: =IFERROR(BDP("/isin/"&$A2,"PX_CHG_PCT_1D"),"") | V2: =IFERROR(BDP("/isin/"&$A2,"PX_CHG_PCT_5D"),"") | W2: =IFERROR(BDP("/isin/"&$A2,"PX_CHG_PCT_1MO"),"")
A3: =IFERROR(IF(Bonds_Static!A3="","",Bonds_Static!A3),"") | B3: =IFERROR(IF(Bonds_Static!C3="","",Bonds_Static!C3),"") | C3: =IFERROR(IF(Bonds_Static!G3="","",Bonds_Static!G3),"") | D3: =IFERROR(BDP("/isin/"&$A3,"PX_BID"),"") | E3: =IFERROR(BDP("/isin/"&$A3,"PX_ASK"),"") | F3: =IFERROR(BDP("/isin/"&$A3,"PX_MID"),"") | G3: =IFERROR(BDP("/isin/"&$A3,"PX_LAST"),"") | H3: =IFERROR(IF(OR(E3="",D3=""),"",E3-D3),"") | I3: =IFERROR(BDP("/isin/"&$A3,"YLD_YTM_BID"),"") | J3: =IFERROR(BDP("/isin/"&$A3,"YLD_YTM_ASK"),"") | K3: =IFERROR(BDP("/isin/"&$A3,"YLD_YTM_MID"),"") | L3: =IFERROR(BDP("/isin/"&$A3,"YAS_ZSPREAD"),"") | M3: =IFERROR(BDP("/isin/"&$A3,"YAS_BOND_SPRD"),"") | N3: =IFERROR(BDP("/isin/"&$A3,"YAS_ISPREAD"),"") | O3: =IFERROR(BDP("/isin/"&$A3,"YAS_OAS"),"") | P3: =IFERROR(BDP("/isin/"&$A3,"YAS_ASW_SPREAD"),"") | Q3: =IFERROR(BDP("/isin/"&$A3,"DUR_ADJ_MID"),"") | R3: =IFERROR(BDP("/isin/"&$A3,"DUR_SPRD_MID"),"") | S3: =IFERROR(BDP("/isin/"&$A3,"CONVEXITY_MID"),"") | T3: =IFERROR(BDP("/isin/"&$A3,"RISK_MID"),"") | U3: =IFERROR(BDP("/isin/"&$A3,"PX_CHG_PCT_1D"),"") | V3: =IFERROR(BDP("/isin/"&$A3,"PX_CHG_PCT_5D"),"") | W3: =IFERROR(BDP("/isin/"&$A3,"PX_CHG_PCT_1MO"),"")
A4: =IFERROR(IF(Bonds_Static!A4="","",Bonds_Static!A4),"") | B4: =IFERROR(IF(Bonds_Static!C4="","",Bonds_Static!C4),"") | C4: =IFERROR(IF(Bonds_Static!G4="","",Bonds_Static!G4),"") | D4: =IFERROR(BDP("/isin/"&$A4,"PX_BID"),"") | E4: =IFERROR(BDP("/isin/"&$A4,"PX_ASK"),"") | F4: =IFERROR(BDP("/isin/"&$A4,"PX_MID"),"") | G4: =IFERROR(BDP("/isin/"&$A4,"PX_LAST"),"") | H4: =IFERROR(IF(OR(E4="",D4=""),"",E4-D4),"") | I4: =IFERROR(BDP("/isin/"&$A4,"YLD_YTM_BID"),"") | J4: =IFERROR(BDP("/isin/"&$A4,"YLD_YTM_ASK"),"") | K4: =IFERROR(BDP("/isin/"&$A4,"YLD_YTM_MID"),"") | L4: =IFERROR(BDP("/isin/"&$A4,"YAS_ZSPREAD"),"") | M4: =IFERROR(BDP("/isin/"&$A4,"YAS_BOND_SPRD"),"") | N4: =IFERROR(BDP("/isin/"&$A4,"YAS_ISPREAD"),"") | O4: =IFERROR(BDP("/isin/"&$A4,"YAS_OAS"),"") | P4: =IFERROR(BDP("/isin/"&$A4,"YAS_ASW_SPREAD"),"") | Q4: =IFERROR(BDP("/isin/"&$A4,"DUR_ADJ_MID"),"") | R4: =IFERROR(BDP("/isin/"&$A4,"DUR_SPRD_MID"),"") | S4: =IFERROR(BDP("/isin/"&$A4,"CONVEXITY_MID"),"") | T4: =IFERROR(BDP("/isin/"&$A4,"RISK_MID"),"") | U4: =IFERROR(BDP("/isin/"&$A4,"PX_CHG_PCT_1D"),"") | V4: =IFERROR(BDP("/isin/"&$A4,"PX_CHG_PCT_5D"),"") | W4: =IFERROR(BDP("/isin/"&$A4,"PX_CHG_PCT_1MO"),"")
A5: =IFERROR(IF(Bonds_Static!A5="","",Bonds_Static!A5),"") | B5: =IFERROR(IF(Bonds_Static!C5="","",Bonds_Static!C5),"") | C5: =IFERROR(IF(Bonds_Static!G5="","",Bonds_Static!G5),"") | D5: =IFERROR(BDP("/isin/"&$A5,"PX_BID"),"") | E5: =IFERROR(BDP("/isin/"&$A5,"PX_ASK"),"") | F5: =IFERROR(BDP("/isin/"&$A5,"PX_MID"),"") | G5: =IFERROR(BDP("/isin/"&$A5,"PX_LAST"),"") | H5: =IFERROR(IF(OR(E5="",D5=""),"",E5-D5),"") | I5: =IFERROR(BDP("/isin/"&$A5,"YLD_YTM_BID"),"") | J5: =IFERROR(BDP("/isin/"&$A5,"YLD_YTM_ASK"),"") | K5: =IFERROR(BDP("/isin/"&$A5,"YLD_YTM_MID"),"") | L5: =IFERROR(BDP("/isin/"&$A5,"YAS_ZSPREAD"),"") | M5: =IFERROR(BDP("/isin/"&$A5,"YAS_BOND_SPRD"),"") | N5: =IFERROR(BDP("/isin/"&$A5,"YAS_ISPREAD"),"") | O5: =IFERROR(BDP("/isin/"&$A5,"YAS_OAS"),"") | P5: =IFERROR(BDP("/isin/"&$A5,"YAS_ASW_SPREAD"),"") | Q5: =IFERROR(BDP("/isin/"&$A5,"DUR_ADJ_MID"),"") | R5: =IFERROR(BDP("/isin/"&$A5,"DUR_SPRD_MID"),"") | S5: =IFERROR(BDP("/isin/"&$A5,"CONVEXITY_MID"),"") | T5: =IFERROR(BDP("/isin/"&$A5,"RISK_MID"),"") | U5: =IFERROR(BDP("/isin/"&$A5,"PX_CHG_PCT_1D"),"") | V5: =IFERROR(BDP("/isin/"&$A5,"PX_CHG_PCT_5D"),"") | W5: =IFERROR(BDP("/isin/"&$A5,"PX_CHG_PCT_1MO"),"")
A6: =IFERROR(IF(Bonds_Static!A6="","",Bonds_Static!A6),"") | B6: =IFERROR(IF(Bonds_Static!C6="","",Bonds_Static!C6),"") | C6: =IFERROR(IF(Bonds_Static!G6="","",Bonds_Static!G6),"") | D6: =IFERROR(BDP("/isin/"&$A6,"PX_BID"),"") | E6: =IFERROR(BDP("/isin/"&$A6,"PX_ASK"),"") | F6: =IFERROR(BDP("/isin/"&$A6,"PX_MID"),"") | G6: =IFERROR(BDP("/isin/"&$A6,"PX_LAST"),"") | H6: =IFERROR(IF(OR(E6="",D6=""),"",E6-D6),"") | I6: =IFERROR(BDP("/isin/"&$A6,"YLD_YTM_BID"),"") | J6: =IFERROR(BDP("/isin/"&$A6,"YLD_YTM_ASK"),"") | K6: =IFERROR(BDP("/isin/"&$A6,"YLD_YTM_MID"),"") | L6: =IFERROR(BDP("/isin/"&$A6,"YAS_ZSPREAD"),"") | M6: =IFERROR(BDP("/isin/"&$A6,"YAS_BOND_SPRD"),"") | N6: =IFERROR(BDP("/isin/"&$A6,"YAS_ISPREAD"),"") | O6: =IFERROR(BDP("/isin/"&$A6,"YAS_OAS"),"") | P6: =IFERROR(BDP("/isin/"&$A6,"YAS_ASW_SPREAD"),"") | Q6: =IFERROR(BDP("/isin/"&$A6,"DUR_ADJ_MID"),"") | R6: =IFERROR(BDP("/isin/"&$A6,"DUR_SPRD_MID"),"") | S6: =IFERROR(BDP("/isin/"&$A6,"CONVEXITY_MID"),"") | T6: =IFERROR(BDP("/isin/"&$A6,"RISK_MID"),"") | U6: =IFERROR(BDP("/isin/"&$A6,"PX_CHG_PCT_1D"),"") | V6: =IFERROR(BDP("/isin/"&$A6,"PX_CHG_PCT_5D"),"") | W6: =IFERROR(BDP("/isin/"&$A6,"PX_CHG_PCT_1MO"),"")
A7: =IFERROR(IF(Bonds_Static!A7="","",Bonds_Static!A7),"") | B7: =IFERROR(IF(Bonds_Static!C7="","",Bonds_Static!C7),"") | C7: =IFERROR(IF(Bonds_Static!G7="","",Bonds_Static!G7),"") | D7: =IFERROR(BDP("/isin/"&$A7,"PX_BID"),"") | E7: =IFERROR(BDP("/isin/"&$A7,"PX_ASK"),"") | F7: =IFERROR(BDP("/isin/"&$A7,"PX_MID"),"") | G7: =IFERROR(BDP("/isin/"&$A7,"PX_LAST"),"") | H7: =IFERROR(IF(OR(E7="",D7=""),"",E7-D7),"") | I7: =IFERROR(BDP("/isin/"&$A7,"YLD_YTM_BID"),"") | J7: =IFERROR(BDP("/isin/"&$A7,"YLD_YTM_ASK"),"") | K7: =IFERROR(BDP("/isin/"&$A7,"YLD_YTM_MID"),"") | L7: =IFERROR(BDP("/isin/"&$A7,"YAS_ZSPREAD"),"") | M7: =IFERROR(BDP("/isin/"&$A7,"YAS_BOND_SPRD"),"") | N7: =IFERROR(BDP("/isin/"&$A7,"YAS_ISPREAD"),"") | O7: =IFERROR(BDP("/isin/"&$A7,"YAS_OAS"),"") | P7: =IFERROR(BDP("/isin/"&$A7,"YAS_ASW_SPREAD"),"") | Q7: =IFERROR(BDP("/isin/"&$A7,"DUR_ADJ_MID"),"") | R7: =IFERROR(BDP("/isin/"&$A7,"DUR_SPRD_MID"),"") | S7: =IFERROR(BDP("/isin/"&$A7,"CONVEXITY_MID"),"") | T7: =IFERROR(BDP("/isin/"&$A7,"RISK_MID"),"") | U7: =IFERROR(BDP("/isin/"&$A7,"PX_CHG_PCT_1D"),"") | V7: =IFERROR(BDP("/isin/"&$A7,"PX_CHG_PCT_5D"),"") | W7: =IFERROR(BDP("/isin/"&$A7,"PX_CHG_PCT_1MO"),"")
A8: =IFERROR(IF(Bonds_Static!A8="","",Bonds_Static!A8),"") | B8: =IFERROR(IF(Bonds_Static!C8="","",Bonds_Static!C8),"") | C8: =IFERROR(IF(Bonds_Static!G8="","",Bonds_Static!G8),"") | D8: =IFERROR(BDP("/isin/"&$A8,"PX_BID"),"") | E8: =IFERROR(BDP("/isin/"&$A8,"PX_ASK"),"") | F8: =IFERROR(BDP("/isin/"&$A8,"PX_MID"),"") | G8: =IFERROR(BDP("/isin/"&$A8,"PX_LAST"),"") | H8: =IFERROR(IF(OR(E8="",D8=""),"",E8-D8),"") | I8: =IFERROR(BDP("/isin/"&$A8,"YLD_YTM_BID"),"") | J8: =IFERROR(BDP("/isin/"&$A8,"YLD_YTM_ASK"),"") | K8: =IFERROR(BDP("/isin/"&$A8,"YLD_YTM_MID"),"") | L8: =IFERROR(BDP("/isin/"&$A8,"YAS_ZSPREAD"),"") | M8: =IFERROR(BDP("/isin/"&$A8,"YAS_BOND_SPRD"),"") | N8: =IFERROR(BDP("/isin/"&$A8,"YAS_ISPREAD"),"") | O8: =IFERROR(BDP("/isin/"&$A8,"YAS_OAS"),"") | P8: =IFERROR(BDP("/isin/"&$A8,"YAS_ASW_SPREAD"),"") | Q8: =IFERROR(BDP("/isin/"&$A8,"DUR_ADJ_MID"),"") | R8: =IFERROR(BDP("/isin/"&$A8,"DUR_SPRD_MID"),"") | S8: =IFERROR(BDP("/isin/"&$A8,"CONVEXITY_MID"),"") | T8: =IFERROR(BDP("/isin/"&$A8,"RISK_MID"),"") | U8: =IFERROR(BDP("/isin/"&$A8,"PX_CHG_PCT_1D"),"") | V8: =IFERROR(BDP("/isin/"&$A8,"PX_CHG_PCT_5D"),"") | W8: =IFERROR(BDP("/isin/"&$A8,"PX_CHG_PCT_1MO"),"")
A9: =IFERROR(IF(Bonds_Static!A9="","",Bonds_Static!A9),"") | B9: =IFERROR(IF(Bonds_Static!C9="","",Bonds_Static!C9),"") | C9: =IFERROR(IF(Bonds_Static!G9="","",Bonds_Static!G9),"") | D9: =IFERROR(BDP("/isin/"&$A9,"PX_BID"),"") | E9: =IFERROR(BDP("/isin/"&$A9,"PX_ASK"),"") | F9: =IFERROR(BDP("/isin/"&$A9,"PX_MID"),"") | G9: =IFERROR(BDP("/isin/"&$A9,"PX_LAST"),"") | H9: =IFERROR(IF(OR(E9="",D9=""),"",E9-D9),"") | I9: =IFERROR(BDP("/isin/"&$A9,"YLD_YTM_BID"),"") | J9: =IFERROR(BDP("/isin/"&$A9,"YLD_YTM_ASK"),"") | K9: =IFERROR(BDP("/isin/"&$A9,"YLD_YTM_MID"),"") | L9: =IFERROR(BDP("/isin/"&$A9,"YAS_ZSPREAD"),"") | M9: =IFERROR(BDP("/isin/"&$A9,"YAS_BOND_SPRD"),"") | N9: =IFERROR(BDP("/isin/"&$A9,"YAS_ISPREAD"),"") | O9: =IFERROR(BDP("/isin/"&$A9,"YAS_OAS"),"") | P9: =IFERROR(BDP("/isin/"&$A9,"YAS_ASW_SPREAD"),"") | Q9: =IFERROR(BDP("/isin/"&$A9,"DUR_ADJ_MID"),"") | R9: =IFERROR(BDP("/isin/"&$A9,"DUR_SPRD_MID"),"") | S9: =IFERROR(BDP("/isin/"&$A9,"CONVEXITY_MID"),"") | T9: =IFERROR(BDP("/isin/"&$A9,"RISK_MID"),"") | U9: =IFERROR(BDP("/isin/"&$A9,"PX_CHG_PCT_1D"),"") | V9: =IFERROR(BDP("/isin/"&$A9,"PX_CHG_PCT_5D"),"") | W9: =IFERROR(BDP("/isin/"&$A9,"PX_CHG_PCT_1MO"),"")
A10: =IFERROR(IF(Bonds_Static!A10="","",Bonds_Static!A10),"") | B10: =IFERROR(IF(Bonds_Static!C10="","",Bonds_Static!C10),"") | C10: =IFERROR(IF(Bonds_Static!G10="","",Bonds_Static!G10),"") | D10: =IFERROR(BDP("/isin/"&$A10,"PX_BID"),"") | E10: =IFERROR(BDP("/isin/"&$A10,"PX_ASK"),"") | F10: =IFERROR(BDP("/isin/"&$A10,"PX_MID"),"") | G10: =IFERROR(BDP("/isin/"&$A10,"PX_LAST"),"") | H10: =IFERROR(IF(OR(E10="",D10=""),"",E10-D10),"") | I10: =IFERROR(BDP("/isin/"&$A10,"YLD_YTM_BID"),"") | J10: =IFERROR(BDP("/isin/"&$A10,"YLD_YTM_ASK"),"") | K10: =IFERROR(BDP("/isin/"&$A10,"YLD_YTM_MID"),"") | L10: =IFERROR(BDP("/isin/"&$A10,"YAS_ZSPREAD"),"") | M10: =IFERROR(BDP("/isin/"&$A10,"YAS_BOND_SPRD"),"") | N10: =IFERROR(BDP("/isin/"&$A10,"YAS_ISPREAD"),"") | O10: =IFERROR(BDP("/isin/"&$A10,"YAS_OAS"),"") | P10: =IFERROR(BDP("/isin/"&$A10,"YAS_ASW_SPREAD"),"") | Q10: =IFERROR(BDP("/isin/"&$A10,"DUR_ADJ_MID"),"") | R10: =IFERROR(BDP("/isin/"&$A10,"DUR_SPRD_MID"),"") | S10: =IFERROR(BDP("/isin/"&$A10,"CONVEXITY_MID"),"") | T10: =IFERROR(BDP("/isin/"&$A10,"RISK_MID"),"") | U10: =IFERROR(BDP("/isin/"&$A10,"PX_CHG_PCT_1D"),"") | V10: =IFERROR(BDP("/isin/"&$A10,"PX_CHG_PCT_5D"),"") | W10: =IFERROR(BDP("/isin/"&$A10,"PX_CHG_PCT_1MO"),"")
A11: =IFERROR(IF(Bonds_Static!A11="","",Bonds_Static!A11),"") | B11: =IFERROR(IF(Bonds_Static!C11="","",Bonds_Static!C11),"") | C11: =IFERROR(IF(Bonds_Static!G11="","",Bonds_Static!G11),"") | D11: =IFERROR(BDP("/isin/"&$A11,"PX_BID"),"") | E11: =IFERROR(BDP("/isin/"&$A11,"PX_ASK"),"") | F11: =IFERROR(BDP("/isin/"&$A11,"PX_MID"),"") | G11: =IFERROR(BDP("/isin/"&$A11,"PX_LAST"),"") | H11: =IFERROR(IF(OR(E11="",D11=""),"",E11-D11),"") | I11: =IFERROR(BDP("/isin/"&$A11,"YLD_YTM_BID"),"") | J11: =IFERROR(BDP("/isin/"&$A11,"YLD_YTM_ASK"),"") | K11: =IFERROR(BDP("/isin/"&$A11,"YLD_YTM_MID"),"") | L11: =IFERROR(BDP("/isin/"&$A11,"YAS_ZSPREAD"),"") | M11: =IFERROR(BDP("/isin/"&$A11,"YAS_BOND_SPRD"),"") | N11: =IFERROR(BDP("/isin/"&$A11,"YAS_ISPREAD"),"") | O11: =IFERROR(BDP("/isin/"&$A11,"YAS_OAS"),"") | P11: =IFERROR(BDP("/isin/"&$A11,"YAS_ASW_SPREAD"),"") | Q11: =IFERROR(BDP("/isin/"&$A11,"DUR_ADJ_MID"),"") | R11: =IFERROR(BDP("/isin/"&$A11,"DUR_SPRD_MID"),"") | S11: =IFERROR(BDP("/isin/"&$A11,"CONVEXITY_MID"),"") | T11: =IFERROR(BDP("/isin/"&$A11,"RISK_MID"),"") | U11: =IFERROR(BDP("/isin/"&$A11,"PX_CHG_PCT_1D"),"") | V11: =IFERROR(BDP("/isin/"&$A11,"PX_CHG_PCT_5D"),"") | W11: =IFERROR(BDP("/isin/"&$A11,"PX_CHG_PCT_1MO"),"")
A12: =IFERROR(IF(Bonds_Static!A12="","",Bonds_Static!A12),"") | B12: =IFERROR(IF(Bonds_Static!C12="","",Bonds_Static!C12),"") | C12: =IFERROR(IF(Bonds_Static!G12="","",Bonds_Static!G12),"") | D12: =IFERROR(BDP("/isin/"&$A12,"PX_BID"),"") | E12: =IFERROR(BDP("/isin/"&$A12,"PX_ASK"),"") | F12: =IFERROR(BDP("/isin/"&$A12,"PX_MID"),"") | G12: =IFERROR(BDP("/isin/"&$A12,"PX_LAST"),"") | H12: =IFERROR(IF(OR(E12="",D12=""),"",E12-D12),"") | I12: =IFERROR(BDP("/isin/"&$A12,"YLD_YTM_BID"),"") | J12: =IFERROR(BDP("/isin/"&$A12,"YLD_YTM_ASK"),"") | K12: =IFERROR(BDP("/isin/"&$A12,"YLD_YTM_MID"),"") | L12: =IFERROR(BDP("/isin/"&$A12,"YAS_ZSPREAD"),"") | M12: =IFERROR(BDP("/isin/"&$A12,"YAS_BOND_SPRD"),"") | N12: =IFERROR(BDP("/isin/"&$A12,"YAS_ISPREAD"),"") | O12: =IFERROR(BDP("/isin/"&$A12,"YAS_OAS"),"") | P12: =IFERROR(BDP("/isin/"&$A12,"YAS_ASW_SPREAD"),"") | Q12: =IFERROR(BDP("/isin/"&$A12,"DUR_ADJ_MID"),"") | R12: =IFERROR(BDP("/isin/"&$A12,"DUR_SPRD_MID"),"") | S12: =IFERROR(BDP("/isin/"&$A12,"CONVEXITY_MID"),"") | T12: =IFERROR(BDP("/isin/"&$A12,"RISK_MID"),"") | U12: =IFERROR(BDP("/isin/"&$A12,"PX_CHG_PCT_1D"),"") | V12: =IFERROR(BDP("/isin/"&$A12,"PX_CHG_PCT_5D"),"") | W12: =IFERROR(BDP("/isin/"&$A12,"PX_CHG_PCT_1MO"),"")
A13: =IFERROR(IF(Bonds_Static!A13="","",Bonds_Static!A13),"") | B13: =IFERROR(IF(Bonds_Static!C13="","",Bonds_Static!C13),"") | C13: =IFERROR(IF(Bonds_Static!G13="","",Bonds_Static!G13),"") | D13: =IFERROR(BDP("/isin/"&$A13,"PX_BID"),"") | E13: =IFERROR(BDP("/isin/"&$A13,"PX_ASK"),"") | F13: =IFERROR(BDP("/isin/"&$A13,"PX_MID"),"") | G13: =IFERROR(BDP("/isin/"&$A13,"PX_LAST"),"") | H13: =IFERROR(IF(OR(E13="",D13=""),"",E13-D13),"") | I13: =IFERROR(BDP("/isin/"&$A13,"YLD_YTM_BID"),"") | J13: =IFERROR(BDP("/isin/"&$A13,"YLD_YTM_ASK"),"") | K13: =IFERROR(BDP("/isin/"&$A13,"YLD_YTM_MID"),"") | L13: =IFERROR(BDP("/isin/"&$A13,"YAS_ZSPREAD"),"") | M13: =IFERROR(BDP("/isin/"&$A13,"YAS_BOND_SPRD"),"") | N13: =IFERROR(BDP("/isin/"&$A13,"YAS_ISPREAD"),"") | O13: =IFERROR(BDP("/isin/"&$A13,"YAS_OAS"),"") | P13: =IFERROR(BDP("/isin/"&$A13,"YAS_ASW_SPREAD"),"") | Q13: =IFERROR(BDP("/isin/"&$A13,"DUR_ADJ_MID"),"") | R13: =IFERROR(BDP("/isin/"&$A13,"DUR_SPRD_MID"),"") | S13: =IFERROR(BDP("/isin/"&$A13,"CONVEXITY_MID"),"") | T13: =IFERROR(BDP("/isin/"&$A13,"RISK_MID"),"") | U13: =IFERROR(BDP("/isin/"&$A13,"PX_CHG_PCT_1D"),"") | V13: =IFERROR(BDP("/isin/"&$A13,"PX_CHG_PCT_5D"),"") | W13: =IFERROR(BDP("/isin/"&$A13,"PX_CHG_PCT_1MO"),"")
... A26: =IFERROR(IF(Bonds_Static!A26="","",Bonds_Static!A26),"") | B26: =IFERROR(IF(Bonds_Static!C26="","",Bonds_Static!C26),"") | C26: =IFERROR(IF(Bonds_Static!G26="","",Bonds_Static!G26),"") | D26: =IFERROR(BDP("/isin/"&$A26,"PX_BID"),"") | E26: =IFERROR(BDP("/isin/"&$A26,"PX_ASK"),"") | F26: =IFERROR(BDP("/isin/"&$A26,"PX_MID"),"") | G26: =IFERROR(BDP("/isin/"&$A26,"PX_LAST"),"") | H26: =IFERROR(IF(OR(E26="",D26=""),"",E26-D26),"") | I26: =IFERROR(BDP("/isin/"&$A26,"YLD_YTM_BID"),"") | J26: =IFERROR(BDP("/isin/"&$A26,"YLD_YTM_ASK"),"") | K26: =IFERROR(BDP("/isin/"&$A26,"YLD_YTM_MID"),"") | L26: =IFERROR(BDP("/isin/"&$A26,"YAS_ZSPREAD"),"") | M26: =IFERROR(BDP("/isin/"&$A26,"YAS_BOND_SPRD"),"") | N26: =IFERROR(BDP("/isin/"&$A26,"YAS_ISPREAD"),"") | O26: =IFERROR(BDP("/isin/"&$A26,"YAS_OAS"),"") | P26: =IFERROR(BDP("/isin/"&$A26,"YAS_ASW_SPREAD"),"") | Q26: =IFERROR(BDP("/isin/"&$A26,"DUR_ADJ_MID"),"") | R26: =IFERROR(BDP("/isin/"&$A26,"DUR_SPRD_MID"),"") | S26: =IFERROR(BDP("/isin/"&$A26,"CONVEXITY_MID"),"") | T26: =IFERROR(BDP("/isin/"&$A26,"RISK_MID"),"") | U26: =IFERROR(BDP("/isin/"&$A26,"PX_CHG_PCT_1D"),"") | V26: =IFERROR(BDP("/isin/"&$A26,"PX_CHG_PCT_5D"),"") | W26: =IFERROR(BDP("/isin/"&$A26,"PX_CHG_PCT_1MO"),"")

Sheet UST_Curve
A1: Tenor | B1: BBG Ticker | C1: Yield (%) | D1: 1D Δ (bp) | E1: 5D Δ (bp) | F1: 1M Δ (bp)
A2: 3M | B2: USGG3M Index | C2: =IFERROR(BDP("USGG3M Index","PX_LAST"),"") | D2: =IFERROR(BDP("USGG3M Index","CHG_PCT_1D")*100,"") | E2: =IFERROR(BDP("USGG3M Index","CHG_PCT_5D")*100,"") | F2: =IFERROR(BDP("USGG3M Index","CHG_PCT_1M")*100,"")
A3: 6M | B3: USGG6M Index | C3: =IFERROR(BDP("USGG6M Index","PX_LAST"),"") | D3: =IFERROR(BDP("USGG6M Index","CHG_PCT_1D")*100,"") | E3: =IFERROR(BDP("USGG6M Index","CHG_PCT_5D")*100,"") | F3: =IFERROR(BDP("USGG6M Index","CHG_PCT_1M")*100,"")
A4: 1Y | B4: USGG12M Index | C4: =IFERROR(BDP("USGG12M Index","PX_LAST"),"") | D4: =IFERROR(BDP("USGG12M Index","CHG_PCT_1D")*100,"") | E4: =IFERROR(BDP("USGG12M Index","CHG_PCT_5D")*100,"") | F4: =IFERROR(BDP("USGG12M Index","CHG_PCT_1M")*100,"")
A5: 2Y | B5: USGG2YR Index | C5: =IFERROR(BDP("USGG2YR Index","PX_LAST"),"") | D5: =IFERROR(BDP("USGG2YR Index","CHG_PCT_1D")*100,"") | E5: =IFERROR(BDP("USGG2YR Index","CHG_PCT_5D")*100,"") | F5: =IFERROR(BDP("USGG2YR Index","CHG_PCT_1M")*100,"")
A6: 3Y | B6: USGG3YR Index | C6: =IFERROR(BDP("USGG3YR Index","PX_LAST"),"") | D6: =IFERROR(BDP("USGG3YR Index","CHG_PCT_1D")*100,"") | E6: =IFERROR(BDP("USGG3YR Index","CHG_PCT_5D")*100,"") | F6: =IFERROR(BDP("USGG3YR Index","CHG_PCT_1M")*100,"")
A7: 5Y | B7: USGG5YR Index | C7: =IFERROR(BDP("USGG5YR Index","PX_LAST"),"") | D7: =IFERROR(BDP("USGG5YR Index","CHG_PCT_1D")*100,"") | E7: =IFERROR(BDP("USGG5YR Index","CHG_PCT_5D")*100,"") | F7: =IFERROR(BDP("USGG5YR Index","CHG_PCT_1M")*100,"")
A8: 7Y | B8: USGG7YR Index | C8: =IFERROR(BDP("USGG7YR Index","PX_LAST"),"") | D8: =IFERROR(BDP("USGG7YR Index","CHG_PCT_1D")*100,"") | E8: =IFERROR(BDP("USGG7YR Index","CHG_PCT_5D")*100,"") | F8: =IFERROR(BDP("USGG7YR Index","CHG_PCT_1M")*100,"")
A9: 10Y | B9: USGG10YR Index | C9: =IFERROR(BDP("USGG10YR Index","PX_LAST"),"") | D9: =IFERROR(BDP("USGG10YR Index","CHG_PCT_1D")*100,"") | E9: =IFERROR(BDP("USGG10YR Index","CHG_PCT_5D")*100,"") | F9: =IFERROR(BDP("USGG10YR Index","CHG_PCT_1M")*100,"")
A10: 20Y | B10: USGG20YR Index | C10: =IFERROR(BDP("USGG20YR Index","PX_LAST"),"") | D10: =IFERROR(BDP("USGG20YR Index","CHG_PCT_1D")*100,"") | E10: =IFERROR(BDP("USGG20YR Index","CHG_PCT_5D")*100,"") | F10: =IFERROR(BDP("USGG20YR Index","CHG_PCT_1M")*100,"")
A11: 30Y | B11: USGG30YR Index | C11: =IFERROR(BDP("USGG30YR Index","PX_LAST"),"") | D11: =IFERROR(BDP("USGG30YR Index","CHG_PCT_1D")*100,"") | E11: =IFERROR(BDP("USGG30YR Index","CHG_PCT_5D")*100,"") | F11: =IFERROR(BDP("USGG30YR Index","CHG_PCT_1M")*100,"")
A14: Curve slopes (bp)
A15: 2s10s | C15: =IFERROR((C8-C5)*100,"")
A16: 5s30s | C16: =IFERROR((C11-C7)*100,"")
A17: 2s30s | C17: =IFERROR((C11-C5)*100,"")
A18: 10s30s | C18: =IFERROR((C11-C8)*100,"")
A21: Rates Volatility Regime (MOVE Index)
A22: MOVE level | B22: MOVE Index | C22: =IFERROR(BDP("MOVE Index","PX_LAST"),"")
A23: 1Y avg | C23: =IFERROR(AVERAGE(INDEX(BDH("MOVE Index","PX_LAST","-1Y","0D"),0,2)),"")
A24: 1Y stdev | C24: =IFERROR(STDEV(INDEX(BDH("MOVE Index","PX_LAST","-1Y","0D"),0,2)),"")
A25: 1Y percentile (current) | C25: =IFERROR(PERCENTRANK.INC(INDEX(BDH("MOVE Index","PX_LAST","-1Y","0D"),0,2),C22)*100,"")
A26: Regime | C26: =IFERROR(IF(C25="","",IF(C25>=Settings!$C$55,"EXTREME",IF(C25>=Settings!$C$54,"HIGH","NORMAL"))),"")
A27: Position size scalar | C27: =IFERROR(IF(C26="","",IF(C26="EXTREME",Settings!$C$57,IF(C26="HIGH",Settings!$C$56,1))),"")

Sheet Curve_Fit
A1: ISIN | B1: Description | C1: τ (yrs) | D1: Actual YTM | E1: Modeled YTM | F1: Residual (bp) | H1: LINEST coefficient block
A2: =Bonds_Static!A2 | B2: =Bonds_Static!C2 | C2: =IFERROR(Bonds_Static!G2,"") | D2: =IFERROR(Bonds_Live!K2/100,"") | E2: =IFERROR(IF(C2="","",$H$5 + $H$4*C2 + $H$3*C2^2 + $H$2*C2^3),"") | F2: =IFERROR(IF(OR(D2="",E2=""),"",(D2-E2)*10000),"") | H2: =IFERROR(INDEX(LINEST(D2:D26,C2:C26^{1,2,3},TRUE,TRUE),1,1),"") | I2: a3 (τ³ coeff)
A3: =Bonds_Static!A3 | B3: =Bonds_Static!C3 | C3: =IFERROR(Bonds_Static!G3,"") | D3: =IFERROR(Bonds_Live!K3/100,"") | E3: =IFERROR(IF(C3="","",$H$5 + $H$4*C3 + $H$3*C3^2 + $H$2*C3^3),"") | F3: =IFERROR(IF(OR(D3="",E3=""),"",(D3-E3)*10000),"") | H3: =IFERROR(INDEX(LINEST(D2:D26,C2:C26^{1,2,3},TRUE,TRUE),1,2),"") | I3: a2 (τ² coeff)
A4: =Bonds_Static!A4 | B4: =Bonds_Static!C4 | C4: =IFERROR(Bonds_Static!G4,"") | D4: =IFERROR(Bonds_Live!K4/100,"") | E4: =IFERROR(IF(C4="","",$H$5 + $H$4*C4 + $H$3*C4^2 + $H$2*C4^3),"") | F4: =IFERROR(IF(OR(D4="",E4=""),"",(D4-E4)*10000),"") | H4: =IFERROR(INDEX(LINEST(D2:D26,C2:C26^{1,2,3},TRUE,TRUE),1,3),"") | I4: a1 (τ coeff)
A5: =Bonds_Static!A5 | B5: =Bonds_Static!C5 | C5: =IFERROR(Bonds_Static!G5,"") | D5: =IFERROR(Bonds_Live!K5/100,"") | E5: =IFERROR(IF(C5="","",$H$5 + $H$4*C5 + $H$3*C5^2 + $H$2*C5^3),"") | F5: =IFERROR(IF(OR(D5="",E5=""),"",(D5-E5)*10000),"") | H5: =IFERROR(INDEX(LINEST(D2:D26,C2:C26^{1,2,3},TRUE,TRUE),1,4),"") | I5: a0 (intercept)
A6: =Bonds_Static!A6 | B6: =Bonds_Static!C6 | C6: =IFERROR(Bonds_Static!G6,"") | D6: =IFERROR(Bonds_Live!K6/100,"") | E6: =IFERROR(IF(C6="","",$H$5 + $H$4*C6 + $H$3*C6^2 + $H$2*C6^3),"") | F6: =IFERROR(IF(OR(D6="",E6=""),"",(D6-E6)*10000),"")
A7: =Bonds_Static!A7 | B7: =Bonds_Static!C7 | C7: =IFERROR(Bonds_Static!G7,"") | D7: =IFERROR(Bonds_Live!K7/100,"") | E7: =IFERROR(IF(C7="","",$H$5 + $H$4*C7 + $H$3*C7^2 + $H$2*C7^3),"") | F7: =IFERROR(IF(OR(D7="",E7=""),"",(D7-E7)*10000),"") | H7: =IFERROR(INDEX(LINEST(D2:D26,C2:C26^{1,2,3},TRUE,TRUE),3,1),"") | I7: R²
A8: =Bonds_Static!A8 | B8: =Bonds_Static!C8 | C8: =IFERROR(Bonds_Static!G8,"") | D8: =IFERROR(Bonds_Live!K8/100,"") | E8: =IFERROR(IF(C8="","",$H$5 + $H$4*C8 + $H$3*C8^2 + $H$2*C8^3),"") | F8: =IFERROR(IF(OR(D8="",E8=""),"",(D8-E8)*10000),"")
A9: =Bonds_Static!A9 | B9: =Bonds_Static!C9 | C9: =IFERROR(Bonds_Static!G9,"") | D9: =IFERROR(Bonds_Live!K9/100,"") | E9: =IFERROR(IF(C9="","",$H$5 + $H$4*C9 + $H$3*C9^2 + $H$2*C9^3),"") | F9: =IFERROR(IF(OR(D9="",E9=""),"",(D9-E9)*10000),"") | H9: Coefficients refit automatically each time yields refresh — no Solver needed.
A10: =Bonds_Static!A10 | B10: =Bonds_Static!C10 | C10: =IFERROR(Bonds_Static!G10,"") | D10: =IFERROR(Bonds_Live!K10/100,"") | E10: =IFERROR(IF(C10="","",$H$5 + $H$4*C10 + $H$3*C10^2 + $H$2*C10^3),"") | F10: =IFERROR(IF(OR(D10="",E10=""),"",(D10-E10)*10000),"")
A11: =Bonds_Static!A11 | B11: =Bonds_Static!C11 | C11: =IFERROR(Bonds_Static!G11,"") | D11: =IFERROR(Bonds_Live!K11/100,"") | E11: =IFERROR(IF(C11="","",$H$5 + $H$4*C11 + $H$3*C11^2 + $H$2*C11^3),"") | F11: =IFERROR(IF(OR(D11="",E11=""),"",(D11-E11)*10000),"")
A12: =Bonds_Static!A12 | B12: =Bonds_Static!C12 | C12: =IFERROR(Bonds_Static!G12,"") | D12: =IFERROR(Bonds_Live!K12/100,"") | E12: =IFERROR(IF(C12="","",$H$5 + $H$4*C12 + $H$3*C12^2 + $H$2*C12^3),"") | F12: =IFERROR(IF(OR(D12="",E12=""),"",(D12-E12)*10000),"")
A13: =Bonds_Static!A13 | B13: =Bonds_Static!C13 | C13: =IFERROR(Bonds_Static!G13,"") | D13: =IFERROR(Bonds_Live!K13/100,"") | E13: =IFERROR(IF(C13="","",$H$5 + $H$4*C13 + $H$3*C13^2 + $H$2*C13^3),"") | F13: =IFERROR(IF(OR(D13="",E13=""),"",(D13-E13)*10000),"")
A14: =Bonds_Static!A14 | B14: =Bonds_Static!C14 | C14: =IFERROR(Bonds_Static!G14,"") | D14: =IFERROR(Bonds_Live!K14/100,"") | E14: =IFERROR(IF(C14="","",$H$5 + $H$4*C14 + $H$3*C14^2 + $H$2*C14^3),"") | F14: =IFERROR(IF(OR(D14="",E14=""),"",(D14-E14)*10000),"")
A15: =Bonds_Static!A15 | B15: =Bonds_Static!C15 | C15: =IFERROR(Bonds_Static!G15,"") | D15: =IFERROR(Bonds_Live!K15/100,"") | E15: =IFERROR(IF(C15="","",$H$5 + $H$4*C15 + $H$3*C15^2 + $H$2*C15^3),"") | F15: =IFERROR(IF(OR(D15="",E15=""),"",(D15-E15)*10000),"")
A16: =Bonds_Static!A16 | B16: =Bonds_Static!C16 | C16: =IFERROR(Bonds_Static!G16,"") | D16: =IFERROR(Bonds_Live!K16/100,"") | E16: =IFERROR(IF(C16="","",$H$5 + $H$4*C16 + $H$3*C16^2 + $H$2*C16^3),"") | F16: =IFERROR(IF(OR(D16="",E16=""),"",(D16-E16)*10000),"")
A17: =Bonds_Static!A17 | B17: =Bonds_Static!C17 | C17: =IFERROR(Bonds_Static!G17,"") | D17: =IFERROR(Bonds_Live!K17/100,"") | E17: =IFERROR(IF(C17="","",$H$5 + $H$4*C17 + $H$3*C17^2 + $H$2*C17^3),"") | F17: =IFERROR(IF(OR(D17="",E17=""),"",(D17-E17)*10000),"")
A18: =Bonds_Static!A18 | B18: =Bonds_Static!C18 | C18: =IFERROR(Bonds_Static!G18,"") | D18: =IFERROR(Bonds_Live!K18/100,"") | E18: =IFERROR(IF(C18="","",$H$5 + $H$4*C18 + $H$3*C18^2 + $H$2*C18^3),"") | F18: =IFERROR(IF(OR(D18="",E18=""),"",(D18-E18)*10000),"")
A19: =Bonds_Static!A19 | B19: =Bonds_Static!C19 | C19: =IFERROR(Bonds_Static!G19,"") | D19: =IFERROR(Bonds_Live!K19/100,"") | E19: =IFERROR(IF(C19="","",$H$5 + $H$4*C19 + $H$3*C19^2 + $H$2*C19^3),"") | F19: =IFERROR(IF(OR(D19="",E19=""),"",(D19-E19)*10000),"")
A20: =Bonds_Static!A20 | B20: =Bonds_Static!C20 | C20: =IFERROR(Bonds_Static!G20,"") | D20: =IFERROR(Bonds_Live!K20/100,"") | E20: =IFERROR(IF(C20="","",$H$5 + $H$4*C20 + $H$3*C20^2 + $H$2*C20^3),"") | F20: =IFERROR(IF(OR(D20="",E20=""),"",(D20-E20)*10000),"")
A21: =Bonds_Static!A21 | B21: =Bonds_Static!C21 | C21: =IFERROR(Bonds_Static!G21,"") | D21: =IFERROR(Bonds_Live!K21/100,"") | E21: =IFERROR(IF(C21="","",$H$5 + $H$4*C21 + $H$3*C21^2 + $H$2*C21^3),"") | F21: =IFERROR(IF(OR(D21="",E21=""),"",(D21-E21)*10000),"")
... A26: =Bonds_Static!A26 | B26: =Bonds_Static!C26 | C26: =IFERROR(Bonds_Static!G26,"") | D26: =IFERROR(Bonds_Live!K26/100,"") | E26: =IFERROR(IF(C26="","",$H$5 + $H$4*C26 + $H$3*C26^2 + $H$2*C26^3),"") | F26: =IFERROR(IF(OR(D26="",E26=""),"",(D26-E26)*10000),"")

Sheet Liquidity_Gate
A1: ISIN | B1: Description | C1: Amt Out ($mm) | D1: Bid-Ask (pts) | E1: TRACE Avg Vol ($mm) | F1: LQA Score | G1: Yrs to Maty | H1: Criteria Passed | I1: Liquidity Score | J1: Liquid?
A2: =Bonds_Static!A2 | B2: =Bonds_Static!C2 | C2: =IFERROR(Bonds_Static!H2,"") | D2: =IFERROR(Bonds_Live!H2,"") | E2: =IFERROR(BDP("/isin/"&$A2,"TRACE_AVG_DAILY_VOL")/1000000,"") | F2: =IFERROR(BDP("/isin/"&$A2,"LIQUIDITY_SCORE_BB"),"") | G2: =IFERROR(Bonds_Static!G2,"") | H2: =IFERROR((IF(ISNUMBER(C2),IF(C2>=Settings!$C$34,1,0),0))+(IF(ISNUMBER(D2),IF(D2<=Settings!$C$35,1,0),0))+(IF(ISNUMBER(E2),IF(E2>=Settings!$C$36,1,0),0))+(IF(ISNUMBER(F2),IF(F2>=Settings!$C$37,1,0),0))+(IF(ISNUMBER(G2),IF(G2>=Settings!$C$38,1,0),0)),"") | I2: =IFERROR(100*(0.40*MIN(IF(ISNUMBER(C2),C2/2000,0),1)+0.20*MAX(IF(ISNUMBER(D2),1-D2/1.5,0),0)+0.20*MIN(IF(ISNUMBER(E2),E2/20,0),1)+0.20*IF(ISNUMBER(F2),F2/100,0)),"") | J2: =IFERROR(IF(H2="","",IF(H2>=Settings!$C$39,"PASS","FAIL")),"")
A3: =Bonds_Static!A3 | B3: =Bonds_Static!C3 | C3: =IFERROR(Bonds_Static!H3,"") | D3: =IFERROR(Bonds_Live!H3,"") | E3: =IFERROR(BDP("/isin/"&$A3,"TRACE_AVG_DAILY_VOL")/1000000,"") | F3: =IFERROR(BDP("/isin/"&$A3,"LIQUIDITY_SCORE_BB"),"") | G3: =IFERROR(Bonds_Static!G3,"") | H3: =IFERROR((IF(ISNUMBER(C3),IF(C3>=Settings!$C$34,1,0),0))+(IF(ISNUMBER(D3),IF(D3<=Settings!$C$35,1,0),0))+(IF(ISNUMBER(E3),IF(E3>=Settings!$C$36,1,0),0))+(IF(ISNUMBER(F3),IF(F3>=Settings!$C$37,1,0),0))+(IF(ISNUMBER(G3),IF(G3>=Settings!$C$38,1,0),0)),"") | I3: =IFERROR(100*(0.40*MIN(IF(ISNUMBER(C3),C3/2000,0),1)+0.20*MAX(IF(ISNUMBER(D3),1-D3/1.5,0),0)+0.20*MIN(IF(ISNUMBER(E3),E3/20,0),1)+0.20*IF(ISNUMBER(F3),F3/100,0)),"") | J3: =IFERROR(IF(H3="","",IF(H3>=Settings!$C$39,"PASS","FAIL")),"")
A4: =Bonds_Static!A4 | B4: =Bonds_Static!C4 | C4: =IFERROR(Bonds_Static!H4,"") | D4: =IFERROR(Bonds_Live!H4,"") | E4: =IFERROR(BDP("/isin/"&$A4,"TRACE_AVG_DAILY_VOL")/1000000,"") | F4: =IFERROR(BDP("/isin/"&$A4,"LIQUIDITY_SCORE_BB"),"") | G4: =IFERROR(Bonds_Static!G4,"") | H4: =IFERROR((IF(ISNUMBER(C4),IF(C4>=Settings!$C$34,1,0),0))+(IF(ISNUMBER(D4),IF(D4<=Settings!$C$35,1,0),0))+(IF(ISNUMBER(E4),IF(E4>=Settings!$C$36,1,0),0))+(IF(ISNUMBER(F4),IF(F4>=Settings!$C$37,1,0),0))+(IF(ISNUMBER(G4),IF(G4>=Settings!$C$38,1,0),0)),"") | I4: =IFERROR(100*(0.40*MIN(IF(ISNUMBER(C4),C4/2000,0),1)+0.20*MAX(IF(ISNUMBER(D4),1-D4/1.5,0),0)+0.20*MIN(IF(ISNUMBER(E4),E4/20,0),1)+0.20*IF(ISNUMBER(F4),F4/100,0)),"") | J4: =IFERROR(IF(H4="","",IF(H4>=Settings!$C$39,"PASS","FAIL")),"")
A5: =Bonds_Static!A5 | B5: =Bonds_Static!C5 | C5: =IFERROR(Bonds_Static!H5,"") | D5: =IFERROR(Bonds_Live!H5,"") | E5: =IFERROR(BDP("/isin/"&$A5,"TRACE_AVG_DAILY_VOL")/1000000,"") | F5: =IFERROR(BDP("/isin/"&$A5,"LIQUIDITY_SCORE_BB"),"") | G5: =IFERROR(Bonds_Static!G5,"") | H5: =IFERROR((IF(ISNUMBER(C5),IF(C5>=Settings!$C$34,1,0),0))+(IF(ISNUMBER(D5),IF(D5<=Settings!$C$35,1,0),0))+(IF(ISNUMBER(E5),IF(E5>=Settings!$C$36,1,0),0))+(IF(ISNUMBER(F5),IF(F5>=Settings!$C$37,1,0),0))+(IF(ISNUMBER(G5),IF(G5>=Settings!$C$38,1,0),0)),"") | I5: =IFERROR(100*(0.40*MIN(IF(ISNUMBER(C5),C5/2000,0),1)+0.20*MAX(IF(ISNUMBER(D5),1-D5/1.5,0),0)+0.20*MIN(IF(ISNUMBER(E5),E5/20,0),1)+0.20*IF(ISNUMBER(F5),F5/100,0)),"") | J5: =IFERROR(IF(H5="","",IF(H5>=Settings!$C$39,"PASS","FAIL")),"")
A6: =Bonds_Static!A6 | B6: =Bonds_Static!C6 | C6: =IFERROR(Bonds_Static!H6,"") | D6: =IFERROR(Bonds_Live!H6,"") | E6: =IFERROR(BDP("/isin/"&$A6,"TRACE_AVG_DAILY_VOL")/1000000,"") | F6: =IFERROR(BDP("/isin/"&$A6,"LIQUIDITY_SCORE_BB"),"") | G6: =IFERROR(Bonds_Static!G6,"") | H6: =IFERROR((IF(ISNUMBER(C6),IF(C6>=Settings!$C$34,1,0),0))+(IF(ISNUMBER(D6),IF(D6<=Settings!$C$35,1,0),0))+(IF(ISNUMBER(E6),IF(E6>=Settings!$C$36,1,0),0))+(IF(ISNUMBER(F6),IF(F6>=Settings!$C$37,1,0),0))+(IF(ISNUMBER(G6),IF(G6>=Settings!$C$38,1,0),0)),"") | I6: =IFERROR(100*(0.40*MIN(IF(ISNUMBER(C6),C6/2000,0),1)+0.20*MAX(IF(ISNUMBER(D6),1-D6/1.5,0),0)+0.20*MIN(IF(ISNUMBER(E6),E6/20,0),1)+0.20*IF(ISNUMBER(F6),F6/100,0)),"") | J6: =IFERROR(IF(H6="","",IF(H6>=Settings!$C$39,"PASS","FAIL")),"")
A7: =Bonds_Static!A7 | B7: =Bonds_Static!C7 | C7: =IFERROR(Bonds_Static!H7,"") | D7: =IFERROR(Bonds_Live!H7,"") | E7: =IFERROR(BDP("/isin/"&$A7,"TRACE_AVG_DAILY_VOL")/1000000,"") | F7: =IFERROR(BDP("/isin/"&$A7,"LIQUIDITY_SCORE_BB"),"") | G7: =IFERROR(Bonds_Static!G7,"") | H7: =IFERROR((IF(ISNUMBER(C7),IF(C7>=Settings!$C$34,1,0),0))+(IF(ISNUMBER(D7),IF(D7<=Settings!$C$35,1,0),0))+(IF(ISNUMBER(E7),IF(E7>=Settings!$C$36,1,0),0))+(IF(ISNUMBER(F7),IF(F7>=Settings!$C$37,1,0),0))+(IF(ISNUMBER(G7),IF(G7>=Settings!$C$38,1,0),0)),"") | I7: =IFERROR(100*(0.40*MIN(IF(ISNUMBER(C7),C7/2000,0),1)+0.20*MAX(IF(ISNUMBER(D7),1-D7/1.5,0),0)+0.20*MIN(IF(ISNUMBER(E7),E7/20,0),1)+0.20*IF(ISNUMBER(F7),F7/100,0)),"") | J7: =IFERROR(IF(H7="","",IF(H7>=Settings!$C$39,"PASS","FAIL")),"")
A8: =Bonds_Static!A8 | B8: =Bonds_Static!C8 | C8: =IFERROR(Bonds_Static!H8,"") | D8: =IFERROR(Bonds_Live!H8,"") | E8: =IFERROR(BDP("/isin/"&$A8,"TRACE_AVG_DAILY_VOL")/1000000,"") | F8: =IFERROR(BDP("/isin/"&$A8,"LIQUIDITY_SCORE_BB"),"") | G8: =IFERROR(Bonds_Static!G8,"") | H8: =IFERROR((IF(ISNUMBER(C8),IF(C8>=Settings!$C$34,1,0),0))+(IF(ISNUMBER(D8),IF(D8<=Settings!$C$35,1,0),0))+(IF(ISNUMBER(E8),IF(E8>=Settings!$C$36,1,0),0))+(IF(ISNUMBER(F8),IF(F8>=Settings!$C$37,1,0),0))+(IF(ISNUMBER(G8),IF(G8>=Settings!$C$38,1,0),0)),"") | I8: =IFERROR(100*(0.40*MIN(IF(ISNUMBER(C8),C8/2000,0),1)+0.20*MAX(IF(ISNUMBER(D8),1-D8/1.5,0),0)+0.20*MIN(IF(ISNUMBER(E8),E8/20,0),1)+0.20*IF(ISNUMBER(F8),F8/100,0)),"") | J8: =IFERROR(IF(H8="","",IF(H8>=Settings!$C$39,"PASS","FAIL")),"")
A9: =Bonds_Static!A9 | B9: =Bonds_Static!C9 | C9: =IFERROR(Bonds_Static!H9,"") | D9: =IFERROR(Bonds_Live!H9,"") | E9: =IFERROR(BDP("/isin/"&$A9,"TRACE_AVG_DAILY_VOL")/1000000,"") | F9: =IFERROR(BDP("/isin/"&$A9,"LIQUIDITY_SCORE_BB"),"") | G9: =IFERROR(Bonds_Static!G9,"") | H9: =IFERROR((IF(ISNUMBER(C9),IF(C9>=Settings!$C$34,1,0),0))+(IF(ISNUMBER(D9),IF(D9<=Settings!$C$35,1,0),0))+(IF(ISNUMBER(E9),IF(E9>=Settings!$C$36,1,0),0))+(IF(ISNUMBER(F9),IF(F9>=Settings!$C$37,1,0),0))+(IF(ISNUMBER(G9),IF(G9>=Settings!$C$38,1,0),0)),"") | I9: =IFERROR(100*(0.40*MIN(IF(ISNUMBER(C9),C9/2000,0),1)+0.20*MAX(IF(ISNUMBER(D9),1-D9/1.5,0),0)+0.20*MIN(IF(ISNUMBER(E9),E9/20,0),1)+0.20*IF(ISNUMBER(F9),F9/100,0)),"") | J9: =IFERROR(IF(H9="","",IF(H9>=Settings!$C$39,"PASS","FAIL")),"")
A10: =Bonds_Static!A10 | B10: =Bonds_Static!C10 | C10: =IFERROR(Bonds_Static!H10,"") | D10: =IFERROR(Bonds_Live!H10,"") | E10: =IFERROR(BDP("/isin/"&$A10,"TRACE_AVG_DAILY_VOL")/1000000,"") | F10: =IFERROR(BDP("/isin/"&$A10,"LIQUIDITY_SCORE_BB"),"") | G10: =IFERROR(Bonds_Static!G10,"") | H10: =IFERROR((IF(ISNUMBER(C10),IF(C10>=Settings!$C$34,1,0),0))+(IF(ISNUMBER(D10),IF(D10<=Settings!$C$35,1,0),0))+(IF(ISNUMBER(E10),IF(E10>=Settings!$C$36,1,0),0))+(IF(ISNUMBER(F10),IF(F10>=Settings!$C$37,1,0),0))+(IF(ISNUMBER(G10),IF(G10>=Settings!$C$38,1,0),0)),"") | I10: =IFERROR(100*(0.40*MIN(IF(ISNUMBER(C10),C10/2000,0),1)+0.20*MAX(IF(ISNUMBER(D10),1-D10/1.5,0),0)+0.20*MIN(IF(ISNUMBER(E10),E10/20,0),1)+0.20*IF(ISNUMBER(F10),F10/100,0)),"") | J10: =IFERROR(IF(H10="","",IF(H10>=Settings!$C$39,"PASS","FAIL")),"")
A11: =Bonds_Static!A11 | B11: =Bonds_Static!C11 | C11: =IFERROR(Bonds_Static!H11,"") | D11: =IFERROR(Bonds_Live!H11,"") | E11: =IFERROR(BDP("/isin/"&$A11,"TRACE_AVG_DAILY_VOL")/1000000,"") | F11: =IFERROR(BDP("/isin/"&$A11,"LIQUIDITY_SCORE_BB"),"") | G11: =IFERROR(Bonds_Static!G11,"") | H11: =IFERROR((IF(ISNUMBER(C11),IF(C11>=Settings!$C$34,1,0),0))+(IF(ISNUMBER(D11),IF(D11<=Settings!$C$35,1,0),0))+(IF(ISNUMBER(E11),IF(E11>=Settings!$C$36,1,0),0))+(IF(ISNUMBER(F11),IF(F11>=Settings!$C$37,1,0),0))+(IF(ISNUMBER(G11),IF(G11>=Settings!$C$38,1,0),0)),"") | I11: =IFERROR(100*(0.40*MIN(IF(ISNUMBER(C11),C11/2000,0),1)+0.20*MAX(IF(ISNUMBER(D11),1-D11/1.5,0),0)+0.20*MIN(IF(ISNUMBER(E11),E11/20,0),1)+0.20*IF(ISNUMBER(F11),F11/100,0)),"") | J11: =IFERROR(IF(H11="","",IF(H11>=Settings!$C$39,"PASS","FAIL")),"")
A12: =Bonds_Static!A12 | B12: =Bonds_Static!C12 | C12: =IFERROR(Bonds_Static!H12,"") | D12: =IFERROR(Bonds_Live!H12,"") | E12: =IFERROR(BDP("/isin/"&$A12,"TRACE_AVG_DAILY_VOL")/1000000,"") | F12: =IFERROR(BDP("/isin/"&$A12,"LIQUIDITY_SCORE_BB"),"") | G12: =IFERROR(Bonds_Static!G12,"") | H12: =IFERROR((IF(ISNUMBER(C12),IF(C12>=Settings!$C$34,1,0),0))+(IF(ISNUMBER(D12),IF(D12<=Settings!$C$35,1,0),0))+(IF(ISNUMBER(E12),IF(E12>=Settings!$C$36,1,0),0))+(IF(ISNUMBER(F12),IF(F12>=Settings!$C$37,1,0),0))+(IF(ISNUMBER(G12),IF(G12>=Settings!$C$38,1,0),0)),"") | I12: =IFERROR(100*(0.40*MIN(IF(ISNUMBER(C12),C12/2000,0),1)+0.20*MAX(IF(ISNUMBER(D12),1-D12/1.5,0),0)+0.20*MIN(IF(ISNUMBER(E12),E12/20,0),1)+0.20*IF(ISNUMBER(F12),F12/100,0)),"") | J12: =IFERROR(IF(H12="","",IF(H12>=Settings!$C$39,"PASS","FAIL")),"")
A13: =Bonds_Static!A13 | B13: =Bonds_Static!C13 | C13: =IFERROR(Bonds_Static!H13,"") | D13: =IFERROR(Bonds_Live!H13,"") | E13: =IFERROR(BDP("/isin/"&$A13,"TRACE_AVG_DAILY_VOL")/1000000,"") | F13: =IFERROR(BDP("/isin/"&$A13,"LIQUIDITY_SCORE_BB"),"") | G13: =IFERROR(Bonds_Static!G13,"") | H13: =IFERROR((IF(ISNUMBER(C13),IF(C13>=Settings!$C$34,1,0),0))+(IF(ISNUMBER(D13),IF(D13<=Settings!$C$35,1,0),0))+(IF(ISNUMBER(E13),IF(E13>=Settings!$C$36,1,0),0))+(IF(ISNUMBER(F13),IF(F13>=Settings!$C$37,1,0),0))+(IF(ISNUMBER(G13),IF(G13>=Settings!$C$38,1,0),0)),"") | I13: =IFERROR(100*(0.40*MIN(IF(ISNUMBER(C13),C13/2000,0),1)+0.20*MAX(IF(ISNUMBER(D13),1-D13/1.5,0),0)+0.20*MIN(IF(ISNUMBER(E13),E13/20,0),1)+0.20*IF(ISNUMBER(F13),F13/100,0)),"") | J13: =IFERROR(IF(H13="","",IF(H13>=Settings!$C$39,"PASS","FAIL")),"")
... A26: =Bonds_Static!A26 | B26: =Bonds_Static!C26 | C26: =IFERROR(Bonds_Static!H26,"") | D26: =IFERROR(Bonds_Live!H26,"") | E26: =IFERROR(BDP("/isin/"&$A26,"TRACE_AVG_DAILY_VOL")/1000000,"") | F26: =IFERROR(BDP("/isin/"&$A26,"LIQUIDITY_SCORE_BB"),"") | G26: =IFERROR(Bonds_Static!G26,"") | H26: =IFERROR((IF(ISNUMBER(C26),IF(C26>=Settings!$C$34,1,0),0))+(IF(ISNUMBER(D26),IF(D26<=Settings!$C$35,1,0),0))+(IF(ISNUMBER(E26),IF(E26>=Settings!$C$36,1,0),0))+(IF(ISNUMBER(F26),IF(F26>=Settings!$C$37,1,0),0))+(IF(ISNUMBER(G26),IF(G26>=Settings!$C$38,1,0),0)),"") | I26: =IFERROR(100*(0.40*MIN(IF(ISNUMBER(C26),C26/2000,0),1)+0.20*MAX(IF(ISNUMBER(D26),1-D26/1.5,0),0)+0.20*MIN(IF(ISNUMBER(E26),E26/20,0),1)+0.20*IF(ISNUMBER(F26),F26/100,0)),"") | J26: =IFERROR(IF(H26="","",IF(H26>=Settings!$C$39,"PASS","FAIL")),"")

Sheet Carry_Roll
A1: ISIN | B1: Description | C1: τ (yrs) | D1: Mod Dur | E1: Coupon (%) | F1: YTM (%) | G1: Cpn Carry 3M | H1: Cpn Carry 6M | I1: Cpn Carry 12M | J1: Roll 3M | K1: Roll 6M | L1: Roll 12M | M1: C+R 12M
A2: =Bonds_Static!A2 | B2: =Bonds_Static!C2 | C2: =IFERROR(Bonds_Static!G2,"") | D2: =IFERROR(Bonds_Live!Q2,"") | E2: =IFERROR(Bonds_Static!D2,"") | F2: =IFERROR(Bonds_Live!K2,"") | G2: =IFERROR(IF(E2="","",E2*100/Bonds_Live!F2*3/12),"") | H2: =IFERROR(IF(E2="","",E2*100/Bonds_Live!F2*6/12),"") | I2: =IFERROR(IF(E2="","",E2*100/Bonds_Live!F2*12/12),"") | J2: =IFERROR(IF(OR(C2="",D2=""),"",-D2*((Curve_Fit!$H$5 + Curve_Fit!$H$4*MAX(C2-3/12,0.01) + Curve_Fit!$H$3*MAX(C2-3/12,0.01)^2 + Curve_Fit!$H$2*MAX(C2-3/12,0.01)^3) - (Curve_Fit!$H$5 + Curve_Fit!$H$4*C2 + Curve_Fit!$H$3*C2^2 + Curve_Fit!$H$2*C2^3))*100),"") | K2: =IFERROR(IF(OR(C2="",D2=""),"",-D2*((Curve_Fit!$H$5 + Curve_Fit!$H$4*MAX(C2-6/12,0.01) + Curve_Fit!$H$3*MAX(C2-6/12,0.01)^2 + Curve_Fit!$H$2*MAX(C2-6/12,0.01)^3) - (Curve_Fit!$H$5 + Curve_Fit!$H$4*C2 + Curve_Fit!$H$3*C2^2 + Curve_Fit!$H$2*C2^3))*100),"") | L2: =IFERROR(IF(OR(C2="",D2=""),"",-D2*((Curve_Fit!$H$5 + Curve_Fit!$H$4*MAX(C2-12/12,0.01) + Curve_Fit!$H$3*MAX(C2-12/12,0.01)^2 + Curve_Fit!$H$2*MAX(C2-12/12,0.01)^3) - (Curve_Fit!$H$5 + Curve_Fit!$H$4*C2 + Curve_Fit!$H$3*C2^2 + Curve_Fit!$H$2*C2^3))*100),"") | M2: =IFERROR(IF(OR(I2="",L2=""),"",I2+L2),"")
A3: =Bonds_Static!A3 | B3: =Bonds_Static!C3 | C3: =IFERROR(Bonds_Static!G3,"") | D3: =IFERROR(Bonds_Live!Q3,"") | E3: =IFERROR(Bonds_Static!D3,"") | F3: =IFERROR(Bonds_Live!K3,"") | G3: =IFERROR(IF(E3="","",E3*100/Bonds_Live!F3*3/12),"") | H3: =IFERROR(IF(E3="","",E3*100/Bonds_Live!F3*6/12),"") | I3: =IFERROR(IF(E3="","",E3*100/Bonds_Live!F3*12/12),"") | J3: =IFERROR(IF(OR(C3="",D3=""),"",-D3*((Curve_Fit!$H$5 + Curve_Fit!$H$4*MAX(C3-3/12,0.01) + Curve_Fit!$H$3*MAX(C3-3/12,0.01)^2 + Curve_Fit!$H$2*MAX(C3-3/12,0.01)^3) - (Curve_Fit!$H$5 + Curve_Fit!$H$4*C3 + Curve_Fit!$H$3*C3^2 + Curve_Fit!$H$2*C3^3))*100),"") | K3: =IFERROR(IF(OR(C3="",D3=""),"",-D3*((Curve_Fit!$H$5 + Curve_Fit!$H$4*MAX(C3-6/12,0.01) + Curve_Fit!$H$3*MAX(C3-6/12,0.01)^2 + Curve_Fit!$H$2*MAX(C3-6/12,0.01)^3) - (Curve_Fit!$H$5 + Curve_Fit!$H$4*C3 + Curve_Fit!$H$3*C3^2 + Curve_Fit!$H$2*C3^3))*100),"") | L3: =IFERROR(IF(OR(C3="",D3=""),"",-D3*((Curve_Fit!$H$5 + Curve_Fit!$H$4*MAX(C3-12/12,0.01) + Curve_Fit!$H$3*MAX(C3-12/12,0.01)^2 + Curve_Fit!$H$2*MAX(C3-12/12,0.01)^3) - (Curve_Fit!$H$5 + Curve_Fit!$H$4*C3 + Curve_Fit!$H$3*C3^2 + Curve_Fit!$H$2*C3^3))*100),"") | M3: =IFERROR(IF(OR(I3="",L3=""),"",I3+L3),"")
A4: =Bonds_Static!A4 | B4: =Bonds_Static!C4 | C4: =IFERROR(Bonds_Static!G4,"") | D4: =IFERROR(Bonds_Live!Q4,"") | E4: =IFERROR(Bonds_Static!D4,"") | F4: =IFERROR(Bonds_Live!K4,"") | G4: =IFERROR(IF(E4="","",E4*100/Bonds_Live!F4*3/12),"") | H4: =IFERROR(IF(E4="","",E4*100/Bonds_Live!F4*6/12),"") | I4: =IFERROR(IF(E4="","",E4*100/Bonds_Live!F4*12/12),"") | J4: =IFERROR(IF(OR(C4="",D4=""),"",-D4*((Curve_Fit!$H$5 + Curve_Fit!$H$4*MAX(C4-3/12,0.01) + Curve_Fit!$H$3*MAX(C4-3/12,0.01)^2 + Curve_Fit!$H$2*MAX(C4-3/12,0.01)^3) - (Curve_Fit!$H$5 + Curve_Fit!$H$4*C4 + Curve_Fit!$H$3*C4^2 + Curve_Fit!$H$2*C4^3))*100),"") | K4: =IFERROR(IF(OR(C4="",D4=""),"",-D4*((Curve_Fit!$H$5 + Curve_Fit!$H$4*MAX(C4-6/12,0.01) + Curve_Fit!$H$3*MAX(C4-6/12,0.01)^2 + Curve_Fit!$H$2*MAX(C4-6/12,0.01)^3) - (Curve_Fit!$H$5 + Curve_Fit!$H$4*C4 + Curve_Fit!$H$3*C4^2 + Curve_Fit!$H$2*C4^3))*100),"") | L4: =IFERROR(IF(OR(C4="",D4=""),"",-D4*((Curve_Fit!$H$5 + Curve_Fit!$H$4*MAX(C4-12/12,0.01) + Curve_Fit!$H$3*MAX(C4-12/12,0.01)^2 + Curve_Fit!$H$2*MAX(C4-12/12,0.01)^3) - (Curve_Fit!$H$5 + Curve_Fit!$H$4*C4 + Curve_Fit!$H$3*C4^2 + Curve_Fit!$H$2*C4^3))*100),"") | M4: =IFERROR(IF(OR(I4="",L4=""),"",I4+L4),"")
A5: =Bonds_Static!A5 | B5: =Bonds_Static!C5 | C5: =IFERROR(Bonds_Static!G5,"") | D5: =IFERROR(Bonds_Live!Q5,"") | E5: =IFERROR(Bonds_Static!D5,"") | F5: =IFERROR(Bonds_Live!K5,"") | G5: =IFERROR(IF(E5="","",E5*100/Bonds_Live!F5*3/12),"") | H5: =IFERROR(IF(E5="","",E5*100/Bonds_Live!F5*6/12),"") | I5: =IFERROR(IF(E5="","",E5*100/Bonds_Live!F5*12/12),"") | J5: =IFERROR(IF(OR(C5="",D5=""),"",-D5*((Curve_Fit!$H$5 + Curve_Fit!$H$4*MAX(C5-3/12,0.01) + Curve_Fit!$H$3*MAX(C5-3/12,0.01)^2 + Curve_Fit!$H$2*MAX(C5-3/12,0.01)^3) - (Curve_Fit!$H$5 + Curve_Fit!$H$4*C5 + Curve_Fit!$H$3*C5^2 + Curve_Fit!$H$2*C5^3))*100),"") | K5: =IFERROR(IF(OR(C5="",D5=""),"",-D5*((Curve_Fit!$H$5 + Curve_Fit!$H$4*MAX(C5-6/12,0.01) + Curve_Fit!$H$3*MAX(C5-6/12,0.01)^2 + Curve_Fit!$H$2*MAX(C5-6/12,0.01)^3) - (Curve_Fit!$H$5 + Curve_Fit!$H$4*C5 + Curve_Fit!$H$3*C5^2 + Curve_Fit!$H$2*C5^3))*100),"") | L5: =IFERROR(IF(OR(C5="",D5=""),"",-D5*((Curve_Fit!$H$5 + Curve_Fit!$H$4*MAX(C5-12/12,0.01) + Curve_Fit!$H$3*MAX(C5-12/12,0.01)^2 + Curve_Fit!$H$2*MAX(C5-12/12,0.01)^3) - (Curve_Fit!$H$5 + Curve_Fit!$H$4*C5 + Curve_Fit!$H$3*C5^2 + Curve_Fit!$H$2*C5^3))*100),"") | M5: =IFERROR(IF(OR(I5="",L5=""),"",I5+L5),"")
A6: =Bonds_Static!A6 | B6: =Bonds_Static!C6 | C6: =IFERROR(Bonds_Static!G6,"") | D6: =IFERROR(Bonds_Live!Q6,"") | E6: =IFERROR(Bonds_Static!D6,"") | F6: =IFERROR(Bonds_Live!K6,"") | G6: =IFERROR(IF(E6="","",E6*100/Bonds_Live!F6*3/12),"") | H6: =IFERROR(IF(E6="","",E6*100/Bonds_Live!F6*6/12),"") | I6: =IFERROR(IF(E6="","",E6*100/Bonds_Live!F6*12/12),"") | J6: =IFERROR(IF(OR(C6="",D6=""),"",-D6*((Curve_Fit!$H$5 + Curve_Fit!$H$4*MAX(C6-3/12,0.01) + Curve_Fit!$H$3*MAX(C6-3/12,0.01)^2 + Curve_Fit!$H$2*MAX(C6-3/12,0.01)^3) - (Curve_Fit!$H$5 + Curve_Fit!$H$4*C6 + Curve_Fit!$H$3*C6^2 + Curve_Fit!$H$2*C6^3))*100),"") | K6: =IFERROR(IF(OR(C6="",D6=""),"",-D6*((Curve_Fit!$H$5 + Curve_Fit!$H$4*MAX(C6-6/12,0.01) + Curve_Fit!$H$3*MAX(C6-6/12,0.01)^2 + Curve_Fit!$H$2*MAX(C6-6/12,0.01)^3) - (Curve_Fit!$H$5 + Curve_Fit!$H$4*C6 + Curve_Fit!$H$3*C6^2 + Curve_Fit!$H$2*C6^3))*100),"") | L6: =IFERROR(IF(OR(C6="",D6=""),"",-D6*((Curve_Fit!$H$5 + Curve_Fit!$H$4*MAX(C6-12/12,0.01) + Curve_Fit!$H$3*MAX(C6-12/12,0.01)^2 + Curve_Fit!$H$2*MAX(C6-12/12,0.01)^3) - (Curve_Fit!$H$5 + Curve_Fit!$H$4*C6 + Curve_Fit!$H$3*C6^2 + Curve_Fit!$H$2*C6^3))*100),"") | M6: =IFERROR(IF(OR(I6="",L6=""),"",I6+L6),"")
A7: =Bonds_Static!A7 | B7: =Bonds_Static!C7 | C7: =IFERROR(Bonds_Static!G7,"") | D7: =IFERROR(Bonds_Live!Q7,"") | E7: =IFERROR(Bonds_Static!D7,"") | F7: =IFERROR(Bonds_Live!K7,"") | G7: =IFERROR(IF(E7="","",E7*100/Bonds_Live!F7*3/12),"") | H7: =IFERROR(IF(E7="","",E7*100/Bonds_Live!F7*6/12),"") | I7: =IFERROR(IF(E7="","",E7*100/Bonds_Live!F7*12/12),"") | J7: =IFERROR(IF(OR(C7="",D7=""),"",-D7*((Curve_Fit!$H$5 + Curve_Fit!$H$4*MAX(C7-3/12,0.01) + Curve_Fit!$H$3*MAX(C7-3/12,0.01)^2 + Curve_Fit!$H$2*MAX(C7-3/12,0.01)^3) - (Curve_Fit!$H$5 + Curve_Fit!$H$4*C7 + Curve_Fit!$H$3*C7^2 + Curve_Fit!$H$2*C7^3))*100),"") | K7: =IFERROR(IF(OR(C7="",D7=""),"",-D7*((Curve_Fit!$H$5 + Curve_Fit!$H$4*MAX(C7-6/12,0.01) + Curve_Fit!$H$3*MAX(C7-6/12,0.01)^2 + Curve_Fit!$H$2*MAX(C7-6/12,0.01)^3) - (Curve_Fit!$H$5 + Curve_Fit!$H$4*C7 + Curve_Fit!$H$3*C7^2 + Curve_Fit!$H$2*C7^3))*100),"") | L7: =IFERROR(IF(OR(C7="",D7=""),"",-D7*((Curve_Fit!$H$5 + Curve_Fit!$H$4*MAX(C7-12/12,0.01) + Curve_Fit!$H$3*MAX(C7-12/12,0.01)^2 + Curve_Fit!$H$2*MAX(C7-12/12,0.01)^3) - (Curve_Fit!$H$5 + Curve_Fit!$H$4*C7 + Curve_Fit!$H$3*C7^2 + Curve_Fit!$H$2*C7^3))*100),"") | M7: =IFERROR(IF(OR(I7="",L7=""),"",I7+L7),"")
A8: =Bonds_Static!A8 | B8: =Bonds_Static!C8 | C8: =IFERROR(Bonds_Static!G8,"") | D8: =IFERROR(Bonds_Live!Q8,"") | E8: =IFERROR(Bonds_Static!D8,"") | F8: =IFERROR(Bonds_Live!K8,"") | G8: =IFERROR(IF(E8="","",E8*100/Bonds_Live!F8*3/12),"") | H8: =IFERROR(IF(E8="","",E8*100/Bonds_Live!F8*6/12),"") | I8: =IFERROR(IF(E8="","",E8*100/Bonds_Live!F8*12/12),"") | J8: =IFERROR(IF(OR(C8="",D8=""),"",-D8*((Curve_Fit!$H$5 + Curve_Fit!$H$4*MAX(C8-3/12,0.01) + Curve_Fit!$H$3*MAX(C8-3/12,0.01)^2 + Curve_Fit!$H$2*MAX(C8-3/12,0.01)^3) - (Curve_Fit!$H$5 + Curve_Fit!$H$4*C8 + Curve_Fit!$H$3*C8^2 + Curve_Fit!$H$2*C8^3))*100),"") | K8: =IFERROR(IF(OR(C8="",D8=""),"",-D8*((Curve_Fit!$H$5 + Curve_Fit!$H$4*MAX(C8-6/12,0.01) + Curve_Fit!$H$3*MAX(C8-6/12,0.01)^2 + Curve_Fit!$H$2*MAX(C8-6/12,0.01)^3) - (Curve_Fit!$H$5 + Curve_Fit!$H$4*C8 + Curve_Fit!$H$3*C8^2 + Curve_Fit!$H$2*C8^3))*100),"") | L8: =IFERROR(IF(OR(C8="",D8=""),"",-D8*((Curve_Fit!$H$5 + Curve_Fit!$H$4*MAX(C8-12/12,0.01) + Curve_Fit!$H$3*MAX(C8-12/12,0.01)^2 + Curve_Fit!$H$2*MAX(C8-12/12,0.01)^3) - (Curve_Fit!$H$5 + Curve_Fit!$H$4*C8 + Curve_Fit!$H$3*C8^2 + Curve_Fit!$H$2*C8^3))*100),"") | M8: =IFERROR(IF(OR(I8="",L8=""),"",I8+L8),"")
A9: =Bonds_Static!A9 | B9: =Bonds_Static!C9 | C9: =IFERROR(Bonds_Static!G9,"") | D9: =IFERROR(Bonds_Live!Q9,"") | E9: =IFERROR(Bonds_Static!D9,"") | F9: =IFERROR(Bonds_Live!K9,"") | G9: =IFERROR(IF(E9="","",E9*100/Bonds_Live!F9*3/12),"") | H9: =IFERROR(IF(E9="","",E9*100/Bonds_Live!F9*6/12),"") | I9: =IFERROR(IF(E9="","",E9*100/Bonds_Live!F9*12/12),"") | J9: =IFERROR(IF(OR(C9="",D9=""),"",-D9*((Curve_Fit!$H$5 + Curve_Fit!$H$4*MAX(C9-3/12,0.01) + Curve_Fit!$H$3*MAX(C9-3/12,0.01)^2 + Curve_Fit!$H$2*MAX(C9-3/12,0.01)^3) - (Curve_Fit!$H$5 + Curve_Fit!$H$4*C9 + Curve_Fit!$H$3*C9^2 + Curve_Fit!$H$2*C9^3))*100),"") | K9: =IFERROR(IF(OR(C9="",D9=""),"",-D9*((Curve_Fit!$H$5 + Curve_Fit!$H$4*MAX(C9-6/12,0.01) + Curve_Fit!$H$3*MAX(C9-6/12,0.01)^2 + Curve_Fit!$H$2*MAX(C9-6/12,0.01)^3) - (Curve_Fit!$H$5 + Curve_Fit!$H$4*C9 + Curve_Fit!$H$3*C9^2 + Curve_Fit!$H$2*C9^3))*100),"") | L9: =IFERROR(IF(OR(C9="",D9=""),"",-D9*((Curve_Fit!$H$5 + Curve_Fit!$H$4*MAX(C9-12/12,0.01) + Curve_Fit!$H$3*MAX(C9-12/12,0.01)^2 + Curve_Fit!$H$2*MAX(C9-12/12,0.01)^3) - (Curve_Fit!$H$5 + Curve_Fit!$H$4*C9 + Curve_Fit!$H$3*C9^2 + Curve_Fit!$H$2*C9^3))*100),"") | M9: =IFERROR(IF(OR(I9="",L9=""),"",I9+L9),"")
A10: =Bonds_Static!A10 | B10: =Bonds_Static!C10 | C10: =IFERROR(Bonds_Static!G10,"") | D10: =IFERROR(Bonds_Live!Q10,"") | E10: =IFERROR(Bonds_Static!D10,"") | F10: =IFERROR(Bonds_Live!K10,"") | G10: =IFERROR(IF(E10="","",E10*100/Bonds_Live!F10*3/12),"") | H10: =IFERROR(IF(E10="","",E10*100/Bonds_Live!F10*6/12),"") | I10: =IFERROR(IF(E10="","",E10*100/Bonds_Live!F10*12/12),"") | J10: =IFERROR(IF(OR(C10="",D10=""),"",-D10*((Curve_Fit!$H$5 + Curve_Fit!$H$4*MAX(C10-3/12,0.01) + Curve_Fit!$H$3*MAX(C10-3/12,0.01)^2 + Curve_Fit!$H$2*MAX(C10-3/12,0.01)^3) - (Curve_Fit!$H$5 + Curve_Fit!$H$4*C10 + Curve_Fit!$H$3*C10^2 + Curve_Fit!$H$2*C10^3))*100),"") | K10: =IFERROR(IF(OR(C10="",D10=""),"",-D10*((Curve_Fit!$H$5 + Curve_Fit!$H$4*MAX(C10-6/12,0.01) + Curve_Fit!$H$3*MAX(C10-6/12,0.01)^2 + Curve_Fit!$H$2*MAX(C10-6/12,0.01)^3) - (Curve_Fit!$H$5 + Curve_Fit!$H$4*C10 + Curve_Fit!$H$3*C10^2 + Curve_Fit!$H$2*C10^3))*100),"") | L10: =IFERROR(IF(OR(C10="",D10=""),"",-D10*((Curve_Fit!$H$5 + Curve_Fit!$H$4*MAX(C10-12/12,0.01) + Curve_Fit!$H$3*MAX(C10-12/12,0.01)^2 + Curve_Fit!$H$2*MAX(C10-12/12,0.01)^3) - (Curve_Fit!$H$5 + Curve_Fit!$H$4*C10 + Curve_Fit!$H$3*C10^2 + Curve_Fit!$H$2*C10^3))*100),"") | M10: =IFERROR(IF(OR(I10="",L10=""),"",I10+L10),"")
A11: =Bonds_Static!A11 | B11: =Bonds_Static!C11 | C11: =IFERROR(Bonds_Static!G11,"") | D11: =IFERROR(Bonds_Live!Q11,"") | E11: =IFERROR(Bonds_Static!D11,"") | F11: =IFERROR(Bonds_Live!K11,"") | G11: =IFERROR(IF(E11="","",E11*100/Bonds_Live!F11*3/12),"") | H11: =IFERROR(IF(E11="","",E11*100/Bonds_Live!F11*6/12),"") | I11: =IFERROR(IF(E11="","",E11*100/Bonds_Live!F11*12/12),"") | J11: =IFERROR(IF(OR(C11="",D11=""),"",-D11*((Curve_Fit!$H$5 + Curve_Fit!$H$4*MAX(C11-3/12,0.01) + Curve_Fit!$H$3*MAX(C11-3/12,0.01)^2 + Curve_Fit!$H$2*MAX(C11-3/12,0.01)^3) - (Curve_Fit!$H$5 + Curve_Fit!$H$4*C11 + Curve_Fit!$H$3*C11^2 + Curve_Fit!$H$2*C11^3))*100),"") | K11: =IFERROR(IF(OR(C11="",D11=""),"",-D11*((Curve_Fit!$H$5 + Curve_Fit!$H$4*MAX(C11-6/12,0.01) + Curve_Fit!$H$3*MAX(C11-6/12,0.01)^2 + Curve_Fit!$H$2*MAX(C11-6/12,0.01)^3) - (Curve_Fit!$H$5 + Curve_Fit!$H$4*C11 + Curve_Fit!$H$3*C11^2 + Curve_Fit!$H$2*C11^3))*100),"") | L11: =IFERROR(IF(OR(C11="",D11=""),"",-D11*((Curve_Fit!$H$5 + Curve_Fit!$H$4*MAX(C11-12/12,0.01) + Curve_Fit!$H$3*MAX(C11-12/12,0.01)^2 + Curve_Fit!$H$2*MAX(C11-12/12,0.01)^3) - (Curve_Fit!$H$5 + Curve_Fit!$H$4*C11 + Curve_Fit!$H$3*C11^2 + Curve_Fit!$H$2*C11^3))*100),"") | M11: =IFERROR(IF(OR(I11="",L11=""),"",I11+L11),"")
A12: =Bonds_Static!A12 | B12: =Bonds_Static!C12 | C12: =IFERROR(Bonds_Static!G12,"") | D12: =IFERROR(Bonds_Live!Q12,"") | E12: =IFERROR(Bonds_Static!D12,"") | F12: =IFERROR(Bonds_Live!K12,"") | G12: =IFERROR(IF(E12="","",E12*100/Bonds_Live!F12*3/12),"") | H12: =IFERROR(IF(E12="","",E12*100/Bonds_Live!F12*6/12),"") | I12: =IFERROR(IF(E12="","",E12*100/Bonds_Live!F12*12/12),"") | J12: =IFERROR(IF(OR(C12="",D12=""),"",-D12*((Curve_Fit!$H$5 + Curve_Fit!$H$4*MAX(C12-3/12,0.01) + Curve_Fit!$H$3*MAX(C12-3/12,0.01)^2 + Curve_Fit!$H$2*MAX(C12-3/12,0.01)^3) - (Curve_Fit!$H$5 + Curve_Fit!$H$4*C12 + Curve_Fit!$H$3*C12^2 + Curve_Fit!$H$2*C12^3))*100),"") | K12: =IFERROR(IF(OR(C12="",D12=""),"",-D12*((Curve_Fit!$H$5 + Curve_Fit!$H$4*MAX(C12-6/12,0.01) + Curve_Fit!$H$3*MAX(C12-6/12,0.01)^2 + Curve_Fit!$H$2*MAX(C12-6/12,0.01)^3) - (Curve_Fit!$H$5 + Curve_Fit!$H$4*C12 + Curve_Fit!$H$3*C12^2 + Curve_Fit!$H$2*C12^3))*100),"") | L12: =IFERROR(IF(OR(C12="",D12=""),"",-D12*((Curve_Fit!$H$5 + Curve_Fit!$H$4*MAX(C12-12/12,0.01) + Curve_Fit!$H$3*MAX(C12-12/12,0.01)^2 + Curve_Fit!$H$2*MAX(C12-12/12,0.01)^3) - (Curve_Fit!$H$5 + Curve_Fit!$H$4*C12 + Curve_Fit!$H$3*C12^2 + Curve_Fit!$H$2*C12^3))*100),"") | M12: =IFERROR(IF(OR(I12="",L12=""),"",I12+L12),"")
A13: =Bonds_Static!A13 | B13: =Bonds_Static!C13 | C13: =IFERROR(Bonds_Static!G13,"") | D13: =IFERROR(Bonds_Live!Q13,"") | E13: =IFERROR(Bonds_Static!D13,"") | F13: =IFERROR(Bonds_Live!K13,"") | G13: =IFERROR(IF(E13="","",E13*100/Bonds_Live!F13*3/12),"") | H13: =IFERROR(IF(E13="","",E13*100/Bonds_Live!F13*6/12),"") | I13: =IFERROR(IF(E13="","",E13*100/Bonds_Live!F13*12/12),"") | J13: =IFERROR(IF(OR(C13="",D13=""),"",-D13*((Curve_Fit!$H$5 + Curve_Fit!$H$4*MAX(C13-3/12,0.01) + Curve_Fit!$H$3*MAX(C13-3/12,0.01)^2 + Curve_Fit!$H$2*MAX(C13-3/12,0.01)^3) - (Curve_Fit!$H$5 + Curve_Fit!$H$4*C13 + Curve_Fit!$H$3*C13^2 + Curve_Fit!$H$2*C13^3))*100),"") | K13: =IFERROR(IF(OR(C13="",D13=""),"",-D13*((Curve_Fit!$H$5 + Curve_Fit!$H$4*MAX(C13-6/12,0.01) + Curve_Fit!$H$3*MAX(C13-6/12,0.01)^2 + Curve_Fit!$H$2*MAX(C13-6/12,0.01)^3) - (Curve_Fit!$H$5 + Curve_Fit!$H$4*C13 + Curve_Fit!$H$3*C13^2 + Curve_Fit!$H$2*C13^3))*100),"") | L13: =IFERROR(IF(OR(C13="",D13=""),"",-D13*((Curve_Fit!$H$5 + Curve_Fit!$H$4*MAX(C13-12/12,0.01) + Curve_Fit!$H$3*MAX(C13-12/12,0.01)^2 + Curve_Fit!$H$2*MAX(C13-12/12,0.01)^3) - (Curve_Fit!$H$5 + Curve_Fit!$H$4*C13 + Curve_Fit!$H$3*C13^2 + Curve_Fit!$H$2*C13^3))*100),"") | M13: =IFERROR(IF(OR(I13="",L13=""),"",I13+L13),"")
... A26: =Bonds_Static!A26 | B26: =Bonds_Static!C26 | C26: =IFERROR(Bonds_Static!G26,"") | D26: =IFERROR(Bonds_Live!Q26,"") | E26: =IFERROR(Bonds_Static!D26,"") | F26: =IFERROR(Bonds_Live!K26,"") | G26: =IFERROR(IF(E26="","",E26*100/Bonds_Live!F26*3/12),"") | H26: =IFERROR(IF(E26="","",E26*100/Bonds_Live!F26*6/12),"") | I26: =IFERROR(IF(E26="","",E26*100/Bonds_Live!F26*12/12),"") | J26: =IFERROR(IF(OR(C26="",D26=""),"",-D26*((Curve_Fit!$H$5 + Curve_Fit!$H$4*MAX(C26-3/12,0.01) + Curve_Fit!$H$3*MAX(C26-3/12,0.01)^2 + Curve_Fit!$H$2*MAX(C26-3/12,0.01)^3) - (Curve_Fit!$H$5 + Curve_Fit!$H$4*C26 + Curve_Fit!$H$3*C26^2 + Curve_Fit!$H$2*C26^3))*100),"") | K26: =IFERROR(IF(OR(C26="",D26=""),"",-D26*((Curve_Fit!$H$5 + Curve_Fit!$H$4*MAX(C26-6/12,0.01) + Curve_Fit!$H$3*MAX(C26-6/12,0.01)^2 + Curve_Fit!$H$2*MAX(C26-6/12,0.01)^3) - (Curve_Fit!$H$5 + Curve_Fit!$H$4*C26 + Curve_Fit!$H$3*C26^2 + Curve_Fit!$H$2*C26^3))*100),"") | L26: =IFERROR(IF(OR(C26="",D26=""),"",-D26*((Curve_Fit!$H$5 + Curve_Fit!$H$4*MAX(C26-12/12,0.01) + Curve_Fit!$H$3*MAX(C26-12/12,0.01)^2 + Curve_Fit!$H$2*MAX(C26-12/12,0.01)^3) - (Curve_Fit!$H$5 + Curve_Fit!$H$4*C26 + Curve_Fit!$H$3*C26^2 + Curve_Fit!$H$2*C26^3))*100),"") | M26: =IFERROR(IF(OR(I26="",L26=""),"",I26+L26),"")

Sheet DTS_Carry
A1: ISIN | B1: Description | C1: Z-Spr (bp) | D1: Spr Dur | E1: DTS (bp·yr) | F1: 12M C+R (%) | G1: DTS-adj Carry (bp / DTS) | H1: Breakeven Widening (bp) | I1: Z-Spr Breakeven (bp) | J1: Risk/Reward Tag
A2: =Bonds_Static!A2 | B2: =Bonds_Static!C2 | C2: =IFERROR(Bonds_Live!L2,"") | D2: =IFERROR(Bonds_Live!R2,"") | E2: =IFERROR(C2*D2,"") | F2: =IFERROR(Carry_Roll!M2,"") | G2: =IFERROR(IF(E2=0,"",F2*100/E2),"") | H2: =IFERROR(IF(D2=0,"",F2*100/D2),"") | I2: =IFERROR(C2+H2,"") | J2: =IFERROR(IF(G2="","",IF(G2>5,"STRONG",IF(G2>2,"ATTRACTIVE",IF(G2>0,"OK","WEAK")))),"")
A3: =Bonds_Static!A3 | B3: =Bonds_Static!C3 | C3: =IFERROR(Bonds_Live!L3,"") | D3: =IFERROR(Bonds_Live!R3,"") | E3: =IFERROR(C3*D3,"") | F3: =IFERROR(Carry_Roll!M3,"") | G3: =IFERROR(IF(E3=0,"",F3*100/E3),"") | H3: =IFERROR(IF(D3=0,"",F3*100/D3),"") | I3: =IFERROR(C3+H3,"") | J3: =IFERROR(IF(G3="","",IF(G3>5,"STRONG",IF(G3>2,"ATTRACTIVE",IF(G3>0,"OK","WEAK")))),"")
A4: =Bonds_Static!A4 | B4: =Bonds_Static!C4 | C4: =IFERROR(Bonds_Live!L4,"") | D4: =IFERROR(Bonds_Live!R4,"") | E4: =IFERROR(C4*D4,"") | F4: =IFERROR(Carry_Roll!M4,"") | G4: =IFERROR(IF(E4=0,"",F4*100/E4),"") | H4: =IFERROR(IF(D4=0,"",F4*100/D4),"") | I4: =IFERROR(C4+H4,"") | J4: =IFERROR(IF(G4="","",IF(G4>5,"STRONG",IF(G4>2,"ATTRACTIVE",IF(G4>0,"OK","WEAK")))),"")
A5: =Bonds_Static!A5 | B5: =Bonds_Static!C5 | C5: =IFERROR(Bonds_Live!L5,"") | D5: =IFERROR(Bonds_Live!R5,"") | E5: =IFERROR(C5*D5,"") | F5: =IFERROR(Carry_Roll!M5,"") | G5: =IFERROR(IF(E5=0,"",F5*100/E5),"") | H5: =IFERROR(IF(D5=0,"",F5*100/D5),"") | I5: =IFERROR(C5+H5,"") | J5: =IFERROR(IF(G5="","",IF(G5>5,"STRONG",IF(G5>2,"ATTRACTIVE",IF(G5>0,"OK","WEAK")))),"")
A6: =Bonds_Static!A6 | B6: =Bonds_Static!C6 | C6: =IFERROR(Bonds_Live!L6,"") | D6: =IFERROR(Bonds_Live!R6,"") | E6: =IFERROR(C6*D6,"") | F6: =IFERROR(Carry_Roll!M6,"") | G6: =IFERROR(IF(E6=0,"",F6*100/E6),"") | H6: =IFERROR(IF(D6=0,"",F6*100/D6),"") | I6: =IFERROR(C6+H6,"") | J6: =IFERROR(IF(G6="","",IF(G6>5,"STRONG",IF(G6>2,"ATTRACTIVE",IF(G6>0,"OK","WEAK")))),"")
A7: =Bonds_Static!A7 | B7: =Bonds_Static!C7 | C7: =IFERROR(Bonds_Live!L7,"") | D7: =IFERROR(Bonds_Live!R7,"") | E7: =IFERROR(C7*D7,"") | F7: =IFERROR(Carry_Roll!M7,"") | G7: =IFERROR(IF(E7=0,"",F7*100/E7),"") | H7: =IFERROR(IF(D7=0,"",F7*100/D7),"") | I7: =IFERROR(C7+H7,"") | J7: =IFERROR(IF(G7="","",IF(G7>5,"STRONG",IF(G7>2,"ATTRACTIVE",IF(G7>0,"OK","WEAK")))),"")
A8: =Bonds_Static!A8 | B8: =Bonds_Static!C8 | C8: =IFERROR(Bonds_Live!L8,"") | D8: =IFERROR(Bonds_Live!R8,"") | E8: =IFERROR(C8*D8,"") | F8: =IFERROR(Carry_Roll!M8,"") | G8: =IFERROR(IF(E8=0,"",F8*100/E8),"") | H8: =IFERROR(IF(D8=0,"",F8*100/D8),"") | I8: =IFERROR(C8+H8,"") | J8: =IFERROR(IF(G8="","",IF(G8>5,"STRONG",IF(G8>2,"ATTRACTIVE",IF(G8>0,"OK","WEAK")))),"")
A9: =Bonds_Static!A9 | B9: =Bonds_Static!C9 | C9: =IFERROR(Bonds_Live!L9,"") | D9: =IFERROR(Bonds_Live!R9,"") | E9: =IFERROR(C9*D9,"") | F9: =IFERROR(Carry_Roll!M9,"") | G9: =IFERROR(IF(E9=0,"",F9*100/E9),"") | H9: =IFERROR(IF(D9=0,"",F9*100/D9),"") | I9: =IFERROR(C9+H9,"") | J9: =IFERROR(IF(G9="","",IF(G9>5,"STRONG",IF(G9>2,"ATTRACTIVE",IF(G9>0,"OK","WEAK")))),"")
A10: =Bonds_Static!A10 | B10: =Bonds_Static!C10 | C10: =IFERROR(Bonds_Live!L10,"") | D10: =IFERROR(Bonds_Live!R10,"") | E10: =IFERROR(C10*D10,"") | F10: =IFERROR(Carry_Roll!M10,"") | G10: =IFERROR(IF(E10=0,"",F10*100/E10),"") | H10: =IFERROR(IF(D10=0,"",F10*100/D10),"") | I10: =IFERROR(C10+H10,"") | J10: =IFERROR(IF(G10="","",IF(G10>5,"STRONG",IF(G10>2,"ATTRACTIVE",IF(G10>0,"OK","WEAK")))),"")
A11: =Bonds_Static!A11 | B11: =Bonds_Static!C11 | C11: =IFERROR(Bonds_Live!L11,"") | D11: =IFERROR(Bonds_Live!R11,"") | E11: =IFERROR(C11*D11,"") | F11: =IFERROR(Carry_Roll!M11,"") | G11: =IFERROR(IF(E11=0,"",F11*100/E11),"") | H11: =IFERROR(IF(D11=0,"",F11*100/D11),"") | I11: =IFERROR(C11+H11,"") | J11: =IFERROR(IF(G11="","",IF(G11>5,"STRONG",IF(G11>2,"ATTRACTIVE",IF(G11>0,"OK","WEAK")))),"")
A12: =Bonds_Static!A12 | B12: =Bonds_Static!C12 | C12: =IFERROR(Bonds_Live!L12,"") | D12: =IFERROR(Bonds_Live!R12,"") | E12: =IFERROR(C12*D12,"") | F12: =IFERROR(Carry_Roll!M12,"") | G12: =IFERROR(IF(E12=0,"",F12*100/E12),"") | H12: =IFERROR(IF(D12=0,"",F12*100/D12),"") | I12: =IFERROR(C12+H12,"") | J12: =IFERROR(IF(G12="","",IF(G12>5,"STRONG",IF(G12>2,"ATTRACTIVE",IF(G12>0,"OK","WEAK")))),"")
A13: =Bonds_Static!A13 | B13: =Bonds_Static!C13 | C13: =IFERROR(Bonds_Live!L13,"") | D13: =IFERROR(Bonds_Live!R13,"") | E13: =IFERROR(C13*D13,"") | F13: =IFERROR(Carry_Roll!M13,"") | G13: =IFERROR(IF(E13=0,"",F13*100/E13),"") | H13: =IFERROR(IF(D13=0,"",F13*100/D13),"") | I13: =IFERROR(C13+H13,"") | J13: =IFERROR(IF(G13="","",IF(G13>5,"STRONG",IF(G13>2,"ATTRACTIVE",IF(G13>0,"OK","WEAK")))),"")
... A26: =Bonds_Static!A26 | B26: =Bonds_Static!C26 | C26: =IFERROR(Bonds_Live!L26,"") | D26: =IFERROR(Bonds_Live!R26,"") | E26: =IFERROR(C26*D26,"") | F26: =IFERROR(Carry_Roll!M26,"") | G26: =IFERROR(IF(E26=0,"",F26*100/E26),"") | H26: =IFERROR(IF(D26=0,"",F26*100/D26),"") | I26: =IFERROR(C26+H26,"") | J26: =IFERROR(IF(G26="","",IF(G26>5,"STRONG",IF(G26>2,"ATTRACTIVE",IF(G26>0,"OK","WEAK")))),"")

Sheet Spread_History
A1: Spread_History — 1Y BDH-driven distribution stats (refresh may take a few seconds)
A2: ISIN | B2: Description | C2: Z-Spr Now (bp) | D2: 1Y Min | E2: 1Y Max | F2: 1Y Avg | G2: 1Y Stdev | H2: 1Y Percentile | I2: 1Y Z-Score | J2: 30D Avg | K2: Signal
A3: =Bonds_Static!A2 | B3: =Bonds_Static!C2 | C3: =IFERROR(Bonds_Live!L2,"") | D3: =IFERROR(MIN(INDEX(BDH("/isin/"&$A3,"YAS_ZSPREAD","-1Y","0D"),0,2)),"") | E3: =IFERROR(MAX(INDEX(BDH("/isin/"&$A3,"YAS_ZSPREAD","-1Y","0D"),0,2)),"") | F3: =IFERROR(AVERAGE(INDEX(BDH("/isin/"&$A3,"YAS_ZSPREAD","-1Y","0D"),0,2)),"") | G3: =IFERROR(STDEV(INDEX(BDH("/isin/"&$A3,"YAS_ZSPREAD","-1Y","0D"),0,2)),"") | H3: =IFERROR(PERCENTRANK.INC(INDEX(BDH("/isin/"&$A3,"YAS_ZSPREAD","-1Y","0D"),0,2),C3)*100,"") | I3: =IFERROR(IF(G3=0,"",(C3-F3)/G3),"") | J3: =IFERROR(AVERAGE(INDEX(BDH("/isin/"&$A3,"YAS_ZSPREAD","-1M","0D"),0,2)),"") | K3: =IFERROR(IF(H3="","",IF(H3>=80,"CHEAP — buy",IF(H3>=60,"slightly cheap",IF(H3>=40,"FAIR",IF(H3>=20,"slightly rich","RICH — sell"))))),"")
A4: =Bonds_Static!A3 | B4: =Bonds_Static!C3 | C4: =IFERROR(Bonds_Live!L3,"") | D4: =IFERROR(MIN(INDEX(BDH("/isin/"&$A4,"YAS_ZSPREAD","-1Y","0D"),0,2)),"") | E4: =IFERROR(MAX(INDEX(BDH("/isin/"&$A4,"YAS_ZSPREAD","-1Y","0D"),0,2)),"") | F4: =IFERROR(AVERAGE(INDEX(BDH("/isin/"&$A4,"YAS_ZSPREAD","-1Y","0D"),0,2)),"") | G4: =IFERROR(STDEV(INDEX(BDH("/isin/"&$A4,"YAS_ZSPREAD","-1Y","0D"),0,2)),"") | H4: =IFERROR(PERCENTRANK.INC(INDEX(BDH("/isin/"&$A4,"YAS_ZSPREAD","-1Y","0D"),0,2),C4)*100,"") | I4: =IFERROR(IF(G4=0,"",(C4-F4)/G4),"") | J4: =IFERROR(AVERAGE(INDEX(BDH("/isin/"&$A4,"YAS_ZSPREAD","-1M","0D"),0,2)),"") | K4: =IFERROR(IF(H4="","",IF(H4>=80,"CHEAP — buy",IF(H4>=60,"slightly cheap",IF(H4>=40,"FAIR",IF(H4>=20,"slightly rich","RICH — sell"))))),"")
A5: =Bonds_Static!A4 | B5: =Bonds_Static!C4 | C5: =IFERROR(Bonds_Live!L4,"") | D5: =IFERROR(MIN(INDEX(BDH("/isin/"&$A5,"YAS_ZSPREAD","-1Y","0D"),0,2)),"") | E5: =IFERROR(MAX(INDEX(BDH("/isin/"&$A5,"YAS_ZSPREAD","-1Y","0D"),0,2)),"") | F5: =IFERROR(AVERAGE(INDEX(BDH("/isin/"&$A5,"YAS_ZSPREAD","-1Y","0D"),0,2)),"") | G5: =IFERROR(STDEV(INDEX(BDH("/isin/"&$A5,"YAS_ZSPREAD","-1Y","0D"),0,2)),"") | H5: =IFERROR(PERCENTRANK.INC(INDEX(BDH("/isin/"&$A5,"YAS_ZSPREAD","-1Y","0D"),0,2),C5)*100,"") | I5: =IFERROR(IF(G5=0,"",(C5-F5)/G5),"") | J5: =IFERROR(AVERAGE(INDEX(BDH("/isin/"&$A5,"YAS_ZSPREAD","-1M","0D"),0,2)),"") | K5: =IFERROR(IF(H5="","",IF(H5>=80,"CHEAP — buy",IF(H5>=60,"slightly cheap",IF(H5>=40,"FAIR",IF(H5>=20,"slightly rich","RICH — sell"))))),"")
A6: =Bonds_Static!A5 | B6: =Bonds_Static!C5 | C6: =IFERROR(Bonds_Live!L5,"") | D6: =IFERROR(MIN(INDEX(BDH("/isin/"&$A6,"YAS_ZSPREAD","-1Y","0D"),0,2)),"") | E6: =IFERROR(MAX(INDEX(BDH("/isin/"&$A6,"YAS_ZSPREAD","-1Y","0D"),0,2)),"") | F6: =IFERROR(AVERAGE(INDEX(BDH("/isin/"&$A6,"YAS_ZSPREAD","-1Y","0D"),0,2)),"") | G6: =IFERROR(STDEV(INDEX(BDH("/isin/"&$A6,"YAS_ZSPREAD","-1Y","0D"),0,2)),"") | H6: =IFERROR(PERCENTRANK.INC(INDEX(BDH("/isin/"&$A6,"YAS_ZSPREAD","-1Y","0D"),0,2),C6)*100,"") | I6: =IFERROR(IF(G6=0,"",(C6-F6)/G6),"") | J6: =IFERROR(AVERAGE(INDEX(BDH("/isin/"&$A6,"YAS_ZSPREAD","-1M","0D"),0,2)),"") | K6: =IFERROR(IF(H6="","",IF(H6>=80,"CHEAP — buy",IF(H6>=60,"slightly cheap",IF(H6>=40,"FAIR",IF(H6>=20,"slightly rich","RICH — sell"))))),"")
A7: =Bonds_Static!A6 | B7: =Bonds_Static!C6 | C7: =IFERROR(Bonds_Live!L6,"") | D7: =IFERROR(MIN(INDEX(BDH("/isin/"&$A7,"YAS_ZSPREAD","-1Y","0D"),0,2)),"") | E7: =IFERROR(MAX(INDEX(BDH("/isin/"&$A7,"YAS_ZSPREAD","-1Y","0D"),0,2)),"") | F7: =IFERROR(AVERAGE(INDEX(BDH("/isin/"&$A7,"YAS_ZSPREAD","-1Y","0D"),0,2)),"") | G7: =IFERROR(STDEV(INDEX(BDH("/isin/"&$A7,"YAS_ZSPREAD","-1Y","0D"),0,2)),"") | H7: =IFERROR(PERCENTRANK.INC(INDEX(BDH("/isin/"&$A7,"YAS_ZSPREAD","-1Y","0D"),0,2),C7)*100,"") | I7: =IFERROR(IF(G7=0,"",(C7-F7)/G7),"") | J7: =IFERROR(AVERAGE(INDEX(BDH("/isin/"&$A7,"YAS_ZSPREAD","-1M","0D"),0,2)),"") | K7: =IFERROR(IF(H7="","",IF(H7>=80,"CHEAP — buy",IF(H7>=60,"slightly cheap",IF(H7>=40,"FAIR",IF(H7>=20,"slightly rich","RICH — sell"))))),"")
A8: =Bonds_Static!A7 | B8: =Bonds_Static!C7 | C8: =IFERROR(Bonds_Live!L7,"") | D8: =IFERROR(MIN(INDEX(BDH("/isin/"&$A8,"YAS_ZSPREAD","-1Y","0D"),0,2)),"") | E8: =IFERROR(MAX(INDEX(BDH("/isin/"&$A8,"YAS_ZSPREAD","-1Y","0D"),0,2)),"") | F8: =IFERROR(AVERAGE(INDEX(BDH("/isin/"&$A8,"YAS_ZSPREAD","-1Y","0D"),0,2)),"") | G8: =IFERROR(STDEV(INDEX(BDH("/isin/"&$A8,"YAS_ZSPREAD","-1Y","0D"),0,2)),"") | H8: =IFERROR(PERCENTRANK.INC(INDEX(BDH("/isin/"&$A8,"YAS_ZSPREAD","-1Y","0D"),0,2),C8)*100,"") | I8: =IFERROR(IF(G8=0,"",(C8-F8)/G8),"") | J8: =IFERROR(AVERAGE(INDEX(BDH("/isin/"&$A8,"YAS_ZSPREAD","-1M","0D"),0,2)),"") | K8: =IFERROR(IF(H8="","",IF(H8>=80,"CHEAP — buy",IF(H8>=60,"slightly cheap",IF(H8>=40,"FAIR",IF(H8>=20,"slightly rich","RICH — sell"))))),"")
A9: =Bonds_Static!A8 | B9: =Bonds_Static!C8 | C9: =IFERROR(Bonds_Live!L8,"") | D9: =IFERROR(MIN(INDEX(BDH("/isin/"&$A9,"YAS_ZSPREAD","-1Y","0D"),0,2)),"") | E9: =IFERROR(MAX(INDEX(BDH("/isin/"&$A9,"YAS_ZSPREAD","-1Y","0D"),0,2)),"") | F9: =IFERROR(AVERAGE(INDEX(BDH("/isin/"&$A9,"YAS_ZSPREAD","-1Y","0D"),0,2)),"") | G9: =IFERROR(STDEV(INDEX(BDH("/isin/"&$A9,"YAS_ZSPREAD","-1Y","0D"),0,2)),"") | H9: =IFERROR(PERCENTRANK.INC(INDEX(BDH("/isin/"&$A9,"YAS_ZSPREAD","-1Y","0D"),0,2),C9)*100,"") | I9: =IFERROR(IF(G9=0,"",(C9-F9)/G9),"") | J9: =IFERROR(AVERAGE(INDEX(BDH("/isin/"&$A9,"YAS_ZSPREAD","-1M","0D"),0,2)),"") | K9: =IFERROR(IF(H9="","",IF(H9>=80,"CHEAP — buy",IF(H9>=60,"slightly cheap",IF(H9>=40,"FAIR",IF(H9>=20,"slightly rich","RICH — sell"))))),"")
A10: =Bonds_Static!A9 | B10: =Bonds_Static!C9 | C10: =IFERROR(Bonds_Live!L9,"") | D10: =IFERROR(MIN(INDEX(BDH("/isin/"&$A10,"YAS_ZSPREAD","-1Y","0D"),0,2)),"") | E10: =IFERROR(MAX(INDEX(BDH("/isin/"&$A10,"YAS_ZSPREAD","-1Y","0D"),0,2)),"") | F10: =IFERROR(AVERAGE(INDEX(BDH("/isin/"&$A10,"YAS_ZSPREAD","-1Y","0D"),0,2)),"") | G10: =IFERROR(STDEV(INDEX(BDH("/isin/"&$A10,"YAS_ZSPREAD","-1Y","0D"),0,2)),"") | H10: =IFERROR(PERCENTRANK.INC(INDEX(BDH("/isin/"&$A10,"YAS_ZSPREAD","-1Y","0D"),0,2),C10)*100,"") | I10: =IFERROR(IF(G10=0,"",(C10-F10)/G10),"") | J10: =IFERROR(AVERAGE(INDEX(BDH("/isin/"&$A10,"YAS_ZSPREAD","-1M","0D"),0,2)),"") | K10: =IFERROR(IF(H10="","",IF(H10>=80,"CHEAP — buy",IF(H10>=60,"slightly cheap",IF(H10>=40,"FAIR",IF(H10>=20,"slightly rich","RICH — sell"))))),"")
A11: =Bonds_Static!A10 | B11: =Bonds_Static!C10 | C11: =IFERROR(Bonds_Live!L10,"") | D11: =IFERROR(MIN(INDEX(BDH("/isin/"&$A11,"YAS_ZSPREAD","-1Y","0D"),0,2)),"") | E11: =IFERROR(MAX(INDEX(BDH("/isin/"&$A11,"YAS_ZSPREAD","-1Y","0D"),0,2)),"") | F11: =IFERROR(AVERAGE(INDEX(BDH("/isin/"&$A11,"YAS_ZSPREAD","-1Y","0D"),0,2)),"") | G11: =IFERROR(STDEV(INDEX(BDH("/isin/"&$A11,"YAS_ZSPREAD","-1Y","0D"),0,2)),"") | H11: =IFERROR(PERCENTRANK.INC(INDEX(BDH("/isin/"&$A11,"YAS_ZSPREAD","-1Y","0D"),0,2),C11)*100,"") | I11: =IFERROR(IF(G11=0,"",(C11-F11)/G11),"") | J11: =IFERROR(AVERAGE(INDEX(BDH("/isin/"&$A11,"YAS_ZSPREAD","-1M","0D"),0,2)),"") | K11: =IFERROR(IF(H11="","",IF(H11>=80,"CHEAP — buy",IF(H11>=60,"slightly cheap",IF(H11>=40,"FAIR",IF(H11>=20,"slightly rich","RICH — sell"))))),"")
A12: =Bonds_Static!A11 | B12: =Bonds_Static!C11 | C12: =IFERROR(Bonds_Live!L11,"") | D12: =IFERROR(MIN(INDEX(BDH("/isin/"&$A12,"YAS_ZSPREAD","-1Y","0D"),0,2)),"") | E12: =IFERROR(MAX(INDEX(BDH("/isin/"&$A12,"YAS_ZSPREAD","-1Y","0D"),0,2)),"") | F12: =IFERROR(AVERAGE(INDEX(BDH("/isin/"&$A12,"YAS_ZSPREAD","-1Y","0D"),0,2)),"") | G12: =IFERROR(STDEV(INDEX(BDH("/isin/"&$A12,"YAS_ZSPREAD","-1Y","0D"),0,2)),"") | H12: =IFERROR(PERCENTRANK.INC(INDEX(BDH("/isin/"&$A12,"YAS_ZSPREAD","-1Y","0D"),0,2),C12)*100,"") | I12: =IFERROR(IF(G12=0,"",(C12-F12)/G12),"") | J12: =IFERROR(AVERAGE(INDEX(BDH("/isin/"&$A12,"YAS_ZSPREAD","-1M","0D"),0,2)),"") | K12: =IFERROR(IF(H12="","",IF(H12>=80,"CHEAP — buy",IF(H12>=60,"slightly cheap",IF(H12>=40,"FAIR",IF(H12>=20,"slightly rich","RICH — sell"))))),"")
A13: =Bonds_Static!A12 | B13: =Bonds_Static!C12 | C13: =IFERROR(Bonds_Live!L12,"") | D13: =IFERROR(MIN(INDEX(BDH("/isin/"&$A13,"YAS_ZSPREAD","-1Y","0D"),0,2)),"") | E13: =IFERROR(MAX(INDEX(BDH("/isin/"&$A13,"YAS_ZSPREAD","-1Y","0D"),0,2)),"") | F13: =IFERROR(AVERAGE(INDEX(BDH("/isin/"&$A13,"YAS_ZSPREAD","-1Y","0D"),0,2)),"") | G13: =IFERROR(STDEV(INDEX(BDH("/isin/"&$A13,"YAS_ZSPREAD","-1Y","0D"),0,2)),"") | H13: =IFERROR(PERCENTRANK.INC(INDEX(BDH("/isin/"&$A13,"YAS_ZSPREAD","-1Y","0D"),0,2),C13)*100,"") | I13: =IFERROR(IF(G13=0,"",(C13-F13)/G13),"") | J13: =IFERROR(AVERAGE(INDEX(BDH("/isin/"&$A13,"YAS_ZSPREAD","-1M","0D"),0,2)),"") | K13: =IFERROR(IF(H13="","",IF(H13>=80,"CHEAP — buy",IF(H13>=60,"slightly cheap",IF(H13>=40,"FAIR",IF(H13>=20,"slightly rich","RICH — sell"))))),"")
A14: =Bonds_Static!A13 | B14: =Bonds_Static!C13 | C14: =IFERROR(Bonds_Live!L13,"") | D14: =IFERROR(MIN(INDEX(BDH("/isin/"&$A14,"YAS_ZSPREAD","-1Y","0D"),0,2)),"") | E14: =IFERROR(MAX(INDEX(BDH("/isin/"&$A14,"YAS_ZSPREAD","-1Y","0D"),0,2)),"") | F14: =IFERROR(AVERAGE(INDEX(BDH("/isin/"&$A14,"YAS_ZSPREAD","-1Y","0D"),0,2)),"") | G14: =IFERROR(STDEV(INDEX(BDH("/isin/"&$A14,"YAS_ZSPREAD","-1Y","0D"),0,2)),"") | H14: =IFERROR(PERCENTRANK.INC(INDEX(BDH("/isin/"&$A14,"YAS_ZSPREAD","-1Y","0D"),0,2),C14)*100,"") | I14: =IFERROR(IF(G14=0,"",(C14-F14)/G14),"") | J14: =IFERROR(AVERAGE(INDEX(BDH("/isin/"&$A14,"YAS_ZSPREAD","-1M","0D"),0,2)),"") | K14: =IFERROR(IF(H14="","",IF(H14>=80,"CHEAP — buy",IF(H14>=60,"slightly cheap",IF(H14>=40,"FAIR",IF(H14>=20,"slightly rich","RICH — sell"))))),"")
... A27: =Bonds_Static!A26 | B27: =Bonds_Static!C26 | C27: =IFERROR(Bonds_Live!L26,"") | D27: =IFERROR(MIN(INDEX(BDH("/isin/"&$A27,"YAS_ZSPREAD","-1Y","0D"),0,2)),"") | E27: =IFERROR(MAX(INDEX(BDH("/isin/"&$A27,"YAS_ZSPREAD","-1Y","0D"),0,2)),"") | F27: =IFERROR(AVERAGE(INDEX(BDH("/isin/"&$A27,"YAS_ZSPREAD","-1Y","0D"),0,2)),"") | G27: =IFERROR(STDEV(INDEX(BDH("/isin/"&$A27,"YAS_ZSPREAD","-1Y","0D"),0,2)),"") | H27: =IFERROR(PERCENTRANK.INC(INDEX(BDH("/isin/"&$A27,"YAS_ZSPREAD","-1Y","0D"),0,2),C27)*100,"") | I27: =IFERROR(IF(G27=0,"",(C27-F27)/G27),"") | J27: =IFERROR(AVERAGE(INDEX(BDH("/isin/"&$A27,"YAS_ZSPREAD","-1M","0D"),0,2)),"") | K27: =IFERROR(IF(H27="","",IF(H27>=80,"CHEAP — buy",IF(H27>=60,"slightly cheap",IF(H27>=40,"FAIR",IF(H27>=20,"slightly rich","RICH — sell"))))),"")

Sheet Implied_PD
A1: Implied_PD — credit-risk decomposition
A2: Recovery assumption (input on Settings!C53) → | C2: =Settings!C53 | D2: LGD = 1 − Recovery → | G2: =1-C2
A3: ISIN | B3: Description | C3: Z-Spr (bp) | D3: Yrs to Maty | E3: Hazard rate (annual) | F3: Cum. PD over life | G3: Breakeven recovery (vs peers) | H3: Implied 5Y PD | I3: Tag
A4: =Bonds_Static!A2 | B4: =Bonds_Static!C2 | C4: =IFERROR(Bonds_Live!L2,"") | D4: =IFERROR(Bonds_Static!G2,"") | E4: =IFERROR(IF(OR(C4="",$G$2=0),"",(C4/10000)/$G$2),"") | F4: =IFERROR(IF(OR(E4="",D4=""),"",1-EXP(-E4*D4)),"") | G4: =IFERROR(IF(C4="","",1-(C4/10000)/AVERAGE($E$4:$E$28)),"") | H4: =IFERROR(IF(E4="","",1-EXP(-E4*5)),"") | I4: =IFERROR(IF(G4="","",IF(G4>$C$2+0.05,"RICHER than peers",IF(G4<$C$2-0.05,"CHEAPER than peers","in line"))),"")
A5: =Bonds_Static!A3 | B5: =Bonds_Static!C3 | C5: =IFERROR(Bonds_Live!L3,"") | D5: =IFERROR(Bonds_Static!G3,"") | E5: =IFERROR(IF(OR(C5="",$G$2=0),"",(C5/10000)/$G$2),"") | F5: =IFERROR(IF(OR(E5="",D5=""),"",1-EXP(-E5*D5)),"") | G5: =IFERROR(IF(C5="","",1-(C5/10000)/AVERAGE($E$4:$E$28)),"") | H5: =IFERROR(IF(E5="","",1-EXP(-E5*5)),"") | I5: =IFERROR(IF(G5="","",IF(G5>$C$2+0.05,"RICHER than peers",IF(G5<$C$2-0.05,"CHEAPER than peers","in line"))),"")
A6: =Bonds_Static!A4 | B6: =Bonds_Static!C4 | C6: =IFERROR(Bonds_Live!L4,"") | D6: =IFERROR(Bonds_Static!G4,"") | E6: =IFERROR(IF(OR(C6="",$G$2=0),"",(C6/10000)/$G$2),"") | F6: =IFERROR(IF(OR(E6="",D6=""),"",1-EXP(-E6*D6)),"") | G6: =IFERROR(IF(C6="","",1-(C6/10000)/AVERAGE($E$4:$E$28)),"") | H6: =IFERROR(IF(E6="","",1-EXP(-E6*5)),"") | I6: =IFERROR(IF(G6="","",IF(G6>$C$2+0.05,"RICHER than peers",IF(G6<$C$2-0.05,"CHEAPER than peers","in line"))),"")
A7: =Bonds_Static!A5 | B7: =Bonds_Static!C5 | C7: =IFERROR(Bonds_Live!L5,"") | D7: =IFERROR(Bonds_Static!G5,"") | E7: =IFERROR(IF(OR(C7="",$G$2=0),"",(C7/10000)/$G$2),"") | F7: =IFERROR(IF(OR(E7="",D7=""),"",1-EXP(-E7*D7)),"") | G7: =IFERROR(IF(C7="","",1-(C7/10000)/AVERAGE($E$4:$E$28)),"") | H7: =IFERROR(IF(E7="","",1-EXP(-E7*5)),"") | I7: =IFERROR(IF(G7="","",IF(G7>$C$2+0.05,"RICHER than peers",IF(G7<$C$2-0.05,"CHEAPER than peers","in line"))),"")
A8: =Bonds_Static!A6 | B8: =Bonds_Static!C6 | C8: =IFERROR(Bonds_Live!L6,"") | D8: =IFERROR(Bonds_Static!G6,"") | E8: =IFERROR(IF(OR(C8="",$G$2=0),"",(C8/10000)/$G$2),"") | F8: =IFERROR(IF(OR(E8="",D8=""),"",1-EXP(-E8*D8)),"") | G8: =IFERROR(IF(C8="","",1-(C8/10000)/AVERAGE($E$4:$E$28)),"") | H8: =IFERROR(IF(E8="","",1-EXP(-E8*5)),"") | I8: =IFERROR(IF(G8="","",IF(G8>$C$2+0.05,"RICHER than peers",IF(G8<$C$2-0.05,"CHEAPER than peers","in line"))),"")
A9: =Bonds_Static!A7 | B9: =Bonds_Static!C7 | C9: =IFERROR(Bonds_Live!L7,"") | D9: =IFERROR(Bonds_Static!G7,"") | E9: =IFERROR(IF(OR(C9="",$G$2=0),"",(C9/10000)/$G$2),"") | F9: =IFERROR(IF(OR(E9="",D9=""),"",1-EXP(-E9*D9)),"") | G9: =IFERROR(IF(C9="","",1-(C9/10000)/AVERAGE($E$4:$E$28)),"") | H9: =IFERROR(IF(E9="","",1-EXP(-E9*5)),"") | I9: =IFERROR(IF(G9="","",IF(G9>$C$2+0.05,"RICHER than peers",IF(G9<$C$2-0.05,"CHEAPER than peers","in line"))),"")
A10: =Bonds_Static!A8 | B10: =Bonds_Static!C8 | C10: =IFERROR(Bonds_Live!L8,"") | D10: =IFERROR(Bonds_Static!G8,"") | E10: =IFERROR(IF(OR(C10="",$G$2=0),"",(C10/10000)/$G$2),"") | F10: =IFERROR(IF(OR(E10="",D10=""),"",1-EXP(-E10*D10)),"") | G10: =IFERROR(IF(C10="","",1-(C10/10000)/AVERAGE($E$4:$E$28)),"") | H10: =IFERROR(IF(E10="","",1-EXP(-E10*5)),"") | I10: =IFERROR(IF(G10="","",IF(G10>$C$2+0.05,"RICHER than peers",IF(G10<$C$2-0.05,"CHEAPER than peers","in line"))),"")
A11: =Bonds_Static!A9 | B11: =Bonds_Static!C9 | C11: =IFERROR(Bonds_Live!L9,"") | D11: =IFERROR(Bonds_Static!G9,"") | E11: =IFERROR(IF(OR(C11="",$G$2=0),"",(C11/10000)/$G$2),"") | F11: =IFERROR(IF(OR(E11="",D11=""),"",1-EXP(-E11*D11)),"") | G11: =IFERROR(IF(C11="","",1-(C11/10000)/AVERAGE($E$4:$E$28)),"") | H11: =IFERROR(IF(E11="","",1-EXP(-E11*5)),"") | I11: =IFERROR(IF(G11="","",IF(G11>$C$2+0.05,"RICHER than peers",IF(G11<$C$2-0.05,"CHEAPER than peers","in line"))),"")
A12: =Bonds_Static!A10 | B12: =Bonds_Static!C10 | C12: =IFERROR(Bonds_Live!L10,"") | D12: =IFERROR(Bonds_Static!G10,"") | E12: =IFERROR(IF(OR(C12="",$G$2=0),"",(C12/10000)/$G$2),"") | F12: =IFERROR(IF(OR(E12="",D12=""),"",1-EXP(-E12*D12)),"") | G12: =IFERROR(IF(C12="","",1-(C12/10000)/AVERAGE($E$4:$E$28)),"") | H12: =IFERROR(IF(E12="","",1-EXP(-E12*5)),"") | I12: =IFERROR(IF(G12="","",IF(G12>$C$2+0.05,"RICHER than peers",IF(G12<$C$2-0.05,"CHEAPER than peers","in line"))),"")
A13: =Bonds_Static!A11 | B13: =Bonds_Static!C11 | C13: =IFERROR(Bonds_Live!L11,"") | D13: =IFERROR(Bonds_Static!G11,"") | E13: =IFERROR(IF(OR(C13="",$G$2=0),"",(C13/10000)/$G$2),"") | F13: =IFERROR(IF(OR(E13="",D13=""),"",1-EXP(-E13*D13)),"") | G13: =IFERROR(IF(C13="","",1-(C13/10000)/AVERAGE($E$4:$E$28)),"") | H13: =IFERROR(IF(E13="","",1-EXP(-E13*5)),"") | I13: =IFERROR(IF(G13="","",IF(G13>$C$2+0.05,"RICHER than peers",IF(G13<$C$2-0.05,"CHEAPER than peers","in line"))),"")
A14: =Bonds_Static!A12 | B14: =Bonds_Static!C12 | C14: =IFERROR(Bonds_Live!L12,"") | D14: =IFERROR(Bonds_Static!G12,"") | E14: =IFERROR(IF(OR(C14="",$G$2=0),"",(C14/10000)/$G$2),"") | F14: =IFERROR(IF(OR(E14="",D14=""),"",1-EXP(-E14*D14)),"") | G14: =IFERROR(IF(C14="","",1-(C14/10000)/AVERAGE($E$4:$E$28)),"") | H14: =IFERROR(IF(E14="","",1-EXP(-E14*5)),"") | I14: =IFERROR(IF(G14="","",IF(G14>$C$2+0.05,"RICHER than peers",IF(G14<$C$2-0.05,"CHEAPER than peers","in line"))),"")
A15: =Bonds_Static!A13 | B15: =Bonds_Static!C13 | C15: =IFERROR(Bonds_Live!L13,"") | D15: =IFERROR(Bonds_Static!G13,"") | E15: =IFERROR(IF(OR(C15="",$G$2=0),"",(C15/10000)/$G$2),"") | F15: =IFERROR(IF(OR(E15="",D15=""),"",1-EXP(-E15*D15)),"") | G15: =IFERROR(IF(C15="","",1-(C15/10000)/AVERAGE($E$4:$E$28)),"") | H15: =IFERROR(IF(E15="","",1-EXP(-E15*5)),"") | I15: =IFERROR(IF(G15="","",IF(G15>$C$2+0.05,"RICHER than peers",IF(G15<$C$2-0.05,"CHEAPER than peers","in line"))),"")
... A28: =Bonds_Static!A26 | B28: =Bonds_Static!C26 | C28: =IFERROR(Bonds_Live!L26,"") | D28: =IFERROR(Bonds_Static!G26,"") | E28: =IFERROR(IF(OR(C28="",$G$2=0),"",(C28/10000)/$G$2),"") | F28: =IFERROR(IF(OR(E28="",D28=""),"",1-EXP(-E28*D28)),"") | G28: =IFERROR(IF(C28="","",1-(C28/10000)/AVERAGE($E$4:$E$28)),"") | H28: =IFERROR(IF(E28="","",1-EXP(-E28*5)),"") | I28: =IFERROR(IF(G28="","",IF(G28>$C$2+0.05,"RICHER than peers",IF(G28<$C$2-0.05,"CHEAPER than peers","in line"))),"")
A30: Hazard rate is a simple decomposition: λ = (Z-spread / LGD). Breakeven recovery is the recovery that would make this bond fair to the cross-sectional avg hazard — compare to your assumed recovery; a higher breakeven recovery implies the bond looks rich vs peers.

Sheet TR_Scenarios
A1: Total-Return Scenarios — 12M horizon
A2: ISIN | B2: Description | C2: τ (yrs) | D2: C+R 12M (%) | E2: ΔUST -100|Δspr -100 | F2: ΔUST -100|Δspr -50 | G2: ΔUST -100|Δspr +0 | H2: ΔUST -100|Δspr +50 | I2: ΔUST -100|Δspr +100 | J2: ΔUST -50|Δspr -100 | K2: ΔUST -50|Δspr -50 | L2: ΔUST -50|Δspr +0 | M2: ΔUST -50|Δspr +50 | N2: ΔUST -50|Δspr +100 | O2: ΔUST +0|Δspr -100 | P2: ΔUST +0|Δspr -50 | Q2: ΔUST +0|Δspr +0 | R2: ΔUST +0|Δspr +50 | S2: ΔUST +0|Δspr +100 | T2: ΔUST +50|Δspr -100 | U2: ΔUST +50|Δspr -50 | V2: ΔUST +50|Δspr +0 | W2: ΔUST +50|Δspr +50 | X2: ΔUST +50|Δspr +100 | Y2: ΔUST +100|Δspr -100 | Z2: ΔUST +100|Δspr -50 | AA2: ΔUST +100|Δspr +0 | AB2: ΔUST +100|Δspr +50 | AC2: ΔUST +100|Δspr +100
A3: =Bonds_Static!A2 | B3: =Bonds_Static!C2 | C3: =IFERROR(Bonds_Static!G2,"") | D3: =IFERROR(Carry_Roll!M2,"") | E3: =IFERROR(IF(OR(D3="",Bonds_Live!Q2="",Bonds_Live!S2=""),"",D3 + (-Bonds_Live!Q2*(-200)/100 + Bonds_Live!S2*POWER(-200,2)/2000000)),"") | F3: =IFERROR(IF(OR(D3="",Bonds_Live!Q2="",Bonds_Live!S2=""),"",D3 + (-Bonds_Live!Q2*(-150)/100 + Bonds_Live!S2*POWER(-150,2)/2000000)),"") | G3: =IFERROR(IF(OR(D3="",Bonds_Live!Q2="",Bonds_Live!S2=""),"",D3 + (-Bonds_Live!Q2*(-100)/100 + Bonds_Live!S2*POWER(-100,2)/2000000)),"") | H3: =IFERROR(IF(OR(D3="",Bonds_Live!Q2="",Bonds_Live!S2=""),"",D3 + (-Bonds_Live!Q2*(-50)/100 + Bonds_Live!S2*POWER(-50,2)/2000000)),"") | I3: =IFERROR(IF(OR(D3="",Bonds_Live!Q2="",Bonds_Live!S2=""),"",D3 + (-Bonds_Live!Q2*(0)/100 + Bonds_Live!S2*POWER(0,2)/2000000)),"") | J3: =IFERROR(IF(OR(D3="",Bonds_Live!Q2="",Bonds_Live!S2=""),"",D3 + (-Bonds_Live!Q2*(-150)/100 + Bonds_Live!S2*POWER(-150,2)/2000000)),"") | K3: =IFERROR(IF(OR(D3="",Bonds_Live!Q2="",Bonds_Live!S2=""),"",D3 + (-Bonds_Live!Q2*(-100)/100 + Bonds_Live!S2*POWER(-100,2)/2000000)),"") | L3: =IFERROR(IF(OR(D3="",Bonds_Live!Q2="",Bonds_Live!S2=""),"",D3 + (-Bonds_Live!Q2*(-50)/100 + Bonds_Live!S2*POWER(-50,2)/2000000)),"") | M3: =IFERROR(IF(OR(D3="",Bonds_Live!Q2="",Bonds_Live!S2=""),"",D3 + (-Bonds_Live!Q2*(0)/100 + Bonds_Live!S2*POWER(0,2)/2000000)),"") | N3: =IFERROR(IF(OR(D3="",Bonds_Live!Q2="",Bonds_Live!S2=""),"",D3 + (-Bonds_Live!Q2*(50)/100 + Bonds_Live!S2*POWER(50,2)/2000000)),"") | O3: =IFERROR(IF(OR(D3="",Bonds_Live!Q2="",Bonds_Live!S2=""),"",D3 + (-Bonds_Live!Q2*(-100)/100 + Bonds_Live!S2*POWER(-100,2)/2000000)),"") | P3: =IFERROR(IF(OR(D3="",Bonds_Live!Q2="",Bonds_Live!S2=""),"",D3 + (-Bonds_Live!Q2*(-50)/100 + Bonds_Live!S2*POWER(-50,2)/2000000)),"") | Q3: =IFERROR(IF(OR(D3="",Bonds_Live!Q2="",Bonds_Live!S2=""),"",D3 + (-Bonds_Live!Q2*(0)/100 + Bonds_Live!S2*POWER(0,2)/2000000)),"") | R3: =IFERROR(IF(OR(D3="",Bonds_Live!Q2="",Bonds_Live!S2=""),"",D3 + (-Bonds_Live!Q2*(50)/100 + Bonds_Live!S2*POWER(50,2)/2000000)),"") | S3: =IFERROR(IF(OR(D3="",Bonds_Live!Q2="",Bonds_Live!S2=""),"",D3 + (-Bonds_Live!Q2*(100)/100 + Bonds_Live!S2*POWER(100,2)/2000000)),"") | T3: =IFERROR(IF(OR(D3="",Bonds_Live!Q2="",Bonds_Live!S2=""),"",D3 + (-Bonds_Live!Q2*(-50)/100 + Bonds_Live!S2*POWER(-50,2)/2000000)),"") | U3: =IFERROR(IF(OR(D3="",Bonds_Live!Q2="",Bonds_Live!S2=""),"",D3 + (-Bonds_Live!Q2*(0)/100 + Bonds_Live!S2*POWER(0,2)/2000000)),"") | V3: =IFERROR(IF(OR(D3="",Bonds_Live!Q2="",Bonds_Live!S2=""),"",D3 + (-Bonds_Live!Q2*(50)/100 + Bonds_Live!S2*POWER(50,2)/2000000)),"") | W3: =IFERROR(IF(OR(D3="",Bonds_Live!Q2="",Bonds_Live!S2=""),"",D3 + (-Bonds_Live!Q2*(100)/100 + Bonds_Live!S2*POWER(100,2)/2000000)),"") | X3: =IFERROR(IF(OR(D3="",Bonds_Live!Q2="",Bonds_Live!S2=""),"",D3 + (-Bonds_Live!Q2*(150)/100 + Bonds_Live!S2*POWER(150,2)/2000000)),"") | Y3: =IFERROR(IF(OR(D3="",Bonds_Live!Q2="",Bonds_Live!S2=""),"",D3 + (-Bonds_Live!Q2*(0)/100 + Bonds_Live!S2*POWER(0,2)/2000000)),"") | Z3: =IFERROR(IF(OR(D3="",Bonds_Live!Q2="",Bonds_Live!S2=""),"",D3 + (-Bonds_Live!Q2*(50)/100 + Bonds_Live!S2*POWER(50,2)/2000000)),"") | AA3: =IFERROR(IF(OR(D3="",Bonds_Live!Q2="",Bonds_Live!S2=""),"",D3 + (-Bonds_Live!Q2*(100)/100 + Bonds_Live!S2*POWER(100,2)/2000000)),"") | AB3: =IFERROR(IF(OR(D3="",Bonds_Live!Q2="",Bonds_Live!S2=""),"",D3 + (-Bonds_Live!Q2*(150)/100 + Bonds_Live!S2*POWER(150,2)/2000000)),"") | AC3: =IFERROR(IF(OR(D3="",Bonds_Live!Q2="",Bonds_Live!S2=""),"",D3 + (-Bonds_Live!Q2*(200)/100 + Bonds_Live!S2*POWER(200,2)/2000000)),"")
A4: =Bonds_Static!A3 | B4: =Bonds_Static!C3 | C4: =IFERROR(Bonds_Static!G3,"") | D4: =IFERROR(Carry_Roll!M3,"") | E4: =IFERROR(IF(OR(D4="",Bonds_Live!Q3="",Bonds_Live!S3=""),"",D4 + (-Bonds_Live!Q3*(-200)/100 + Bonds_Live!S3*POWER(-200,2)/2000000)),"") | F4: =IFERROR(IF(OR(D4="",Bonds_Live!Q3="",Bonds_Live!S3=""),"",D4 + (-Bonds_Live!Q3*(-150)/100 + Bonds_Live!S3*POWER(-150,2)/2000000)),"") | G4: =IFERROR(IF(OR(D4="",Bonds_Live!Q3="",Bonds_Live!S3=""),"",D4 + (-Bonds_Live!Q3*(-100)/100 + Bonds_Live!S3*POWER(-100,2)/2000000)),"") | H4: =IFERROR(IF(OR(D4="",Bonds_Live!Q3="",Bonds_Live!S3=""),"",D4 + (-Bonds_Live!Q3*(-50)/100 + Bonds_Live!S3*POWER(-50,2)/2000000)),"") | I4: =IFERROR(IF(OR(D4="",Bonds_Live!Q3="",Bonds_Live!S3=""),"",D4 + (-Bonds_Live!Q3*(0)/100 + Bonds_Live!S3*POWER(0,2)/2000000)),"") | J4: =IFERROR(IF(OR(D4="",Bonds_Live!Q3="",Bonds_Live!S3=""),"",D4 + (-Bonds_Live!Q3*(-150)/100 + Bonds_Live!S3*POWER(-150,2)/2000000)),"") | K4: =IFERROR(IF(OR(D4="",Bonds_Live!Q3="",Bonds_Live!S3=""),"",D4 + (-Bonds_Live!Q3*(-100)/100 + Bonds_Live!S3*POWER(-100,2)/2000000)),"") | L4: =IFERROR(IF(OR(D4="",Bonds_Live!Q3="",Bonds_Live!S3=""),"",D4 + (-Bonds_Live!Q3*(-50)/100 + Bonds_Live!S3*POWER(-50,2)/2000000)),"") | M4: =IFERROR(IF(OR(D4="",Bonds_Live!Q3="",Bonds_Live!S3=""),"",D4 + (-Bonds_Live!Q3*(0)/100 + Bonds_Live!S3*POWER(0,2)/2000000)),"") | N4: =IFERROR(IF(OR(D4="",Bonds_Live!Q3="",Bonds_Live!S3=""),"",D4 + (-Bonds_Live!Q3*(50)/100 + Bonds_Live!S3*POWER(50,2)/2000000)),"") | O4: =IFERROR(IF(OR(D4="",Bonds_Live!Q3="",Bonds_Live!S3=""),"",D4 + (-Bonds_Live!Q3*(-100)/100 + Bonds_Live!S3*POWER(-100,2)/2000000)),"") | P4: =IFERROR(IF(OR(D4="",Bonds_Live!Q3="",Bonds_Live!S3=""),"",D4 + (-Bonds_Live!Q3*(-50)/100 + Bonds_Live!S3*POWER(-50,2)/2000000)),"") | Q4: =IFERROR(IF(OR(D4="",Bonds_Live!Q3="",Bonds_Live!S3=""),"",D4 + (-Bonds_Live!Q3*(0)/100 + Bonds_Live!S3*POWER(0,2)/2000000)),"") | R4: =IFERROR(IF(OR(D4="",Bonds_Live!Q3="",Bonds_Live!S3=""),"",D4 + (-Bonds_Live!Q3*(50)/100 + Bonds_Live!S3*POWER(50,2)/2000000)),"") | S4: =IFERROR(IF(OR(D4="",Bonds_Live!Q3="",Bonds_Live!S3=""),"",D4 + (-Bonds_Live!Q3*(100)/100 + Bonds_Live!S3*POWER(100,2)/2000000)),"") | T4: =IFERROR(IF(OR(D4="",Bonds_Live!Q3="",Bonds_Live!S3=""),"",D4 + (-Bonds_Live!Q3*(-50)/100 + Bonds_Live!S3*POWER(-50,2)/2000000)),"") | U4: =IFERROR(IF(OR(D4="",Bonds_Live!Q3="",Bonds_Live!S3=""),"",D4 + (-Bonds_Live!Q3*(0)/100 + Bonds_Live!S3*POWER(0,2)/2000000)),"") | V4: =IFERROR(IF(OR(D4="",Bonds_Live!Q3="",Bonds_Live!S3=""),"",D4 + (-Bonds_Live!Q3*(50)/100 + Bonds_Live!S3*POWER(50,2)/2000000)),"") | W4: =IFERROR(IF(OR(D4="",Bonds_Live!Q3="",Bonds_Live!S3=""),"",D4 + (-Bonds_Live!Q3*(100)/100 + Bonds_Live!S3*POWER(100,2)/2000000)),"") | X4: =IFERROR(IF(OR(D4="",Bonds_Live!Q3="",Bonds_Live!S3=""),"",D4 + (-Bonds_Live!Q3*(150)/100 + Bonds_Live!S3*POWER(150,2)/2000000)),"") | Y4: =IFERROR(IF(OR(D4="",Bonds_Live!Q3="",Bonds_Live!S3=""),"",D4 + (-Bonds_Live!Q3*(0)/100 + Bonds_Live!S3*POWER(0,2)/2000000)),"") | Z4: =IFERROR(IF(OR(D4="",Bonds_Live!Q3="",Bonds_Live!S3=""),"",D4 + (-Bonds_Live!Q3*(50)/100 + Bonds_Live!S3*POWER(50,2)/2000000)),"") | AA4: =IFERROR(IF(OR(D4="",Bonds_Live!Q3="",Bonds_Live!S3=""),"",D4 + (-Bonds_Live!Q3*(100)/100 + Bonds_Live!S3*POWER(100,2)/2000000)),"") | AB4: =IFERROR(IF(OR(D4="",Bonds_Live!Q3="",Bonds_Live!S3=""),"",D4 + (-Bonds_Live!Q3*(150)/100 + Bonds_Live!S3*POWER(150,2)/2000000)),"") | AC4: =IFERROR(IF(OR(D4="",Bonds_Live!Q3="",Bonds_Live!S3=""),"",D4 + (-Bonds_Live!Q3*(200)/100 + Bonds_Live!S3*POWER(200,2)/2000000)),"")
A5: =Bonds_Static!A4 | B5: =Bonds_Static!C4 | C5: =IFERROR(Bonds_Static!G4,"") | D5: =IFERROR(Carry_Roll!M4,"") | E5: =IFERROR(IF(OR(D5="",Bonds_Live!Q4="",Bonds_Live!S4=""),"",D5 + (-Bonds_Live!Q4*(-200)/100 + Bonds_Live!S4*POWER(-200,2)/2000000)),"") | F5: =IFERROR(IF(OR(D5="",Bonds_Live!Q4="",Bonds_Live!S4=""),"",D5 + (-Bonds_Live!Q4*(-150)/100 + Bonds_Live!S4*POWER(-150,2)/2000000)),"") | G5: =IFERROR(IF(OR(D5="",Bonds_Live!Q4="",Bonds_Live!S4=""),"",D5 + (-Bonds_Live!Q4*(-100)/100 + Bonds_Live!S4*POWER(-100,2)/2000000)),"") | H5: =IFERROR(IF(OR(D5="",Bonds_Live!Q4="",Bonds_Live!S4=""),"",D5 + (-Bonds_Live!Q4*(-50)/100 + Bonds_Live!S4*POWER(-50,2)/2000000)),"") | I5: =IFERROR(IF(OR(D5="",Bonds_Live!Q4="",Bonds_Live!S4=""),"",D5 + (-Bonds_Live!Q4*(0)/100 + Bonds_Live!S4*POWER(0,2)/2000000)),"") | J5: =IFERROR(IF(OR(D5="",Bonds_Live!Q4="",Bonds_Live!S4=""),"",D5 + (-Bonds_Live!Q4*(-150)/100 + Bonds_Live!S4*POWER(-150,2)/2000000)),"") | K5: =IFERROR(IF(OR(D5="",Bonds_Live!Q4="",Bonds_Live!S4=""),"",D5 + (-Bonds_Live!Q4*(-100)/100 + Bonds_Live!S4*POWER(-100,2)/2000000)),"") | L5: =IFERROR(IF(OR(D5="",Bonds_Live!Q4="",Bonds_Live!S4=""),"",D5 + (-Bonds_Live!Q4*(-50)/100 + Bonds_Live!S4*POWER(-50,2)/2000000)),"") | M5: =IFERROR(IF(OR(D5="",Bonds_Live!Q4="",Bonds_Live!S4=""),"",D5 + (-Bonds_Live!Q4*(0)/100 + Bonds_Live!S4*POWER(0,2)/2000000)),"") | N5: =IFERROR(IF(OR(D5="",Bonds_Live!Q4="",Bonds_Live!S4=""),"",D5 + (-Bonds_Live!Q4*(50)/100 + Bonds_Live!S4*POWER(50,2)/2000000)),"") | O5: =IFERROR(IF(OR(D5="",Bonds_Live!Q4="",Bonds_Live!S4=""),"",D5 + (-Bonds_Live!Q4*(-100)/100 + Bonds_Live!S4*POWER(-100,2)/2000000)),"") | P5: =IFERROR(IF(OR(D5="",Bonds_Live!Q4="",Bonds_Live!S4=""),"",D5 + (-Bonds_Live!Q4*(-50)/100 + Bonds_Live!S4*POWER(-50,2)/2000000)),"") | Q5: =IFERROR(IF(OR(D5="",Bonds_Live!Q4="",Bonds_Live!S4=""),"",D5 + (-Bonds_Live!Q4*(0)/100 + Bonds_Live!S4*POWER(0,2)/2000000)),"") | R5: =IFERROR(IF(OR(D5="",Bonds_Live!Q4="",Bonds_Live!S4=""),"",D5 + (-Bonds_Live!Q4*(50)/100 + Bonds_Live!S4*POWER(50,2)/2000000)),"") | S5: =IFERROR(IF(OR(D5="",Bonds_Live!Q4="",Bonds_Live!S4=""),"",D5 + (-Bonds_Live!Q4*(100)/100 + Bonds_Live!S4*POWER(100,2)/2000000)),"") | T5: =IFERROR(IF(OR(D5="",Bonds_Live!Q4="",Bonds_Live!S4=""),"",D5 + (-Bonds_Live!Q4*(-50)/100 + Bonds_Live!S4*POWER(-50,2)/2000000)),"") | U5: =IFERROR(IF(OR(D5="",Bonds_Live!Q4="",Bonds_Live!S4=""),"",D5 + (-Bonds_Live!Q4*(0)/100 + Bonds_Live!S4*POWER(0,2)/2000000)),"") | V5: =IFERROR(IF(OR(D5="",Bonds_Live!Q4="",Bonds_Live!S4=""),"",D5 + (-Bonds_Live!Q4*(50)/100 + Bonds_Live!S4*POWER(50,2)/2000000)),"") | W5: =IFERROR(IF(OR(D5="",Bonds_Live!Q4="",Bonds_Live!S4=""),"",D5 + (-Bonds_Live!Q4*(100)/100 + Bonds_Live!S4*POWER(100,2)/2000000)),"") | X5: =IFERROR(IF(OR(D5="",Bonds_Live!Q4="",Bonds_Live!S4=""),"",D5 + (-Bonds_Live!Q4*(150)/100 + Bonds_Live!S4*POWER(150,2)/2000000)),"") | Y5: =IFERROR(IF(OR(D5="",Bonds_Live!Q4="",Bonds_Live!S4=""),"",D5 + (-Bonds_Live!Q4*(0)/100 + Bonds_Live!S4*POWER(0,2)/2000000)),"") | Z5: =IFERROR(IF(OR(D5="",Bonds_Live!Q4="",Bonds_Live!S4=""),"",D5 + (-Bonds_Live!Q4*(50)/100 + Bonds_Live!S4*POWER(50,2)/2000000)),"") | AA5: =IFERROR(IF(OR(D5="",Bonds_Live!Q4="",Bonds_Live!S4=""),"",D5 + (-Bonds_Live!Q4*(100)/100 + Bonds_Live!S4*POWER(100,2)/2000000)),"") | AB5: =IFERROR(IF(OR(D5="",Bonds_Live!Q4="",Bonds_Live!S4=""),"",D5 + (-Bonds_Live!Q4*(150)/100 + Bonds_Live!S4*POWER(150,2)/2000000)),"") | AC5: =IFERROR(IF(OR(D5="",Bonds_Live!Q4="",Bonds_Live!S4=""),"",D5 + (-Bonds_Live!Q4*(200)/100 + Bonds_Live!S4*POWER(200,2)/2000000)),"")
A6: =Bonds_Static!A5 | B6: =Bonds_Static!C5 | C6: =IFERROR(Bonds_Static!G5,"") | D6: =IFERROR(Carry_Roll!M5,"") | E6: =IFERROR(IF(OR(D6="",Bonds_Live!Q5="",Bonds_Live!S5=""),"",D6 + (-Bonds_Live!Q5*(-200)/100 + Bonds_Live!S5*POWER(-200,2)/2000000)),"") | F6: =IFERROR(IF(OR(D6="",Bonds_Live!Q5="",Bonds_Live!S5=""),"",D6 + (-Bonds_Live!Q5*(-150)/100 + Bonds_Live!S5*POWER(-150,2)/2000000)),"") | G6: =IFERROR(IF(OR(D6="",Bonds_Live!Q5="",Bonds_Live!S5=""),"",D6 + (-Bonds_Live!Q5*(-100)/100 + Bonds_Live!S5*POWER(-100,2)/2000000)),"") | H6: =IFERROR(IF(OR(D6="",Bonds_Live!Q5="",Bonds_Live!S5=""),"",D6 + (-Bonds_Live!Q5*(-50)/100 + Bonds_Live!S5*POWER(-50,2)/2000000)),"") | I6: =IFERROR(IF(OR(D6="",Bonds_Live!Q5="",Bonds_Live!S5=""),"",D6 + (-Bonds_Live!Q5*(0)/100 + Bonds_Live!S5*POWER(0,2)/2000000)),"") | J6: =IFERROR(IF(OR(D6="",Bonds_Live!Q5="",Bonds_Live!S5=""),"",D6 + (-Bonds_Live!Q5*(-150)/100 + Bonds_Live!S5*POWER(-150,2)/2000000)),"") | K6: =IFERROR(IF(OR(D6="",Bonds_Live!Q5="",Bonds_Live!S5=""),"",D6 + (-Bonds_Live!Q5*(-100)/100 + Bonds_Live!S5*POWER(-100,2)/2000000)),"") | L6: =IFERROR(IF(OR(D6="",Bonds_Live!Q5="",Bonds_Live!S5=""),"",D6 + (-Bonds_Live!Q5*(-50)/100 + Bonds_Live!S5*POWER(-50,2)/2000000)),"") | M6: =IFERROR(IF(OR(D6="",Bonds_Live!Q5="",Bonds_Live!S5=""),"",D6 + (-Bonds_Live!Q5*(0)/100 + Bonds_Live!S5*POWER(0,2)/2000000)),"") | N6: =IFERROR(IF(OR(D6="",Bonds_Live!Q5="",Bonds_Live!S5=""),"",D6 + (-Bonds_Live!Q5*(50)/100 + Bonds_Live!S5*POWER(50,2)/2000000)),"") | O6: =IFERROR(IF(OR(D6="",Bonds_Live!Q5="",Bonds_Live!S5=""),"",D6 + (-Bonds_Live!Q5*(-100)/100 + Bonds_Live!S5*POWER(-100,2)/2000000)),"") | P6: =IFERROR(IF(OR(D6="",Bonds_Live!Q5="",Bonds_Live!S5=""),"",D6 + (-Bonds_Live!Q5*(-50)/100 + Bonds_Live!S5*POWER(-50,2)/2000000)),"") | Q6: =IFERROR(IF(OR(D6="",Bonds_Live!Q5="",Bonds_Live!S5=""),"",D6 + (-Bonds_Live!Q5*(0)/100 + Bonds_Live!S5*POWER(0,2)/2000000)),"") | R6: =IFERROR(IF(OR(D6="",Bonds_Live!Q5="",Bonds_Live!S5=""),"",D6 + (-Bonds_Live!Q5*(50)/100 + Bonds_Live!S5*POWER(50,2)/2000000)),"") | S6: =IFERROR(IF(OR(D6="",Bonds_Live!Q5="",Bonds_Live!S5=""),"",D6 + (-Bonds_Live!Q5*(100)/100 + Bonds_Live!S5*POWER(100,2)/2000000)),"") | T6: =IFERROR(IF(OR(D6="",Bonds_Live!Q5="",Bonds_Live!S5=""),"",D6 + (-Bonds_Live!Q5*(-50)/100 + Bonds_Live!S5*POWER(-50,2)/2000000)),"") | U6: =IFERROR(IF(OR(D6="",Bonds_Live!Q5="",Bonds_Live!S5=""),"",D6 + (-Bonds_Live!Q5*(0)/100 + Bonds_Live!S5*POWER(0,2)/2000000)),"") | V6: =IFERROR(IF(OR(D6="",Bonds_Live!Q5="",Bonds_Live!S5=""),"",D6 + (-Bonds_Live!Q5*(50)/100 + Bonds_Live!S5*POWER(50,2)/2000000)),"") | W6: =IFERROR(IF(OR(D6="",Bonds_Live!Q5="",Bonds_Live!S5=""),"",D6 + (-Bonds_Live!Q5*(100)/100 + Bonds_Live!S5*POWER(100,2)/2000000)),"") | X6: =IFERROR(IF(OR(D6="",Bonds_Live!Q5="",Bonds_Live!S5=""),"",D6 + (-Bonds_Live!Q5*(150)/100 + Bonds_Live!S5*POWER(150,2)/2000000)),"") | Y6: =IFERROR(IF(OR(D6="",Bonds_Live!Q5="",Bonds_Live!S5=""),"",D6 + (-Bonds_Live!Q5*(0)/100 + Bonds_Live!S5*POWER(0,2)/2000000)),"") | Z6: =IFERROR(IF(OR(D6="",Bonds_Live!Q5="",Bonds_Live!S5=""),"",D6 + (-Bonds_Live!Q5*(50)/100 + Bonds_Live!S5*POWER(50,2)/2000000)),"") | AA6: =IFERROR(IF(OR(D6="",Bonds_Live!Q5="",Bonds_Live!S5=""),"",D6 + (-Bonds_Live!Q5*(100)/100 + Bonds_Live!S5*POWER(100,2)/2000000)),"") | AB6: =IFERROR(IF(OR(D6="",Bonds_Live!Q5="",Bonds_Live!S5=""),"",D6 + (-Bonds_Live!Q5*(150)/100 + Bonds_Live!S5*POWER(150,2)/2000000)),"") | AC6: =IFERROR(IF(OR(D6="",Bonds_Live!Q5="",Bonds_Live!S5=""),"",D6 + (-Bonds_Live!Q5*(200)/100 + Bonds_Live!S5*POWER(200,2)/2000000)),"")
A7: =Bonds_Static!A6 | B7: =Bonds_Static!C6 | C7: =IFERROR(Bonds_Static!G6,"") | D7: =IFERROR(Carry_Roll!M6,"") | E7: =IFERROR(IF(OR(D7="",Bonds_Live!Q6="",Bonds_Live!S6=""),"",D7 + (-Bonds_Live!Q6*(-200)/100 + Bonds_Live!S6*POWER(-200,2)/2000000)),"") | F7: =IFERROR(IF(OR(D7="",Bonds_Live!Q6="",Bonds_Live!S6=""),"",D7 + (-Bonds_Live!Q6*(-150)/100 + Bonds_Live!S6*POWER(-150,2)/2000000)),"") | G7: =IFERROR(IF(OR(D7="",Bonds_Live!Q6="",Bonds_Live!S6=""),"",D7 + (-Bonds_Live!Q6*(-100)/100 + Bonds_Live!S6*POWER(-100,2)/2000000)),"") | H7: =IFERROR(IF(OR(D7="",Bonds_Live!Q6="",Bonds_Live!S6=""),"",D7 + (-Bonds_Live!Q6*(-50)/100 + Bonds_Live!S6*POWER(-50,2)/2000000)),"") | I7: =IFERROR(IF(OR(D7="",Bonds_Live!Q6="",Bonds_Live!S6=""),"",D7 + (-Bonds_Live!Q6*(0)/100 + Bonds_Live!S6*POWER(0,2)/2000000)),"") | J7: =IFERROR(IF(OR(D7="",Bonds_Live!Q6="",Bonds_Live!S6=""),"",D7 + (-Bonds_Live!Q6*(-150)/100 + Bonds_Live!S6*POWER(-150,2)/2000000)),"") | K7: =IFERROR(IF(OR(D7="",Bonds_Live!Q6="",Bonds_Live!S6=""),"",D7 + (-Bonds_Live!Q6*(-100)/100 + Bonds_Live!S6*POWER(-100,2)/2000000)),"") | L7: =IFERROR(IF(OR(D7="",Bonds_Live!Q6="",Bonds_Live!S6=""),"",D7 + (-Bonds_Live!Q6*(-50)/100 + Bonds_Live!S6*POWER(-50,2)/2000000)),"") | M7: =IFERROR(IF(OR(D7="",Bonds_Live!Q6="",Bonds_Live!S6=""),"",D7 + (-Bonds_Live!Q6*(0)/100 + Bonds_Live!S6*POWER(0,2)/2000000)),"") | N7: =IFERROR(IF(OR(D7="",Bonds_Live!Q6="",Bonds_Live!S6=""),"",D7 + (-Bonds_Live!Q6*(50)/100 + Bonds_Live!S6*POWER(50,2)/2000000)),"") | O7: =IFERROR(IF(OR(D7="",Bonds_Live!Q6="",Bonds_Live!S6=""),"",D7 + (-Bonds_Live!Q6*(-100)/100 + Bonds_Live!S6*POWER(-100,2)/2000000)),"") | P7: =IFERROR(IF(OR(D7="",Bonds_Live!Q6="",Bonds_Live!S6=""),"",D7 + (-Bonds_Live!Q6*(-50)/100 + Bonds_Live!S6*POWER(-50,2)/2000000)),"") | Q7: =IFERROR(IF(OR(D7="",Bonds_Live!Q6="",Bonds_Live!S6=""),"",D7 + (-Bonds_Live!Q6*(0)/100 + Bonds_Live!S6*POWER(0,2)/2000000)),"") | R7: =IFERROR(IF(OR(D7="",Bonds_Live!Q6="",Bonds_Live!S6=""),"",D7 + (-Bonds_Live!Q6*(50)/100 + Bonds_Live!S6*POWER(50,2)/2000000)),"") | S7: =IFERROR(IF(OR(D7="",Bonds_Live!Q6="",Bonds_Live!S6=""),"",D7 + (-Bonds_Live!Q6*(100)/100 + Bonds_Live!S6*POWER(100,2)/2000000)),"") | T7: =IFERROR(IF(OR(D7="",Bonds_Live!Q6="",Bonds_Live!S6=""),"",D7 + (-Bonds_Live!Q6*(-50)/100 + Bonds_Live!S6*POWER(-50,2)/2000000)),"") | U7: =IFERROR(IF(OR(D7="",Bonds_Live!Q6="",Bonds_Live!S6=""),"",D7 + (-Bonds_Live!Q6*(0)/100 + Bonds_Live!S6*POWER(0,2)/2000000)),"") | V7: =IFERROR(IF(OR(D7="",Bonds_Live!Q6="",Bonds_Live!S6=""),"",D7 + (-Bonds_Live!Q6*(50)/100 + Bonds_Live!S6*POWER(50,2)/2000000)),"") | W7: =IFERROR(IF(OR(D7="",Bonds_Live!Q6="",Bonds_Live!S6=""),"",D7 + (-Bonds_Live!Q6*(100)/100 + Bonds_Live!S6*POWER(100,2)/2000000)),"") | X7: =IFERROR(IF(OR(D7="",Bonds_Live!Q6="",Bonds_Live!S6=""),"",D7 + (-Bonds_Live!Q6*(150)/100 + Bonds_Live!S6*POWER(150,2)/2000000)),"") | Y7: =IFERROR(IF(OR(D7="",Bonds_Live!Q6="",Bonds_Live!S6=""),"",D7 + (-Bonds_Live!Q6*(0)/100 + Bonds_Live!S6*POWER(0,2)/2000000)),"") | Z7: =IFERROR(IF(OR(D7="",Bonds_Live!Q6="",Bonds_Live!S6=""),"",D7 + (-Bonds_Live!Q6*(50)/100 + Bonds_Live!S6*POWER(50,2)/2000000)),"") | AA7: =IFERROR(IF(OR(D7="",Bonds_Live!Q6="",Bonds_Live!S6=""),"",D7 + (-Bonds_Live!Q6*(100)/100 + Bonds_Live!S6*POWER(100,2)/2000000)),"") | AB7: =IFERROR(IF(OR(D7="",Bonds_Live!Q6="",Bonds_Live!S6=""),"",D7 + (-Bonds_Live!Q6*(150)/100 + Bonds_Live!S6*POWER(150,2)/2000000)),"") | AC7: =IFERROR(IF(OR(D7="",Bonds_Live!Q6="",Bonds_Live!S6=""),"",D7 + (-Bonds_Live!Q6*(200)/100 + Bonds_Live!S6*POWER(200,2)/2000000)),"")
A8: =Bonds_Static!A7 | B8: =Bonds_Static!C7 | C8: =IFERROR(Bonds_Static!G7,"") | D8: =IFERROR(Carry_Roll!M7,"") | E8: =IFERROR(IF(OR(D8="",Bonds_Live!Q7="",Bonds_Live!S7=""),"",D8 + (-Bonds_Live!Q7*(-200)/100 + Bonds_Live!S7*POWER(-200,2)/2000000)),"") | F8: =IFERROR(IF(OR(D8="",Bonds_Live!Q7="",Bonds_Live!S7=""),"",D8 + (-Bonds_Live!Q7*(-150)/100 + Bonds_Live!S7*POWER(-150,2)/2000000)),"") | G8: =IFERROR(IF(OR(D8="",Bonds_Live!Q7="",Bonds_Live!S7=""),"",D8 + (-Bonds_Live!Q7*(-100)/100 + Bonds_Live!S7*POWER(-100,2)/2000000)),"") | H8: =IFERROR(IF(OR(D8="",Bonds_Live!Q7="",Bonds_Live!S7=""),"",D8 + (-Bonds_Live!Q7*(-50)/100 + Bonds_Live!S7*POWER(-50,2)/2000000)),"") | I8: =IFERROR(IF(OR(D8="",Bonds_Live!Q7="",Bonds_Live!S7=""),"",D8 + (-Bonds_Live!Q7*(0)/100 + Bonds_Live!S7*POWER(0,2)/2000000)),"") | J8: =IFERROR(IF(OR(D8="",Bonds_Live!Q7="",Bonds_Live!S7=""),"",D8 + (-Bonds_Live!Q7*(-150)/100 + Bonds_Live!S7*POWER(-150,2)/2000000)),"") | K8: =IFERROR(IF(OR(D8="",Bonds_Live!Q7="",Bonds_Live!S7=""),"",D8 + (-Bonds_Live!Q7*(-100)/100 + Bonds_Live!S7*POWER(-100,2)/2000000)),"") | L8: =IFERROR(IF(OR(D8="",Bonds_Live!Q7="",Bonds_Live!S7=""),"",D8 + (-Bonds_Live!Q7*(-50)/100 + Bonds_Live!S7*POWER(-50,2)/2000000)),"") | M8: =IFERROR(IF(OR(D8="",Bonds_Live!Q7="",Bonds_Live!S7=""),"",D8 + (-Bonds_Live!Q7*(0)/100 + Bonds_Live!S7*POWER(0,2)/2000000)),"") | N8: =IFERROR(IF(OR(D8="",Bonds_Live!Q7="",Bonds_Live!S7=""),"",D8 + (-Bonds_Live!Q7*(50)/100 + Bonds_Live!S7*POWER(50,2)/2000000)),"") | O8: =IFERROR(IF(OR(D8="",Bonds_Live!Q7="",Bonds_Live!S7=""),"",D8 + (-Bonds_Live!Q7*(-100)/100 + Bonds_Live!S7*POWER(-100,2)/2000000)),"") | P8: =IFERROR(IF(OR(D8="",Bonds_Live!Q7="",Bonds_Live!S7=""),"",D8 + (-Bonds_Live!Q7*(-50)/100 + Bonds_Live!S7*POWER(-50,2)/2000000)),"") | Q8: =IFERROR(IF(OR(D8="",Bonds_Live!Q7="",Bonds_Live!S7=""),"",D8 + (-Bonds_Live!Q7*(0)/100 + Bonds_Live!S7*POWER(0,2)/2000000)),"") | R8: =IFERROR(IF(OR(D8="",Bonds_Live!Q7="",Bonds_Live!S7=""),"",D8 + (-Bonds_Live!Q7*(50)/100 + Bonds_Live!S7*POWER(50,2)/2000000)),"") | S8: =IFERROR(IF(OR(D8="",Bonds_Live!Q7="",Bonds_Live!S7=""),"",D8 + (-Bonds_Live!Q7*(100)/100 + Bonds_Live!S7*POWER(100,2)/2000000)),"") | T8: =IFERROR(IF(OR(D8="",Bonds_Live!Q7="",Bonds_Live!S7=""),"",D8 + (-Bonds_Live!Q7*(-50)/100 + Bonds_Live!S7*POWER(-50,2)/2000000)),"") | U8: =IFERROR(IF(OR(D8="",Bonds_Live!Q7="",Bonds_Live!S7=""),"",D8 + (-Bonds_Live!Q7*(0)/100 + Bonds_Live!S7*POWER(0,2)/2000000)),"") | V8: =IFERROR(IF(OR(D8="",Bonds_Live!Q7="",Bonds_Live!S7=""),"",D8 + (-Bonds_Live!Q7*(50)/100 + Bonds_Live!S7*POWER(50,2)/2000000)),"") | W8: =IFERROR(IF(OR(D8="",Bonds_Live!Q7="",Bonds_Live!S7=""),"",D8 + (-Bonds_Live!Q7*(100)/100 + Bonds_Live!S7*POWER(100,2)/2000000)),"") | X8: =IFERROR(IF(OR(D8="",Bonds_Live!Q7="",Bonds_Live!S7=""),"",D8 + (-Bonds_Live!Q7*(150)/100 + Bonds_Live!S7*POWER(150,2)/2000000)),"") | Y8: =IFERROR(IF(OR(D8="",Bonds_Live!Q7="",Bonds_Live!S7=""),"",D8 + (-Bonds_Live!Q7*(0)/100 + Bonds_Live!S7*POWER(0,2)/2000000)),"") | Z8: =IFERROR(IF(OR(D8="",Bonds_Live!Q7="",Bonds_Live!S7=""),"",D8 + (-Bonds_Live!Q7*(50)/100 + Bonds_Live!S7*POWER(50,2)/2000000)),"") | AA8: =IFERROR(IF(OR(D8="",Bonds_Live!Q7="",Bonds_Live!S7=""),"",D8 + (-Bonds_Live!Q7*(100)/100 + Bonds_Live!S7*POWER(100,2)/2000000)),"") | AB8: =IFERROR(IF(OR(D8="",Bonds_Live!Q7="",Bonds_Live!S7=""),"",D8 + (-Bonds_Live!Q7*(150)/100 + Bonds_Live!S7*POWER(150,2)/2000000)),"") | AC8: =IFERROR(IF(OR(D8="",Bonds_Live!Q7="",Bonds_Live!S7=""),"",D8 + (-Bonds_Live!Q7*(200)/100 + Bonds_Live!S7*POWER(200,2)/2000000)),"")
A9: =Bonds_Static!A8 | B9: =Bonds_Static!C8 | C9: =IFERROR(Bonds_Static!G8,"") | D9: =IFERROR(Carry_Roll!M8,"") | E9: =IFERROR(IF(OR(D9="",Bonds_Live!Q8="",Bonds_Live!S8=""),"",D9 + (-Bonds_Live!Q8*(-200)/100 + Bonds_Live!S8*POWER(-200,2)/2000000)),"") | F9: =IFERROR(IF(OR(D9="",Bonds_Live!Q8="",Bonds_Live!S8=""),"",D9 + (-Bonds_Live!Q8*(-150)/100 + Bonds_Live!S8*POWER(-150,2)/2000000)),"") | G9: =IFERROR(IF(OR(D9="",Bonds_Live!Q8="",Bonds_Live!S8=""),"",D9 + (-Bonds_Live!Q8*(-100)/100 + Bonds_Live!S8*POWER(-100,2)/2000000)),"") | H9: =IFERROR(IF(OR(D9="",Bonds_Live!Q8="",Bonds_Live!S8=""),"",D9 + (-Bonds_Live!Q8*(-50)/100 + Bonds_Live!S8*POWER(-50,2)/2000000)),"") | I9: =IFERROR(IF(OR(D9="",Bonds_Live!Q8="",Bonds_Live!S8=""),"",D9 + (-Bonds_Live!Q8*(0)/100 + Bonds_Live!S8*POWER(0,2)/2000000)),"") | J9: =IFERROR(IF(OR(D9="",Bonds_Live!Q8="",Bonds_Live!S8=""),"",D9 + (-Bonds_Live!Q8*(-150)/100 + Bonds_Live!S8*POWER(-150,2)/2000000)),"") | K9: =IFERROR(IF(OR(D9="",Bonds_Live!Q8="",Bonds_Live!S8=""),"",D9 + (-Bonds_Live!Q8*(-100)/100 + Bonds_Live!S8*POWER(-100,2)/2000000)),"") | L9: =IFERROR(IF(OR(D9="",Bonds_Live!Q8="",Bonds_Live!S8=""),"",D9 + (-Bonds_Live!Q8*(-50)/100 + Bonds_Live!S8*POWER(-50,2)/2000000)),"") | M9: =IFERROR(IF(OR(D9="",Bonds_Live!Q8="",Bonds_Live!S8=""),"",D9 + (-Bonds_Live!Q8*(0)/100 + Bonds_Live!S8*POWER(0,2)/2000000)),"") | N9: =IFERROR(IF(OR(D9="",Bonds_Live!Q8="",Bonds_Live!S8=""),"",D9 + (-Bonds_Live!Q8*(50)/100 + Bonds_Live!S8*POWER(50,2)/2000000)),"") | O9: =IFERROR(IF(OR(D9="",Bonds_Live!Q8="",Bonds_Live!S8=""),"",D9 + (-Bonds_Live!Q8*(-100)/100 + Bonds_Live!S8*POWER(-100,2)/2000000)),"") | P9: =IFERROR(IF(OR(D9="",Bonds_Live!Q8="",Bonds_Live!S8=""),"",D9 + (-Bonds_Live!Q8*(-50)/100 + Bonds_Live!S8*POWER(-50,2)/2000000)),"") | Q9: =IFERROR(IF(OR(D9="",Bonds_Live!Q8="",Bonds_Live!S8=""),"",D9 + (-Bonds_Live!Q8*(0)/100 + Bonds_Live!S8*POWER(0,2)/2000000)),"") | R9: =IFERROR(IF(OR(D9="",Bonds_Live!Q8="",Bonds_Live!S8=""),"",D9 + (-Bonds_Live!Q8*(50)/100 + Bonds_Live!S8*POWER(50,2)/2000000)),"") | S9: =IFERROR(IF(OR(D9="",Bonds_Live!Q8="",Bonds_Live!S8=""),"",D9 + (-Bonds_Live!Q8*(100)/100 + Bonds_Live!S8*POWER(100,2)/2000000)),"") | T9: =IFERROR(IF(OR(D9="",Bonds_Live!Q8="",Bonds_Live!S8=""),"",D9 + (-Bonds_Live!Q8*(-50)/100 + Bonds_Live!S8*POWER(-50,2)/2000000)),"") | U9: =IFERROR(IF(OR(D9="",Bonds_Live!Q8="",Bonds_Live!S8=""),"",D9 + (-Bonds_Live!Q8*(0)/100 + Bonds_Live!S8*POWER(0,2)/2000000)),"") | V9: =IFERROR(IF(OR(D9="",Bonds_Live!Q8="",Bonds_Live!S8=""),"",D9 + (-Bonds_Live!Q8*(50)/100 + Bonds_Live!S8*POWER(50,2)/2000000)),"") | W9: =IFERROR(IF(OR(D9="",Bonds_Live!Q8="",Bonds_Live!S8=""),"",D9 + (-Bonds_Live!Q8*(100)/100 + Bonds_Live!S8*POWER(100,2)/2000000)),"") | X9: =IFERROR(IF(OR(D9="",Bonds_Live!Q8="",Bonds_Live!S8=""),"",D9 + (-Bonds_Live!Q8*(150)/100 + Bonds_Live!S8*POWER(150,2)/2000000)),"") | Y9: =IFERROR(IF(OR(D9="",Bonds_Live!Q8="",Bonds_Live!S8=""),"",D9 + (-Bonds_Live!Q8*(0)/100 + Bonds_Live!S8*POWER(0,2)/2000000)),"") | Z9: =IFERROR(IF(OR(D9="",Bonds_Live!Q8="",Bonds_Live!S8=""),"",D9 + (-Bonds_Live!Q8*(50)/100 + Bonds_Live!S8*POWER(50,2)/2000000)),"") | AA9: =IFERROR(IF(OR(D9="",Bonds_Live!Q8="",Bonds_Live!S8=""),"",D9 + (-Bonds_Live!Q8*(100)/100 + Bonds_Live!S8*POWER(100,2)/2000000)),"") | AB9: =IFERROR(IF(OR(D9="",Bonds_Live!Q8="",Bonds_Live!S8=""),"",D9 + (-Bonds_Live!Q8*(150)/100 + Bonds_Live!S8*POWER(150,2)/2000000)),"") | AC9: =IFERROR(IF(OR(D9="",Bonds_Live!Q8="",Bonds_Live!S8=""),"",D9 + (-Bonds_Live!Q8*(200)/100 + Bonds_Live!S8*POWER(200,2)/2000000)),"")
A10: =Bonds_Static!A9 | B10: =Bonds_Static!C9 | C10: =IFERROR(Bonds_Static!G9,"") | D10: =IFERROR(Carry_Roll!M9,"") | E10: =IFERROR(IF(OR(D10="",Bonds_Live!Q9="",Bonds_Live!S9=""),"",D10 + (-Bonds_Live!Q9*(-200)/100 + Bonds_Live!S9*POWER(-200,2)/2000000)),"") | F10: =IFERROR(IF(OR(D10="",Bonds_Live!Q9="",Bonds_Live!S9=""),"",D10 + (-Bonds_Live!Q9*(-150)/100 + Bonds_Live!S9*POWER(-150,2)/2000000)),"") | G10: =IFERROR(IF(OR(D10="",Bonds_Live!Q9="",Bonds_Live!S9=""),"",D10 + (-Bonds_Live!Q9*(-100)/100 + Bonds_Live!S9*POWER(-100,2)/2000000)),"") | H10: =IFERROR(IF(OR(D10="",Bonds_Live!Q9="",Bonds_Live!S9=""),"",D10 + (-Bonds_Live!Q9*(-50)/100 + Bonds_Live!S9*POWER(-50,2)/2000000)),"") | I10: =IFERROR(IF(OR(D10="",Bonds_Live!Q9="",Bonds_Live!S9=""),"",D10 + (-Bonds_Live!Q9*(0)/100 + Bonds_Live!S9*POWER(0,2)/2000000)),"") | J10: =IFERROR(IF(OR(D10="",Bonds_Live!Q9="",Bonds_Live!S9=""),"",D10 + (-Bonds_Live!Q9*(-150)/100 + Bonds_Live!S9*POWER(-150,2)/2000000)),"") | K10: =IFERROR(IF(OR(D10="",Bonds_Live!Q9="",Bonds_Live!S9=""),"",D10 + (-Bonds_Live!Q9*(-100)/100 + Bonds_Live!S9*POWER(-100,2)/2000000)),"") | L10: =IFERROR(IF(OR(D10="",Bonds_Live!Q9="",Bonds_Live!S9=""),"",D10 + (-Bonds_Live!Q9*(-50)/100 + Bonds_Live!S9*POWER(-50,2)/2000000)),"") | M10: =IFERROR(IF(OR(D10="",Bonds_Live!Q9="",Bonds_Live!S9=""),"",D10 + (-Bonds_Live!Q9*(0)/100 + Bonds_Live!S9*POWER(0,2)/2000000)),"") | N10: =IFERROR(IF(OR(D10="",Bonds_Live!Q9="",Bonds_Live!S9=""),"",D10 + (-Bonds_Live!Q9*(50)/100 + Bonds_Live!S9*POWER(50,2)/2000000)),"") | O10: =IFERROR(IF(OR(D10="",Bonds_Live!Q9="",Bonds_Live!S9=""),"",D10 + (-Bonds_Live!Q9*(-100)/100 + Bonds_Live!S9*POWER(-100,2)/2000000)),"") | P10: =IFERROR(IF(OR(D10="",Bonds_Live!Q9="",Bonds_Live!S9=""),"",D10 + (-Bonds_Live!Q9*(-50)/100 + Bonds_Live!S9*POWER(-50,2)/2000000)),"") | Q10: =IFERROR(IF(OR(D10="",Bonds_Live!Q9="",Bonds_Live!S9=""),"",D10 + (-Bonds_Live!Q9*(0)/100 + Bonds_Live!S9*POWER(0,2)/2000000)),"") | R10: =IFERROR(IF(OR(D10="",Bonds_Live!Q9="",Bonds_Live!S9=""),"",D10 + (-Bonds_Live!Q9*(50)/100 + Bonds_Live!S9*POWER(50,2)/2000000)),"") | S10: =IFERROR(IF(OR(D10="",Bonds_Live!Q9="",Bonds_Live!S9=""),"",D10 + (-Bonds_Live!Q9*(100)/100 + Bonds_Live!S9*POWER(100,2)/2000000)),"") | T10: =IFERROR(IF(OR(D10="",Bonds_Live!Q9="",Bonds_Live!S9=""),"",D10 + (-Bonds_Live!Q9*(-50)/100 + Bonds_Live!S9*POWER(-50,2)/2000000)),"") | U10: =IFERROR(IF(OR(D10="",Bonds_Live!Q9="",Bonds_Live!S9=""),"",D10 + (-Bonds_Live!Q9*(0)/100 + Bonds_Live!S9*POWER(0,2)/2000000)),"") | V10: =IFERROR(IF(OR(D10="",Bonds_Live!Q9="",Bonds_Live!S9=""),"",D10 + (-Bonds_Live!Q9*(50)/100 + Bonds_Live!S9*POWER(50,2)/2000000)),"") | W10: =IFERROR(IF(OR(D10="",Bonds_Live!Q9="",Bonds_Live!S9=""),"",D10 + (-Bonds_Live!Q9*(100)/100 + Bonds_Live!S9*POWER(100,2)/2000000)),"") | X10: =IFERROR(IF(OR(D10="",Bonds_Live!Q9="",Bonds_Live!S9=""),"",D10 + (-Bonds_Live!Q9*(150)/100 + Bonds_Live!S9*POWER(150,2)/2000000)),"") | Y10: =IFERROR(IF(OR(D10="",Bonds_Live!Q9="",Bonds_Live!S9=""),"",D10 + (-Bonds_Live!Q9*(0)/100 + Bonds_Live!S9*POWER(0,2)/2000000)),"") | Z10: =IFERROR(IF(OR(D10="",Bonds_Live!Q9="",Bonds_Live!S9=""),"",D10 + (-Bonds_Live!Q9*(50)/100 + Bonds_Live!S9*POWER(50,2)/2000000)),"") | AA10: =IFERROR(IF(OR(D10="",Bonds_Live!Q9="",Bonds_Live!S9=""),"",D10 + (-Bonds_Live!Q9*(100)/100 + Bonds_Live!S9*POWER(100,2)/2000000)),"") | AB10: =IFERROR(IF(OR(D10="",Bonds_Live!Q9="",Bonds_Live!S9=""),"",D10 + (-Bonds_Live!Q9*(150)/100 + Bonds_Live!S9*POWER(150,2)/2000000)),"") | AC10: =IFERROR(IF(OR(D10="",Bonds_Live!Q9="",Bonds_Live!S9=""),"",D10 + (-Bonds_Live!Q9*(200)/100 + Bonds_Live!S9*POWER(200,2)/2000000)),"")
A11: =Bonds_Static!A10 | B11: =Bonds_Static!C10 | C11: =IFERROR(Bonds_Static!G10,"") | D11: =IFERROR(Carry_Roll!M10,"") | E11: =IFERROR(IF(OR(D11="",Bonds_Live!Q10="",Bonds_Live!S10=""),"",D11 + (-Bonds_Live!Q10*(-200)/100 + Bonds_Live!S10*POWER(-200,2)/2000000)),"") | F11: =IFERROR(IF(OR(D11="",Bonds_Live!Q10="",Bonds_Live!S10=""),"",D11 + (-Bonds_Live!Q10*(-150)/100 + Bonds_Live!S10*POWER(-150,2)/2000000)),"") | G11: =IFERROR(IF(OR(D11="",Bonds_Live!Q10="",Bonds_Live!S10=""),"",D11 + (-Bonds_Live!Q10*(-100)/100 + Bonds_Live!S10*POWER(-100,2)/2000000)),"") | H11: =IFERROR(IF(OR(D11="",Bonds_Live!Q10="",Bonds_Live!S10=""),"",D11 + (-Bonds_Live!Q10*(-50)/100 + Bonds_Live!S10*POWER(-50,2)/2000000)),"") | I11: =IFERROR(IF(OR(D11="",Bonds_Live!Q10="",Bonds_Live!S10=""),"",D11 + (-Bonds_Live!Q10*(0)/100 + Bonds_Live!S10*POWER(0,2)/2000000)),"") | J11: =IFERROR(IF(OR(D11="",Bonds_Live!Q10="",Bonds_Live!S10=""),"",D11 + (-Bonds_Live!Q10*(-150)/100 + Bonds_Live!S10*POWER(-150,2)/2000000)),"") | K11: =IFERROR(IF(OR(D11="",Bonds_Live!Q10="",Bonds_Live!S10=""),"",D11 + (-Bonds_Live!Q10*(-100)/100 + Bonds_Live!S10*POWER(-100,2)/2000000)),"") | L11: =IFERROR(IF(OR(D11="",Bonds_Live!Q10="",Bonds_Live!S10=""),"",D11 + (-Bonds_Live!Q10*(-50)/100 + Bonds_Live!S10*POWER(-50,2)/2000000)),"") | M11: =IFERROR(IF(OR(D11="",Bonds_Live!Q10="",Bonds_Live!S10=""),"",D11 + (-Bonds_Live!Q10*(0)/100 + Bonds_Live!S10*POWER(0,2)/2000000)),"") | N11: =IFERROR(IF(OR(D11="",Bonds_Live!Q10="",Bonds_Live!S10=""),"",D11 + (-Bonds_Live!Q10*(50)/100 + Bonds_Live!S10*POWER(50,2)/2000000)),"") | O11: =IFERROR(IF(OR(D11="",Bonds_Live!Q10="",Bonds_Live!S10=""),"",D11 + (-Bonds_Live!Q10*(-100)/100 + Bonds_Live!S10*POWER(-100,2)/2000000)),"") | P11: =IFERROR(IF(OR(D11="",Bonds_Live!Q10="",Bonds_Live!S10=""),"",D11 + (-Bonds_Live!Q10*(-50)/100 + Bonds_Live!S10*POWER(-50,2)/2000000)),"") | Q11: =IFERROR(IF(OR(D11="",Bonds_Live!Q10="",Bonds_Live!S10=""),"",D11 + (-Bonds_Live!Q10*(0)/100 + Bonds_Live!S10*POWER(0,2)/2000000)),"") | R11: =IFERROR(IF(OR(D11="",Bonds_Live!Q10="",Bonds_Live!S10=""),"",D11 + (-Bonds_Live!Q10*(50)/100 + Bonds_Live!S10*POWER(50,2)/2000000)),"") | S11: =IFERROR(IF(OR(D11="",Bonds_Live!Q10="",Bonds_Live!S10=""),"",D11 + (-Bonds_Live!Q10*(100)/100 + Bonds_Live!S10*POWER(100,2)/2000000)),"") | T11: =IFERROR(IF(OR(D11="",Bonds_Live!Q10="",Bonds_Live!S10=""),"",D11 + (-Bonds_Live!Q10*(-50)/100 + Bonds_Live!S10*POWER(-50,2)/2000000)),"") | U11: =IFERROR(IF(OR(D11="",Bonds_Live!Q10="",Bonds_Live!S10=""),"",D11 + (-Bonds_Live!Q10*(0)/100 + Bonds_Live!S10*POWER(0,2)/2000000)),"") | V11: =IFERROR(IF(OR(D11="",Bonds_Live!Q10="",Bonds_Live!S10=""),"",D11 + (-Bonds_Live!Q10*(50)/100 + Bonds_Live!S10*POWER(50,2)/2000000)),"") | W11: =IFERROR(IF(OR(D11="",Bonds_Live!Q10="",Bonds_Live!S10=""),"",D11 + (-Bonds_Live!Q10*(100)/100 + Bonds_Live!S10*POWER(100,2)/2000000)),"") | X11: =IFERROR(IF(OR(D11="",Bonds_Live!Q10="",Bonds_Live!S10=""),"",D11 + (-Bonds_Live!Q10*(150)/100 + Bonds_Live!S10*POWER(150,2)/2000000)),"") | Y11: =IFERROR(IF(OR(D11="",Bonds_Live!Q10="",Bonds_Live!S10=""),"",D11 + (-Bonds_Live!Q10*(0)/100 + Bonds_Live!S10*POWER(0,2)/2000000)),"") | Z11: =IFERROR(IF(OR(D11="",Bonds_Live!Q10="",Bonds_Live!S10=""),"",D11 + (-Bonds_Live!Q10*(50)/100 + Bonds_Live!S10*POWER(50,2)/2000000)),"") | AA11: =IFERROR(IF(OR(D11="",Bonds_Live!Q10="",Bonds_Live!S10=""),"",D11 + (-Bonds_Live!Q10*(100)/100 + Bonds_Live!S10*POWER(100,2)/2000000)),"") | AB11: =IFERROR(IF(OR(D11="",Bonds_Live!Q10="",Bonds_Live!S10=""),"",D11 + (-Bonds_Live!Q10*(150)/100 + Bonds_Live!S10*POWER(150,2)/2000000)),"") | AC11: =IFERROR(IF(OR(D11="",Bonds_Live!Q10="",Bonds_Live!S10=""),"",D11 + (-Bonds_Live!Q10*(200)/100 + Bonds_Live!S10*POWER(200,2)/2000000)),"")
A12: =Bonds_Static!A11 | B12: =Bonds_Static!C11 | C12: =IFERROR(Bonds_Static!G11,"") | D12: =IFERROR(Carry_Roll!M11,"") | E12: =IFERROR(IF(OR(D12="",Bonds_Live!Q11="",Bonds_Live!S11=""),"",D12 + (-Bonds_Live!Q11*(-200)/100 + Bonds_Live!S11*POWER(-200,2)/2000000)),"") | F12: =IFERROR(IF(OR(D12="",Bonds_Live!Q11="",Bonds_Live!S11=""),"",D12 + (-Bonds_Live!Q11*(-150)/100 + Bonds_Live!S11*POWER(-150,2)/2000000)),"") | G12: =IFERROR(IF(OR(D12="",Bonds_Live!Q11="",Bonds_Live!S11=""),"",D12 + (-Bonds_Live!Q11*(-100)/100 + Bonds_Live!S11*POWER(-100,2)/2000000)),"") | H12: =IFERROR(IF(OR(D12="",Bonds_Live!Q11="",Bonds_Live!S11=""),"",D12 + (-Bonds_Live!Q11*(-50)/100 + Bonds_Live!S11*POWER(-50,2)/2000000)),"") | I12: =IFERROR(IF(OR(D12="",Bonds_Live!Q11="",Bonds_Live!S11=""),"",D12 + (-Bonds_Live!Q11*(0)/100 + Bonds_Live!S11*POWER(0,2)/2000000)),"") | J12: =IFERROR(IF(OR(D12="",Bonds_Live!Q11="",Bonds_Live!S11=""),"",D12 + (-Bonds_Live!Q11*(-150)/100 + Bonds_Live!S11*POWER(-150,2)/2000000)),"") | K12: =IFERROR(IF(OR(D12="",Bonds_Live!Q11="",Bonds_Live!S11=""),"",D12 + (-Bonds_Live!Q11*(-100)/100 + Bonds_Live!S11*POWER(-100,2)/2000000)),"") | L12: =IFERROR(IF(OR(D12="",Bonds_Live!Q11="",Bonds_Live!S11=""),"",D12 + (-Bonds_Live!Q11*(-50)/100 + Bonds_Live!S11*POWER(-50,2)/2000000)),"") | M12: =IFERROR(IF(OR(D12="",Bonds_Live!Q11="",Bonds_Live!S11=""),"",D12 + (-Bonds_Live!Q11*(0)/100 + Bonds_Live!S11*POWER(0,2)/2000000)),"") | N12: =IFERROR(IF(OR(D12="",Bonds_Live!Q11="",Bonds_Live!S11=""),"",D12 + (-Bonds_Live!Q11*(50)/100 + Bonds_Live!S11*POWER(50,2)/2000000)),"") | O12: =IFERROR(IF(OR(D12="",Bonds_Live!Q11="",Bonds_Live!S11=""),"",D12 + (-Bonds_Live!Q11*(-100)/100 + Bonds_Live!S11*POWER(-100,2)/2000000)),"") | P12: =IFERROR(IF(OR(D12="",Bonds_Live!Q11="",Bonds_Live!S11=""),"",D12 + (-Bonds_Live!Q11*(-50)/100 + Bonds_Live!S11*POWER(-50,2)/2000000)),"") | Q12: =IFERROR(IF(OR(D12="",Bonds_Live!Q11="",Bonds_Live!S11=""),"",D12 + (-Bonds_Live!Q11*(0)/100 + Bonds_Live!S11*POWER(0,2)/2000000)),"") | R12: =IFERROR(IF(OR(D12="",Bonds_Live!Q11="",Bonds_Live!S11=""),"",D12 + (-Bonds_Live!Q11*(50)/100 + Bonds_Live!S11*POWER(50,2)/2000000)),"") | S12: =IFERROR(IF(OR(D12="",Bonds_Live!Q11="",Bonds_Live!S11=""),"",D12 + (-Bonds_Live!Q11*(100)/100 + Bonds_Live!S11*POWER(100,2)/2000000)),"") | T12: =IFERROR(IF(OR(D12="",Bonds_Live!Q11="",Bonds_Live!S11=""),"",D12 + (-Bonds_Live!Q11*(-50)/100 + Bonds_Live!S11*POWER(-50,2)/2000000)),"") | U12: =IFERROR(IF(OR(D12="",Bonds_Live!Q11="",Bonds_Live!S11=""),"",D12 + (-Bonds_Live!Q11*(0)/100 + Bonds_Live!S11*POWER(0,2)/2000000)),"") | V12: =IFERROR(IF(OR(D12="",Bonds_Live!Q11="",Bonds_Live!S11=""),"",D12 + (-Bonds_Live!Q11*(50)/100 + Bonds_Live!S11*POWER(50,2)/2000000)),"") | W12: =IFERROR(IF(OR(D12="",Bonds_Live!Q11="",Bonds_Live!S11=""),"",D12 + (-Bonds_Live!Q11*(100)/100 + Bonds_Live!S11*POWER(100,2)/2000000)),"") | X12: =IFERROR(IF(OR(D12="",Bonds_Live!Q11="",Bonds_Live!S11=""),"",D12 + (-Bonds_Live!Q11*(150)/100 + Bonds_Live!S11*POWER(150,2)/2000000)),"") | Y12: =IFERROR(IF(OR(D12="",Bonds_Live!Q11="",Bonds_Live!S11=""),"",D12 + (-Bonds_Live!Q11*(0)/100 + Bonds_Live!S11*POWER(0,2)/2000000)),"") | Z12: =IFERROR(IF(OR(D12="",Bonds_Live!Q11="",Bonds_Live!S11=""),"",D12 + (-Bonds_Live!Q11*(50)/100 + Bonds_Live!S11*POWER(50,2)/2000000)),"") | AA12: =IFERROR(IF(OR(D12="",Bonds_Live!Q11="",Bonds_Live!S11=""),"",D12 + (-Bonds_Live!Q11*(100)/100 + Bonds_Live!S11*POWER(100,2)/2000000)),"") | AB12: =IFERROR(IF(OR(D12="",Bonds_Live!Q11="",Bonds_Live!S11=""),"",D12 + (-Bonds_Live!Q11*(150)/100 + Bonds_Live!S11*POWER(150,2)/2000000)),"") | AC12: =IFERROR(IF(OR(D12="",Bonds_Live!Q11="",Bonds_Live!S11=""),"",D12 + (-Bonds_Live!Q11*(200)/100 + Bonds_Live!S11*POWER(200,2)/2000000)),"")
A13: =Bonds_Static!A12 | B13: =Bonds_Static!C12 | C13: =IFERROR(Bonds_Static!G12,"") | D13: =IFERROR(Carry_Roll!M12,"") | E13: =IFERROR(IF(OR(D13="",Bonds_Live!Q12="",Bonds_Live!S12=""),"",D13 + (-Bonds_Live!Q12*(-200)/100 + Bonds_Live!S12*POWER(-200,2)/2000000)),"") | F13: =IFERROR(IF(OR(D13="",Bonds_Live!Q12="",Bonds_Live!S12=""),"",D13 + (-Bonds_Live!Q12*(-150)/100 + Bonds_Live!S12*POWER(-150,2)/2000000)),"") | G13: =IFERROR(IF(OR(D13="",Bonds_Live!Q12="",Bonds_Live!S12=""),"",D13 + (-Bonds_Live!Q12*(-100)/100 + Bonds_Live!S12*POWER(-100,2)/2000000)),"") | H13: =IFERROR(IF(OR(D13="",Bonds_Live!Q12="",Bonds_Live!S12=""),"",D13 + (-Bonds_Live!Q12*(-50)/100 + Bonds_Live!S12*POWER(-50,2)/2000000)),"") | I13: =IFERROR(IF(OR(D13="",Bonds_Live!Q12="",Bonds_Live!S12=""),"",D13 + (-Bonds_Live!Q12*(0)/100 + Bonds_Live!S12*POWER(0,2)/2000000)),"") | J13: =IFERROR(IF(OR(D13="",Bonds_Live!Q12="",Bonds_Live!S12=""),"",D13 + (-Bonds_Live!Q12*(-150)/100 + Bonds_Live!S12*POWER(-150,2)/2000000)),"") | K13: =IFERROR(IF(OR(D13="",Bonds_Live!Q12="",Bonds_Live!S12=""),"",D13 + (-Bonds_Live!Q12*(-100)/100 + Bonds_Live!S12*POWER(-100,2)/2000000)),"") | L13: =IFERROR(IF(OR(D13="",Bonds_Live!Q12="",Bonds_Live!S12=""),"",D13 + (-Bonds_Live!Q12*(-50)/100 + Bonds_Live!S12*POWER(-50,2)/2000000)),"") | M13: =IFERROR(IF(OR(D13="",Bonds_Live!Q12="",Bonds_Live!S12=""),"",D13 + (-Bonds_Live!Q12*(0)/100 + Bonds_Live!S12*POWER(0,2)/2000000)),"") | N13: =IFERROR(IF(OR(D13="",Bonds_Live!Q12="",Bonds_Live!S12=""),"",D13 + (-Bonds_Live!Q12*(50)/100 + Bonds_Live!S12*POWER(50,2)/2000000)),"") | O13: =IFERROR(IF(OR(D13="",Bonds_Live!Q12="",Bonds_Live!S12=""),"",D13 + (-Bonds_Live!Q12*(-100)/100 + Bonds_Live!S12*POWER(-100,2)/2000000)),"") | P13: =IFERROR(IF(OR(D13="",Bonds_Live!Q12="",Bonds_Live!S12=""),"",D13 + (-Bonds_Live!Q12*(-50)/100 + Bonds_Live!S12*POWER(-50,2)/2000000)),"") | Q13: =IFERROR(IF(OR(D13="",Bonds_Live!Q12="",Bonds_Live!S12=""),"",D13 + (-Bonds_Live!Q12*(0)/100 + Bonds_Live!S12*POWER(0,2)/2000000)),"") | R13: =IFERROR(IF(OR(D13="",Bonds_Live!Q12="",Bonds_Live!S12=""),"",D13 + (-Bonds_Live!Q12*(50)/100 + Bonds_Live!S12*POWER(50,2)/2000000)),"") | S13: =IFERROR(IF(OR(D13="",Bonds_Live!Q12="",Bonds_Live!S12=""),"",D13 + (-Bonds_Live!Q12*(100)/100 + Bonds_Live!S12*POWER(100,2)/2000000)),"") | T13: =IFERROR(IF(OR(D13="",Bonds_Live!Q12="",Bonds_Live!S12=""),"",D13 + (-Bonds_Live!Q12*(-50)/100 + Bonds_Live!S12*POWER(-50,2)/2000000)),"") | U13: =IFERROR(IF(OR(D13="",Bonds_Live!Q12="",Bonds_Live!S12=""),"",D13 + (-Bonds_Live!Q12*(0)/100 + Bonds_Live!S12*POWER(0,2)/2000000)),"") | V13: =IFERROR(IF(OR(D13="",Bonds_Live!Q12="",Bonds_Live!S12=""),"",D13 + (-Bonds_Live!Q12*(50)/100 + Bonds_Live!S12*POWER(50,2)/2000000)),"") | W13: =IFERROR(IF(OR(D13="",Bonds_Live!Q12="",Bonds_Live!S12=""),"",D13 + (-Bonds_Live!Q12*(100)/100 + Bonds_Live!S12*POWER(100,2)/2000000)),"") | X13: =IFERROR(IF(OR(D13="",Bonds_Live!Q12="",Bonds_Live!S12=""),"",D13 + (-Bonds_Live!Q12*(150)/100 + Bonds_Live!S12*POWER(150,2)/2000000)),"") | Y13: =IFERROR(IF(OR(D13="",Bonds_Live!Q12="",Bonds_Live!S12=""),"",D13 + (-Bonds_Live!Q12*(0)/100 + Bonds_Live!S12*POWER(0,2)/2000000)),"") | Z13: =IFERROR(IF(OR(D13="",Bonds_Live!Q12="",Bonds_Live!S12=""),"",D13 + (-Bonds_Live!Q12*(50)/100 + Bonds_Live!S12*POWER(50,2)/2000000)),"") | AA13: =IFERROR(IF(OR(D13="",Bonds_Live!Q12="",Bonds_Live!S12=""),"",D13 + (-Bonds_Live!Q12*(100)/100 + Bonds_Live!S12*POWER(100,2)/2000000)),"") | AB13: =IFERROR(IF(OR(D13="",Bonds_Live!Q12="",Bonds_Live!S12=""),"",D13 + (-Bonds_Live!Q12*(150)/100 + Bonds_Live!S12*POWER(150,2)/2000000)),"") | AC13: =IFERROR(IF(OR(D13="",Bonds_Live!Q12="",Bonds_Live!S12=""),"",D13 + (-Bonds_Live!Q12*(200)/100 + Bonds_Live!S12*POWER(200,2)/2000000)),"")
A14: =Bonds_Static!A13 | B14: =Bonds_Static!C13 | C14: =IFERROR(Bonds_Static!G13,"") | D14: =IFERROR(Carry_Roll!M13,"") | E14: =IFERROR(IF(OR(D14="",Bonds_Live!Q13="",Bonds_Live!S13=""),"",D14 + (-Bonds_Live!Q13*(-200)/100 + Bonds_Live!S13*POWER(-200,2)/2000000)),"") | F14: =IFERROR(IF(OR(D14="",Bonds_Live!Q13="",Bonds_Live!S13=""),"",D14 + (-Bonds_Live!Q13*(-150)/100 + Bonds_Live!S13*POWER(-150,2)/2000000)),"") | G14: =IFERROR(IF(OR(D14="",Bonds_Live!Q13="",Bonds_Live!S13=""),"",D14 + (-Bonds_Live!Q13*(-100)/100 + Bonds_Live!S13*POWER(-100,2)/2000000)),"") | H14: =IFERROR(IF(OR(D14="",Bonds_Live!Q13="",Bonds_Live!S13=""),"",D14 + (-Bonds_Live!Q13*(-50)/100 + Bonds_Live!S13*POWER(-50,2)/2000000)),"") | I14: =IFERROR(IF(OR(D14="",Bonds_Live!Q13="",Bonds_Live!S13=""),"",D14 + (-Bonds_Live!Q13*(0)/100 + Bonds_Live!S13*POWER(0,2)/2000000)),"") | J14: =IFERROR(IF(OR(D14="",Bonds_Live!Q13="",Bonds_Live!S13=""),"",D14 + (-Bonds_Live!Q13*(-150)/100 + Bonds_Live!S13*POWER(-150,2)/2000000)),"") | K14: =IFERROR(IF(OR(D14="",Bonds_Live!Q13="",Bonds_Live!S13=""),"",D14 + (-Bonds_Live!Q13*(-100)/100 + Bonds_Live!S13*POWER(-100,2)/2000000)),"") | L14: =IFERROR(IF(OR(D14="",Bonds_Live!Q13="",Bonds_Live!S13=""),"",D14 + (-Bonds_Live!Q13*(-50)/100 + Bonds_Live!S13*POWER(-50,2)/2000000)),"") | M14: =IFERROR(IF(OR(D14="",Bonds_Live!Q13="",Bonds_Live!S13=""),"",D14 + (-Bonds_Live!Q13*(0)/100 + Bonds_Live!S13*POWER(0,2)/2000000)),"") | N14: =IFERROR(IF(OR(D14="",Bonds_Live!Q13="",Bonds_Live!S13=""),"",D14 + (-Bonds_Live!Q13*(50)/100 + Bonds_Live!S13*POWER(50,2)/2000000)),"") | O14: =IFERROR(IF(OR(D14="",Bonds_Live!Q13="",Bonds_Live!S13=""),"",D14 + (-Bonds_Live!Q13*(-100)/100 + Bonds_Live!S13*POWER(-100,2)/2000000)),"") | P14: =IFERROR(IF(OR(D14="",Bonds_Live!Q13="",Bonds_Live!S13=""),"",D14 + (-Bonds_Live!Q13*(-50)/100 + Bonds_Live!S13*POWER(-50,2)/2000000)),"") | Q14: =IFERROR(IF(OR(D14="",Bonds_Live!Q13="",Bonds_Live!S13=""),"",D14 + (-Bonds_Live!Q13*(0)/100 + Bonds_Live!S13*POWER(0,2)/2000000)),"") | R14: =IFERROR(IF(OR(D14="",Bonds_Live!Q13="",Bonds_Live!S13=""),"",D14 + (-Bonds_Live!Q13*(50)/100 + Bonds_Live!S13*POWER(50,2)/2000000)),"") | S14: =IFERROR(IF(OR(D14="",Bonds_Live!Q13="",Bonds_Live!S13=""),"",D14 + (-Bonds_Live!Q13*(100)/100 + Bonds_Live!S13*POWER(100,2)/2000000)),"") | T14: =IFERROR(IF(OR(D14="",Bonds_Live!Q13="",Bonds_Live!S13=""),"",D14 + (-Bonds_Live!Q13*(-50)/100 + Bonds_Live!S13*POWER(-50,2)/2000000)),"") | U14: =IFERROR(IF(OR(D14="",Bonds_Live!Q13="",Bonds_Live!S13=""),"",D14 + (-Bonds_Live!Q13*(0)/100 + Bonds_Live!S13*POWER(0,2)/2000000)),"") | V14: =IFERROR(IF(OR(D14="",Bonds_Live!Q13="",Bonds_Live!S13=""),"",D14 + (-Bonds_Live!Q13*(50)/100 + Bonds_Live!S13*POWER(50,2)/2000000)),"") | W14: =IFERROR(IF(OR(D14="",Bonds_Live!Q13="",Bonds_Live!S13=""),"",D14 + (-Bonds_Live!Q13*(100)/100 + Bonds_Live!S13*POWER(100,2)/2000000)),"") | X14: =IFERROR(IF(OR(D14="",Bonds_Live!Q13="",Bonds_Live!S13=""),"",D14 + (-Bonds_Live!Q13*(150)/100 + Bonds_Live!S13*POWER(150,2)/2000000)),"") | Y14: =IFERROR(IF(OR(D14="",Bonds_Live!Q13="",Bonds_Live!S13=""),"",D14 + (-Bonds_Live!Q13*(0)/100 + Bonds_Live!S13*POWER(0,2)/2000000)),"") | Z14: =IFERROR(IF(OR(D14="",Bonds_Live!Q13="",Bonds_Live!S13=""),"",D14 + (-Bonds_Live!Q13*(50)/100 + Bonds_Live!S13*POWER(50,2)/2000000)),"") | AA14: =IFERROR(IF(OR(D14="",Bonds_Live!Q13="",Bonds_Live!S13=""),"",D14 + (-Bonds_Live!Q13*(100)/100 + Bonds_Live!S13*POWER(100,2)/2000000)),"") | AB14: =IFERROR(IF(OR(D14="",Bonds_Live!Q13="",Bonds_Live!S13=""),"",D14 + (-Bonds_Live!Q13*(150)/100 + Bonds_Live!S13*POWER(150,2)/2000000)),"") | AC14: =IFERROR(IF(OR(D14="",Bonds_Live!Q13="",Bonds_Live!S13=""),"",D14 + (-Bonds_Live!Q13*(200)/100 + Bonds_Live!S13*POWER(200,2)/2000000)),"")
... A27: =Bonds_Static!A26 | B27: =Bonds_Static!C26 | C27: =IFERROR(Bonds_Static!G26,"") | D27: =IFERROR(Carry_Roll!M26,"") | E27: =IFERROR(IF(OR(D27="",Bonds_Live!Q26="",Bonds_Live!S26=""),"",D27 + (-Bonds_Live!Q26*(-200)/100 + Bonds_Live!S26*POWER(-200,2)/2000000)),"") | F27: =IFERROR(IF(OR(D27="",Bonds_Live!Q26="",Bonds_Live!S26=""),"",D27 + (-Bonds_Live!Q26*(-150)/100 + Bonds_Live!S26*POWER(-150,2)/2000000)),"") | G27: =IFERROR(IF(OR(D27="",Bonds_Live!Q26="",Bonds_Live!S26=""),"",D27 + (-Bonds_Live!Q26*(-100)/100 + Bonds_Live!S26*POWER(-100,2)/2000000)),"") | H27: =IFERROR(IF(OR(D27="",Bonds_Live!Q26="",Bonds_Live!S26=""),"",D27 + (-Bonds_Live!Q26*(-50)/100 + Bonds_Live!S26*POWER(-50,2)/2000000)),"") | I27: =IFERROR(IF(OR(D27="",Bonds_Live!Q26="",Bonds_Live!S26=""),"",D27 + (-Bonds_Live!Q26*(0)/100 + Bonds_Live!S26*POWER(0,2)/2000000)),"") | J27: =IFERROR(IF(OR(D27="",Bonds_Live!Q26="",Bonds_Live!S26=""),"",D27 + (-Bonds_Live!Q26*(-150)/100 + Bonds_Live!S26*POWER(-150,2)/2000000)),"") | K27: =IFERROR(IF(OR(D27="",Bonds_Live!Q26="",Bonds_Live!S26=""),"",D27 + (-Bonds_Live!Q26*(-100)/100 + Bonds_Live!S26*POWER(-100,2)/2000000)),"") | L27: =IFERROR(IF(OR(D27="",Bonds_Live!Q26="",Bonds_Live!S26=""),"",D27 + (-Bonds_Live!Q26*(-50)/100 + Bonds_Live!S26*POWER(-50,2)/2000000)),"") | M27: =IFERROR(IF(OR(D27="",Bonds_Live!Q26="",Bonds_Live!S26=""),"",D27 + (-Bonds_Live!Q26*(0)/100 + Bonds_Live!S26*POWER(0,2)/2000000)),"") | N27: =IFERROR(IF(OR(D27="",Bonds_Live!Q26="",Bonds_Live!S26=""),"",D27 + (-Bonds_Live!Q26*(50)/100 + Bonds_Live!S26*POWER(50,2)/2000000)),"") | O27: =IFERROR(IF(OR(D27="",Bonds_Live!Q26="",Bonds_Live!S26=""),"",D27 + (-Bonds_Live!Q26*(-100)/100 + Bonds_Live!S26*POWER(-100,2)/2000000)),"") | P27: =IFERROR(IF(OR(D27="",Bonds_Live!Q26="",Bonds_Live!S26=""),"",D27 + (-Bonds_Live!Q26*(-50)/100 + Bonds_Live!S26*POWER(-50,2)/2000000)),"") | Q27: =IFERROR(IF(OR(D27="",Bonds_Live!Q26="",Bonds_Live!S26=""),"",D27 + (-Bonds_Live!Q26*(0)/100 + Bonds_Live!S26*POWER(0,2)/2000000)),"") | R27: =IFERROR(IF(OR(D27="",Bonds_Live!Q26="",Bonds_Live!S26=""),"",D27 + (-Bonds_Live!Q26*(50)/100 + Bonds_Live!S26*POWER(50,2)/2000000)),"") | S27: =IFERROR(IF(OR(D27="",Bonds_Live!Q26="",Bonds_Live!S26=""),"",D27 + (-Bonds_Live!Q26*(100)/100 + Bonds_Live!S26*POWER(100,2)/2000000)),"") | T27: =IFERROR(IF(OR(D27="",Bonds_Live!Q26="",Bonds_Live!S26=""),"",D27 + (-Bonds_Live!Q26*(-50)/100 + Bonds_Live!S26*POWER(-50,2)/2000000)),"") | U27: =IFERROR(IF(OR(D27="",Bonds_Live!Q26="",Bonds_Live!S26=""),"",D27 + (-Bonds_Live!Q26*(0)/100 + Bonds_Live!S26*POWER(0,2)/2000000)),"") | V27: =IFERROR(IF(OR(D27="",Bonds_Live!Q26="",Bonds_Live!S26=""),"",D27 + (-Bonds_Live!Q26*(50)/100 + Bonds_Live!S26*POWER(50,2)/2000000)),"") | W27: =IFERROR(IF(OR(D27="",Bonds_Live!Q26="",Bonds_Live!S26=""),"",D27 + (-Bonds_Live!Q26*(100)/100 + Bonds_Live!S26*POWER(100,2)/2000000)),"") | X27: =IFERROR(IF(OR(D27="",Bonds_Live!Q26="",Bonds_Live!S26=""),"",D27 + (-Bonds_Live!Q26*(150)/100 + Bonds_Live!S26*POWER(150,2)/2000000)),"") | Y27: =IFERROR(IF(OR(D27="",Bonds_Live!Q26="",Bonds_Live!S26=""),"",D27 + (-Bonds_Live!Q26*(0)/100 + Bonds_Live!S26*POWER(0,2)/2000000)),"") | Z27: =IFERROR(IF(OR(D27="",Bonds_Live!Q26="",Bonds_Live!S26=""),"",D27 + (-Bonds_Live!Q26*(50)/100 + Bonds_Live!S26*POWER(50,2)/2000000)),"") | AA27: =IFERROR(IF(OR(D27="",Bonds_Live!Q26="",Bonds_Live!S26=""),"",D27 + (-Bonds_Live!Q26*(100)/100 + Bonds_Live!S26*POWER(100,2)/2000000)),"") | AB27: =IFERROR(IF(OR(D27="",Bonds_Live!Q26="",Bonds_Live!S26=""),"",D27 + (-Bonds_Live!Q26*(150)/100 + Bonds_Live!S26*POWER(150,2)/2000000)),"") | AC27: =IFERROR(IF(OR(D27="",Bonds_Live!Q26="",Bonds_Live!S26=""),"",D27 + (-Bonds_Live!Q26*(200)/100 + Bonds_Live!S26*POWER(200,2)/2000000)),"")

Sheet TR_Matrix
B2: Bond Selector
B3: Select bond (row #): | C3: 2 | D3: =IFERROR(INDEX(Bonds_Static!A2:A26,C3-1),"") | E3: =IFERROR(INDEX(Bonds_Static!C2:C26,C3-1),"") | F3: =IFERROR(INDEX(Bonds_Static!G2:G26,C3-1),"") | G3: =IFERROR(INDEX(Bonds_Live!Q2:Q26,C3-1),"") | H3: =IFERROR(INDEX(Bonds_Live!S2:S26,C3-1),"")
B4: (C3 = bond row # in Bonds_Static; 2 = first bond)
B6: Horizon: 3 months — Total Return (%)
B7: ΔUST ↓ / Δspread → | C7: -100 bp | D7: -50 bp | E7: +0 bp | F7: +50 bp | G7: +100 bp
B8: -100 bp | C8: =IFERROR((IFERROR(INDEX(Carry_Roll!G2:G26,C$3-1),0)+IFERROR(INDEX(Carry_Roll!J2:J26,C$3-1),0)) + (-G$3*(-100+-100)/100 + H$3*POWER(-100+-100,2)/2000000),"") | D8: =IFERROR((IFERROR(INDEX(Carry_Roll!G2:G26,C$3-1),0)+IFERROR(INDEX(Carry_Roll!J2:J26,C$3-1),0)) + (-G$3*(-100+-50)/100 + H$3*POWER(-100+-50,2)/2000000),"") | E8: =IFERROR((IFERROR(INDEX(Carry_Roll!G2:G26,C$3-1),0)+IFERROR(INDEX(Carry_Roll!J2:J26,C$3-1),0)) + (-G$3*(-100+0)/100 + H$3*POWER(-100+0,2)/2000000),"") | F8: =IFERROR((IFERROR(INDEX(Carry_Roll!G2:G26,C$3-1),0)+IFERROR(INDEX(Carry_Roll!J2:J26,C$3-1),0)) + (-G$3*(-100+50)/100 + H$3*POWER(-100+50,2)/2000000),"") | G8: =IFERROR((IFERROR(INDEX(Carry_Roll!G2:G26,C$3-1),0)+IFERROR(INDEX(Carry_Roll!J2:J26,C$3-1),0)) + (-G$3*(-100+100)/100 + H$3*POWER(-100+100,2)/2000000),"")
B9: -50 bp | C9: =IFERROR((IFERROR(INDEX(Carry_Roll!G2:G26,C$3-1),0)+IFERROR(INDEX(Carry_Roll!J2:J26,C$3-1),0)) + (-G$3*(-50+-100)/100 + H$3*POWER(-50+-100,2)/2000000),"") | D9: =IFERROR((IFERROR(INDEX(Carry_Roll!G2:G26,C$3-1),0)+IFERROR(INDEX(Carry_Roll!J2:J26,C$3-1),0)) + (-G$3*(-50+-50)/100 + H$3*POWER(-50+-50,2)/2000000),"") | E9: =IFERROR((IFERROR(INDEX(Carry_Roll!G2:G26,C$3-1),0)+IFERROR(INDEX(Carry_Roll!J2:J26,C$3-1),0)) + (-G$3*(-50+0)/100 + H$3*POWER(-50+0,2)/2000000),"") | F9: =IFERROR((IFERROR(INDEX(Carry_Roll!G2:G26,C$3-1),0)+IFERROR(INDEX(Carry_Roll!J2:J26,C$3-1),0)) + (-G$3*(-50+50)/100 + H$3*POWER(-50+50,2)/2000000),"") | G9: =IFERROR((IFERROR(INDEX(Carry_Roll!G2:G26,C$3-1),0)+IFERROR(INDEX(Carry_Roll!J2:J26,C$3-1),0)) + (-G$3*(-50+100)/100 + H$3*POWER(-50+100,2)/2000000),"")
B10: -25 bp | C10: =IFERROR((IFERROR(INDEX(Carry_Roll!G2:G26,C$3-1),0)+IFERROR(INDEX(Carry_Roll!J2:J26,C$3-1),0)) + (-G$3*(-25+-100)/100 + H$3*POWER(-25+-100,2)/2000000),"") | D10: =IFERROR((IFERROR(INDEX(Carry_Roll!G2:G26,C$3-1),0)+IFERROR(INDEX(Carry_Roll!J2:J26,C$3-1),0)) + (-G$3*(-25+-50)/100 + H$3*POWER(-25+-50,2)/2000000),"") | E10: =IFERROR((IFERROR(INDEX(Carry_Roll!G2:G26,C$3-1),0)+IFERROR(INDEX(Carry_Roll!J2:J26,C$3-1),0)) + (-G$3*(-25+0)/100 + H$3*POWER(-25+0,2)/2000000),"") | F10: =IFERROR((IFERROR(INDEX(Carry_Roll!G2:G26,C$3-1),0)+IFERROR(INDEX(Carry_Roll!J2:J26,C$3-1),0)) + (-G$3*(-25+50)/100 + H$3*POWER(-25+50,2)/2000000),"") | G10: =IFERROR((IFERROR(INDEX(Carry_Roll!G2:G26,C$3-1),0)+IFERROR(INDEX(Carry_Roll!J2:J26,C$3-1),0)) + (-G$3*(-25+100)/100 + H$3*POWER(-25+100,2)/2000000),"")
B11: +0 bp | C11: =IFERROR((IFERROR(INDEX(Carry_Roll!G2:G26,C$3-1),0)+IFERROR(INDEX(Carry_Roll!J2:J26,C$3-1),0)) + (-G$3*(0+-100)/100 + H$3*POWER(0+-100,2)/2000000),"") | D11: =IFERROR((IFERROR(INDEX(Carry_Roll!G2:G26,C$3-1),0)+IFERROR(INDEX(Carry_Roll!J2:J26,C$3-1),0)) + (-G$3*(0+-50)/100 + H$3*POWER(0+-50,2)/2000000),"") | E11: =IFERROR((IFERROR(INDEX(Carry_Roll!G2:G26,C$3-1),0)+IFERROR(INDEX(Carry_Roll!J2:J26,C$3-1),0)) + (-G$3*(0+0)/100 + H$3*POWER(0+0,2)/2000000),"") | F11: =IFERROR((IFERROR(INDEX(Carry_Roll!G2:G26,C$3-1),0)+IFERROR(INDEX(Carry_Roll!J2:J26,C$3-1),0)) + (-G$3*(0+50)/100 + H$3*POWER(0+50,2)/2000000),"") | G11: =IFERROR((IFERROR(INDEX(Carry_Roll!G2:G26,C$3-1),0)+IFERROR(INDEX(Carry_Roll!J2:J26,C$3-1),0)) + (-G$3*(0+100)/100 + H$3*POWER(0+100,2)/2000000),"")
B12: +25 bp | C12: =IFERROR((IFERROR(INDEX(Carry_Roll!G2:G26,C$3-1),0)+IFERROR(INDEX(Carry_Roll!J2:J26,C$3-1),0)) + (-G$3*(25+-100)/100 + H$3*POWER(25+-100,2)/2000000),"") | D12: =IFERROR((IFERROR(INDEX(Carry_Roll!G2:G26,C$3-1),0)+IFERROR(INDEX(Carry_Roll!J2:J26,C$3-1),0)) + (-G$3*(25+-50)/100 + H$3*POWER(25+-50,2)/2000000),"") | E12: =IFERROR((IFERROR(INDEX(Carry_Roll!G2:G26,C$3-1),0)+IFERROR(INDEX(Carry_Roll!J2:J26,C$3-1),0)) + (-G$3*(25+0)/100 + H$3*POWER(25+0,2)/2000000),"") | F12: =IFERROR((IFERROR(INDEX(Carry_Roll!G2:G26,C$3-1),0)+IFERROR(INDEX(Carry_Roll!J2:J26,C$3-1),0)) + (-G$3*(25+50)/100 + H$3*POWER(25+50,2)/2000000),"") | G12: =IFERROR((IFERROR(INDEX(Carry_Roll!G2:G26,C$3-1),0)+IFERROR(INDEX(Carry_Roll!J2:J26,C$3-1),0)) + (-G$3*(25+100)/100 + H$3*POWER(25+100,2)/2000000),"")
B13: +50 bp | C13: =IFERROR((IFERROR(INDEX(Carry_Roll!G2:G26,C$3-1),0)+IFERROR(INDEX(Carry_Roll!J2:J26,C$3-1),0)) + (-G$3*(50+-100)/100 + H$3*POWER(50+-100,2)/2000000),"") | D13: =IFERROR((IFERROR(INDEX(Carry_Roll!G2:G26,C$3-1),0)+IFERROR(INDEX(Carry_Roll!J2:J26,C$3-1),0)) + (-G$3*(50+-50)/100 + H$3*POWER(50+-50,2)/2000000),"") | E13: =IFERROR((IFERROR(INDEX(Carry_Roll!G2:G26,C$3-1),0)+IFERROR(INDEX(Carry_Roll!J2:J26,C$3-1),0)) + (-G$3*(50+0)/100 + H$3*POWER(50+0,2)/2000000),"") | F13: =IFERROR((IFERROR(INDEX(Carry_Roll!G2:G26,C$3-1),0)+IFERROR(INDEX(Carry_Roll!J2:J26,C$3-1),0)) + (-G$3*(50+50)/100 + H$3*POWER(50+50,2)/2000000),"") | G13: =IFERROR((IFERROR(INDEX(Carry_Roll!G2:G26,C$3-1),0)+IFERROR(INDEX(Carry_Roll!J2:J26,C$3-1),0)) + (-G$3*(50+100)/100 + H$3*POWER(50+100,2)/2000000),"")
B14: +100 bp | C14: =IFERROR((IFERROR(INDEX(Carry_Roll!G2:G26,C$3-1),0)+IFERROR(INDEX(Carry_Roll!J2:J26,C$3-1),0)) + (-G$3*(100+-100)/100 + H$3*POWER(100+-100,2)/2000000),"") | D14: =IFERROR((IFERROR(INDEX(Carry_Roll!G2:G26,C$3-1),0)+IFERROR(INDEX(Carry_Roll!J2:J26,C$3-1),0)) + (-G$3*(100+-50)/100 + H$3*POWER(100+-50,2)/2000000),"") | E14: =IFERROR((IFERROR(INDEX(Carry_Roll!G2:G26,C$3-1),0)+IFERROR(INDEX(Carry_Roll!J2:J26,C$3-1),0)) + (-G$3*(100+0)/100 + H$3*POWER(100+0,2)/2000000),"") | F14: =IFERROR((IFERROR(INDEX(Carry_Roll!G2:G26,C$3-1),0)+IFERROR(INDEX(Carry_Roll!J2:J26,C$3-1),0)) + (-G$3*(100+50)/100 + H$3*POWER(100+50,2)/2000000),"") | G14: =IFERROR((IFERROR(INDEX(Carry_Roll!G2:G26,C$3-1),0)+IFERROR(INDEX(Carry_Roll!J2:J26,C$3-1),0)) + (-G$3*(100+100)/100 + H$3*POWER(100+100,2)/2000000),"")
B18: Horizon: 6 months — Total Return (%)
B19: ΔUST ↓ / Δspread → | C19: -100 bp | D19: -50 bp | E19: +0 bp | F19: +50 bp | G19: +100 bp
B20: -100 bp | C20: =IFERROR((IFERROR(INDEX(Carry_Roll!H2:H26,C$3-1),0)+IFERROR(INDEX(Carry_Roll!K2:K26,C$3-1),0)) + (-G$3*(-100+-100)/100 + H$3*POWER(-100+-100,2)/2000000),"") | D20: =IFERROR((IFERROR(INDEX(Carry_Roll!H2:H26,C$3-1),0)+IFERROR(INDEX(Carry_Roll!K2:K26,C$3-1),0)) + (-G$3*(-100+-50)/100 + H$3*POWER(-100+-50,2)/2000000),"") | E20: =IFERROR((IFERROR(INDEX(Carry_Roll!H2:H26,C$3-1),0)+IFERROR(INDEX(Carry_Roll!K2:K26,C$3-1),0)) + (-G$3*(-100+0)/100 + H$3*POWER(-100+0,2)/2000000),"") | F20: =IFERROR((IFERROR(INDEX(Carry_Roll!H2:H26,C$3-1),0)+IFERROR(INDEX(Carry_Roll!K2:K26,C$3-1),0)) + (-G$3*(-100+50)/100 + H$3*POWER(-100+50,2)/2000000),"") | G20: =IFERROR((IFERROR(INDEX(Carry_Roll!H2:H26,C$3-1),0)+IFERROR(INDEX(Carry_Roll!K2:K26,C$3-1),0)) + (-G$3*(-100+100)/100 + H$3*POWER(-100+100,2)/2000000),"")
B21: -50 bp | C21: =IFERROR((IFERROR(INDEX(Carry_Roll!H2:H26,C$3-1),0)+IFERROR(INDEX(Carry_Roll!K2:K26,C$3-1),0)) + (-G$3*(-50+-100)/100 + H$3*POWER(-50+-100,2)/2000000),"") | D21: =IFERROR((IFERROR(INDEX(Carry_Roll!H2:H26,C$3-1),0)+IFERROR(INDEX(Carry_Roll!K2:K26,C$3-1),0)) + (-G$3*(-50+-50)/100 + H$3*POWER(-50+-50,2)/2000000),"") | E21: =IFERROR((IFERROR(INDEX(Carry_Roll!H2:H26,C$3-1),0)+IFERROR(INDEX(Carry_Roll!K2:K26,C$3-1),0)) + (-G$3*(-50+0)/100 + H$3*POWER(-50+0,2)/2000000),"") | F21: =IFERROR((IFERROR(INDEX(Carry_Roll!H2:H26,C$3-1),0)+IFERROR(INDEX(Carry_Roll!K2:K26,C$3-1),0)) + (-G$3*(-50+50)/100 + H$3*POWER(-50+50,2)/2000000),"") | G21: =IFERROR((IFERROR(INDEX(Carry_Roll!H2:H26,C$3-1),0)+IFERROR(INDEX(Carry_Roll!K2:K26,C$3-1),0)) + (-G$3*(-50+100)/100 + H$3*POWER(-50+100,2)/2000000),"")
B22: -25 bp | C22: =IFERROR((IFERROR(INDEX(Carry_Roll!H2:H26,C$3-1),0)+IFERROR(INDEX(Carry_Roll!K2:K26,C$3-1),0)) + (-G$3*(-25+-100)/100 + H$3*POWER(-25+-100,2)/2000000),"") | D22: =IFERROR((IFERROR(INDEX(Carry_Roll!H2:H26,C$3-1),0)+IFERROR(INDEX(Carry_Roll!K2:K26,C$3-1),0)) + (-G$3*(-25+-50)/100 + H$3*POWER(-25+-50,2)/2000000),"") | E22: =IFERROR((IFERROR(INDEX(Carry_Roll!H2:H26,C$3-1),0)+IFERROR(INDEX(Carry_Roll!K2:K26,C$3-1),0)) + (-G$3*(-25+0)/100 + H$3*POWER(-25+0,2)/2000000),"") | F22: =IFERROR((IFERROR(INDEX(Carry_Roll!H2:H26,C$3-1),0)+IFERROR(INDEX(Carry_Roll!K2:K26,C$3-1),0)) + (-G$3*(-25+50)/100 + H$3*POWER(-25+50,2)/2000000),"") | G22: =IFERROR((IFERROR(INDEX(Carry_Roll!H2:H26,C$3-1),0)+IFERROR(INDEX(Carry_Roll!K2:K26,C$3-1),0)) + (-G$3*(-25+100)/100 + H$3*POWER(-25+100,2)/2000000),"")
B23: +0 bp | C23: =IFERROR((IFERROR(INDEX(Carry_Roll!H2:H26,C$3-1),0)+IFERROR(INDEX(Carry_Roll!K2:K26,C$3-1),0)) + (-G$3*(0+-100)/100 + H$3*POWER(0+-100,2)/2000000),"") | D23: =IFERROR((IFERROR(INDEX(Carry_Roll!H2:H26,C$3-1),0)+IFERROR(INDEX(Carry_Roll!K2:K26,C$3-1),0)) + (-G$3*(0+-50)/100 + H$3*POWER(0+-50,2)/2000000),"") | E23: =IFERROR((IFERROR(INDEX(Carry_Roll!H2:H26,C$3-1),0)+IFERROR(INDEX(Carry_Roll!K2:K26,C$3-1),0)) + (-G$3*(0+0)/100 + H$3*POWER(0+0,2)/2000000),"") | F23: =IFERROR((IFERROR(INDEX(Carry_Roll!H2:H26,C$3-1),0)+IFERROR(INDEX(Carry_Roll!K2:K26,C$3-1),0)) + (-G$3*(0+50)/100 + H$3*POWER(0+50,2)/2000000),"") | G23: =IFERROR((IFERROR(INDEX(Carry_Roll!H2:H26,C$3-1),0)+IFERROR(INDEX(Carry_Roll!K2:K26,C$3-1),0)) + (-G$3*(0+100)/100 + H$3*POWER(0+100,2)/2000000),"")
B24: +25 bp | C24: =IFERROR((IFERROR(INDEX(Carry_Roll!H2:H26,C$3-1),0)+IFERROR(INDEX(Carry_Roll!K2:K26,C$3-1),0)) + (-G$3*(25+-100)/100 + H$3*POWER(25+-100,2)/2000000),"") | D24: =IFERROR((IFERROR(INDEX(Carry_Roll!H2:H26,C$3-1),0)+IFERROR(INDEX(Carry_Roll!K2:K26,C$3-1),0)) + (-G$3*(25+-50)/100 + H$3*POWER(25+-50,2)/2000000),"") | E24: =IFERROR((IFERROR(INDEX(Carry_Roll!H2:H26,C$3-1),0)+IFERROR(INDEX(Carry_Roll!K2:K26,C$3-1),0)) + (-G$3*(25+0)/100 + H$3*POWER(25+0,2)/2000000),"") | F24: =IFERROR((IFERROR(INDEX(Carry_Roll!H2:H26,C$3-1),0)+IFERROR(INDEX(Carry_Roll!K2:K26,C$3-1),0)) + (-G$3*(25+50)/100 + H$3*POWER(25+50,2)/2000000),"") | G24: =IFERROR((IFERROR(INDEX(Carry_Roll!H2:H26,C$3-1),0)+IFERROR(INDEX(Carry_Roll!K2:K26,C$3-1),0)) + (-G$3*(25+100)/100 + H$3*POWER(25+100,2)/2000000),"")
B25: +50 bp | C25: =IFERROR((IFERROR(INDEX(Carry_Roll!H2:H26,C$3-1),0)+IFERROR(INDEX(Carry_Roll!K2:K26,C$3-1),0)) + (-G$3*(50+-100)/100 + H$3*POWER(50+-100,2)/2000000),"") | D25: =IFERROR((IFERROR(INDEX(Carry_Roll!H2:H26,C$3-1),0)+IFERROR(INDEX(Carry_Roll!K2:K26,C$3-1),0)) + (-G$3*(50+-50)/100 + H$3*POWER(50+-50,2)/2000000),"") | E25: =IFERROR((IFERROR(INDEX(Carry_Roll!H2:H26,C$3-1),0)+IFERROR(INDEX(Carry_Roll!K2:K26,C$3-1),0)) + (-G$3*(50+0)/100 + H$3*POWER(50+0,2)/2000000),"") | F25: =IFERROR((IFERROR(INDEX(Carry_Roll!H2:H26,C$3-1),0)+IFERROR(INDEX(Carry_Roll!K2:K26,C$3-1),0)) + (-G$3*(50+50)/100 + H$3*POWER(50+50,2)/2000000),"") | G25: =IFERROR((IFERROR(INDEX(Carry_Roll!H2:H26,C$3-1),0)+IFERROR(INDEX(Carry_Roll!K2:K26,C$3-1),0)) + (-G$3*(50+100)/100 + H$3*POWER(50+100,2)/2000000),"")
B26: +100 bp | C26: =IFERROR((IFERROR(INDEX(Carry_Roll!H2:H26,C$3-1),0)+IFERROR(INDEX(Carry_Roll!K2:K26,C$3-1),0)) + (-G$3*(100+-100)/100 + H$3*POWER(100+-100,2)/2000000),"") | D26: =IFERROR((IFERROR(INDEX(Carry_Roll!H2:H26,C$3-1),0)+IFERROR(INDEX(Carry_Roll!K2:K26,C$3-1),0)) + (-G$3*(100+-50)/100 + H$3*POWER(100+-50,2)/2000000),"") | E26: =IFERROR((IFERROR(INDEX(Carry_Roll!H2:H26,C$3-1),0)+IFERROR(INDEX(Carry_Roll!K2:K26,C$3-1),0)) + (-G$3*(100+0)/100 + H$3*POWER(100+0,2)/2000000),"") | F26: =IFERROR((IFERROR(INDEX(Carry_Roll!H2:H26,C$3-1),0)+IFERROR(INDEX(Carry_Roll!K2:K26,C$3-1),0)) + (-G$3*(100+50)/100 + H$3*POWER(100+50,2)/2000000),"") | G26: =IFERROR((IFERROR(INDEX(Carry_Roll!H2:H26,C$3-1),0)+IFERROR(INDEX(Carry_Roll!K2:K26,C$3-1),0)) + (-G$3*(100+100)/100 + H$3*POWER(100+100,2)/2000000),"")
B30: Horizon: 12 months — Total Return (%)
B31: ΔUST ↓ / Δspread → | C31: -100 bp | D31: -50 bp | E31: +0 bp | F31: +50 bp | G31: +100 bp
B32: -100 bp | C32: =IFERROR((IFERROR(INDEX(Carry_Roll!I2:I26,C$3-1),0)+IFERROR(INDEX(Carry_Roll!L2:L26,C$3-1),0)) + (-G$3*(-100+-100)/100 + H$3*POWER(-100+-100,2)/2000000),"") | D32: =IFERROR((IFERROR(INDEX(Carry_Roll!I2:I26,C$3-1),0)+IFERROR(INDEX(Carry_Roll!L2:L26,C$3-1),0)) + (-G$3*(-100+-50)/100 + H$3*POWER(-100+-50,2)/2000000),"") | E32: =IFERROR((IFERROR(INDEX(Carry_Roll!I2:I26,C$3-1),0)+IFERROR(INDEX(Carry_Roll!L2:L26,C$3-1),0)) + (-G$3*(-100+0)/100 + H$3*POWER(-100+0,2)/2000000),"") | F32: =IFERROR((IFERROR(INDEX(Carry_Roll!I2:I26,C$3-1),0)+IFERROR(INDEX(Carry_Roll!L2:L26,C$3-1),0)) + (-G$3*(-100+50)/100 + H$3*POWER(-100+50,2)/2000000),"") | G32: =IFERROR((IFERROR(INDEX(Carry_Roll!I2:I26,C$3-1),0)+IFERROR(INDEX(Carry_Roll!L2:L26,C$3-1),0)) + (-G$3*(-100+100)/100 + H$3*POWER(-100+100,2)/2000000),"")
B33: -50 bp | C33: =IFERROR((IFERROR(INDEX(Carry_Roll!I2:I26,C$3-1),0)+IFERROR(INDEX(Carry_Roll!L2:L26,C$3-1),0)) + (-G$3*(-50+-100)/100 + H$3*POWER(-50+-100,2)/2000000),"") | D33: =IFERROR((IFERROR(INDEX(Carry_Roll!I2:I26,C$3-1),0)+IFERROR(INDEX(Carry_Roll!L2:L26,C$3-1),0)) + (-G$3*(-50+-50)/100 + H$3*POWER(-50+-50,2)/2000000),"") | E33: =IFERROR((IFERROR(INDEX(Carry_Roll!I2:I26,C$3-1),0)+IFERROR(INDEX(Carry_Roll!L2:L26,C$3-1),0)) + (-G$3*(-50+0)/100 + H$3*POWER(-50+0,2)/2000000),"") | F33: =IFERROR((IFERROR(INDEX(Carry_Roll!I2:I26,C$3-1),0)+IFERROR(INDEX(Carry_Roll!L2:L26,C$3-1),0)) + (-G$3*(-50+50)/100 + H$3*POWER(-50+50,2)/2000000),"") | G33: =IFERROR((IFERROR(INDEX(Carry_Roll!I2:I26,C$3-1),0)+IFERROR(INDEX(Carry_Roll!L2:L26,C$3-1),0)) + (-G$3*(-50+100)/100 + H$3*POWER(-50+100,2)/2000000),"")
B34: -25 bp | C34: =IFERROR((IFERROR(INDEX(Carry_Roll!I2:I26,C$3-1),0)+IFERROR(INDEX(Carry_Roll!L2:L26,C$3-1),0)) + (-G$3*(-25+-100)/100 + H$3*POWER(-25+-100,2)/2000000),"") | D34: =IFERROR((IFERROR(INDEX(Carry_Roll!I2:I26,C$3-1),0)+IFERROR(INDEX(Carry_Roll!L2:L26,C$3-1),0)) + (-G$3*(-25+-50)/100 + H$3*POWER(-25+-50,2)/2000000),"") | E34: =IFERROR((IFERROR(INDEX(Carry_Roll!I2:I26,C$3-1),0)+IFERROR(INDEX(Carry_Roll!L2:L26,C$3-1),0)) + (-G$3*(-25+0)/100 + H$3*POWER(-25+0,2)/2000000),"") | F34: =IFERROR((IFERROR(INDEX(Carry_Roll!I2:I26,C$3-1),0)+IFERROR(INDEX(Carry_Roll!L2:L26,C$3-1),0)) + (-G$3*(-25+50)/100 + H$3*POWER(-25+50,2)/2000000),"") | G34: =IFERROR((IFERROR(INDEX(Carry_Roll!I2:I26,C$3-1),0)+IFERROR(INDEX(Carry_Roll!L2:L26,C$3-1),0)) + (-G$3*(-25+100)/100 + H$3*POWER(-25+100,2)/2000000),"")
B35: +0 bp | C35: =IFERROR((IFERROR(INDEX(Carry_Roll!I2:I26,C$3-1),0)+IFERROR(INDEX(Carry_Roll!L2:L26,C$3-1),0)) + (-G$3*(0+-100)/100 + H$3*POWER(0+-100,2)/2000000),"") | D35: =IFERROR((IFERROR(INDEX(Carry_Roll!I2:I26,C$3-1),0)+IFERROR(INDEX(Carry_Roll!L2:L26,C$3-1),0)) + (-G$3*(0+-50)/100 + H$3*POWER(0+-50,2)/2000000),"") | E35: =IFERROR((IFERROR(INDEX(Carry_Roll!I2:I26,C$3-1),0)+IFERROR(INDEX(Carry_Roll!L2:L26,C$3-1),0)) + (-G$3*(0+0)/100 + H$3*POWER(0+0,2)/2000000),"") | F35: =IFERROR((IFERROR(INDEX(Carry_Roll!I2:I26,C$3-1),0)+IFERROR(INDEX(Carry_Roll!L2:L26,C$3-1),0)) + (-G$3*(0+50)/100 + H$3*POWER(0+50,2)/2000000),"") | G35: =IFERROR((IFERROR(INDEX(Carry_Roll!I2:I26,C$3-1),0)+IFERROR(INDEX(Carry_Roll!L2:L26,C$3-1),0)) + (-G$3*(0+100)/100 + H$3*POWER(0+100,2)/2000000),"")
B36: +25 bp | C36: =IFERROR((IFERROR(INDEX(Carry_Roll!I2:I26,C$3-1),0)+IFERROR(INDEX(Carry_Roll!L2:L26,C$3-1),0)) + (-G$3*(25+-100)/100 + H$3*POWER(25+-100,2)/2000000),"") | D36: =IFERROR((IFERROR(INDEX(Carry_Roll!I2:I26,C$3-1),0)+IFERROR(INDEX(Carry_Roll!L2:L26,C$3-1),0)) + (-G$3*(25+-50)/100 + H$3*POWER(25+-50,2)/2000000),"") | E36: =IFERROR((IFERROR(INDEX(Carry_Roll!I2:I26,C$3-1),0)+IFERROR(INDEX(Carry_Roll!L2:L26,C$3-1),0)) + (-G$3*(25+0)/100 + H$3*POWER(25+0,2)/2000000),"") | F36: =IFERROR((IFERROR(INDEX(Carry_Roll!I2:I26,C$3-1),0)+IFERROR(INDEX(Carry_Roll!L2:L26,C$3-1),0)) + (-G$3*(25+50)/100 + H$3*POWER(25+50,2)/2000000),"") | G36: =IFERROR((IFERROR(INDEX(Carry_Roll!I2:I26,C$3-1),0)+IFERROR(INDEX(Carry_Roll!L2:L26,C$3-1),0)) + (-G$3*(25+100)/100 + H$3*POWER(25+100,2)/2000000),"")
B37: +50 bp | C37: =IFERROR((IFERROR(INDEX(Carry_Roll!I2:I26,C$3-1),0)+IFERROR(INDEX(Carry_Roll!L2:L26,C$3-1),0)) + (-G$3*(50+-100)/100 + H$3*POWER(50+-100,2)/2000000),"") | D37: =IFERROR((IFERROR(INDEX(Carry_Roll!I2:I26,C$3-1),0)+IFERROR(INDEX(Carry_Roll!L2:L26,C$3-1),0)) + (-G$3*(50+-50)/100 + H$3*POWER(50+-50,2)/2000000),"") | E37: =IFERROR((IFERROR(INDEX(Carry_Roll!I2:I26,C$3-1),0)+IFERROR(INDEX(Carry_Roll!L2:L26,C$3-1),0)) + (-G$3*(50+0)/100 + H$3*POWER(50+0,2)/2000000),"") | F37: =IFERROR((IFERROR(INDEX(Carry_Roll!I2:I26,C$3-1),0)+IFERROR(INDEX(Carry_Roll!L2:L26,C$3-1),0)) + (-G$3*(50+50)/100 + H$3*POWER(50+50,2)/2000000),"") | G37: =IFERROR((IFERROR(INDEX(Carry_Roll!I2:I26,C$3-1),0)+IFERROR(INDEX(Carry_Roll!L2:L26,C$3-1),0)) + (-G$3*(50+100)/100 + H$3*POWER(50+100,2)/2000000),"")
B38: +100 bp | C38: =IFERROR((IFERROR(INDEX(Carry_Roll!I2:I26,C$3-1),0)+IFERROR(INDEX(Carry_Roll!L2:L26,C$3-1),0)) + (-G$3*(100+-100)/100 + H$3*POWER(100+-100,2)/2000000),"") | D38: =IFERROR((IFERROR(INDEX(Carry_Roll!I2:I26,C$3-1),0)+IFERROR(INDEX(Carry_Roll!L2:L26,C$3-1),0)) + (-G$3*(100+-50)/100 + H$3*POWER(100+-50,2)/2000000),"") | E38: =IFERROR((IFERROR(INDEX(Carry_Roll!I2:I26,C$3-1),0)+IFERROR(INDEX(Carry_Roll!L2:L26,C$3-1),0)) + (-G$3*(100+0)/100 + H$3*POWER(100+0,2)/2000000),"") | F38: =IFERROR((IFERROR(INDEX(Carry_Roll!I2:I26,C$3-1),0)+IFERROR(INDEX(Carry_Roll!L2:L26,C$3-1),0)) + (-G$3*(100+50)/100 + H$3*POWER(100+50,2)/2000000),"") | G38: =IFERROR((IFERROR(INDEX(Carry_Roll!I2:I26,C$3-1),0)+IFERROR(INDEX(Carry_Roll!L2:L26,C$3-1),0)) + (-G$3*(100+100)/100 + H$3*POWER(100+100,2)/2000000),"")

Sheet Peer_EMBI_Bench
A1: Peer Basket — paste ISINs of similarly-rated EM sovereigns
A2: ISIN | B2: Description | C2: Country | D2: Rating SP | E2: Yrs | F2: YTM (%) | G2: Z-Spr (bp) | H2: MDur | I2: OAS (bp) | J2: Tag
B3: =IFERROR(BDP("/isin/"&$A3,"SECURITY_DES"),"") | C3: =IFERROR(BDP("/isin/"&$A3,"CNTRY_OF_RISK"),"") | D3: =IFERROR(BDP("/isin/"&$A3,"RTG_SP_LT_FC"),"") | E3: =IFERROR((BDP("/isin/"&$A3,"MATURITY")-TODAY())/365.25,"") | F3: =IFERROR(BDP("/isin/"&$A3,"YLD_YTM_MID"),"") | G3: =IFERROR(BDP("/isin/"&$A3,"YAS_ZSPREAD"),"") | H3: =IFERROR(BDP("/isin/"&$A3,"DUR_ADJ_MID"),"") | I3: =IFERROR(BDP("/isin/"&$A3,"YAS_OAS"),"")
B4: =IFERROR(BDP("/isin/"&$A4,"SECURITY_DES"),"") | C4: =IFERROR(BDP("/isin/"&$A4,"CNTRY_OF_RISK"),"") | D4: =IFERROR(BDP("/isin/"&$A4,"RTG_SP_LT_FC"),"") | E4: =IFERROR((BDP("/isin/"&$A4,"MATURITY")-TODAY())/365.25,"") | F4: =IFERROR(BDP("/isin/"&$A4,"YLD_YTM_MID"),"") | G4: =IFERROR(BDP("/isin/"&$A4,"YAS_ZSPREAD"),"") | H4: =IFERROR(BDP("/isin/"&$A4,"DUR_ADJ_MID"),"") | I4: =IFERROR(BDP("/isin/"&$A4,"YAS_OAS"),"")
B5: =IFERROR(BDP("/isin/"&$A5,"SECURITY_DES"),"") | C5: =IFERROR(BDP("/isin/"&$A5,"CNTRY_OF_RISK"),"") | D5: =IFERROR(BDP("/isin/"&$A5,"RTG_SP_LT_FC"),"") | E5: =IFERROR((BDP("/isin/"&$A5,"MATURITY")-TODAY())/365.25,"") | F5: =IFERROR(BDP("/isin/"&$A5,"YLD_YTM_MID"),"") | G5: =IFERROR(BDP("/isin/"&$A5,"YAS_ZSPREAD"),"") | H5: =IFERROR(BDP("/isin/"&$A5,"DUR_ADJ_MID"),"") | I5: =IFERROR(BDP("/isin/"&$A5,"YAS_OAS"),"")
B6: =IFERROR(BDP("/isin/"&$A6,"SECURITY_DES"),"") | C6: =IFERROR(BDP("/isin/"&$A6,"CNTRY_OF_RISK"),"") | D6: =IFERROR(BDP("/isin/"&$A6,"RTG_SP_LT_FC"),"") | E6: =IFERROR((BDP("/isin/"&$A6,"MATURITY")-TODAY())/365.25,"") | F6: =IFERROR(BDP("/isin/"&$A6,"YLD_YTM_MID"),"") | G6: =IFERROR(BDP("/isin/"&$A6,"YAS_ZSPREAD"),"") | H6: =IFERROR(BDP("/isin/"&$A6,"DUR_ADJ_MID"),"") | I6: =IFERROR(BDP("/isin/"&$A6,"YAS_OAS"),"")
B7: =IFERROR(BDP("/isin/"&$A7,"SECURITY_DES"),"") | C7: =IFERROR(BDP("/isin/"&$A7,"CNTRY_OF_RISK"),"") | D7: =IFERROR(BDP("/isin/"&$A7,"RTG_SP_LT_FC"),"") | E7: =IFERROR((BDP("/isin/"&$A7,"MATURITY")-TODAY())/365.25,"") | F7: =IFERROR(BDP("/isin/"&$A7,"YLD_YTM_MID"),"") | G7: =IFERROR(BDP("/isin/"&$A7,"YAS_ZSPREAD"),"") | H7: =IFERROR(BDP("/isin/"&$A7,"DUR_ADJ_MID"),"") | I7: =IFERROR(BDP("/isin/"&$A7,"YAS_OAS"),"")
B8: =IFERROR(BDP("/isin/"&$A8,"SECURITY_DES"),"") | C8: =IFERROR(BDP("/isin/"&$A8,"CNTRY_OF_RISK"),"") | D8: =IFERROR(BDP("/isin/"&$A8,"RTG_SP_LT_FC"),"") | E8: =IFERROR((BDP("/isin/"&$A8,"MATURITY")-TODAY())/365.25,"") | F8: =IFERROR(BDP("/isin/"&$A8,"YLD_YTM_MID"),"") | G8: =IFERROR(BDP("/isin/"&$A8,"YAS_ZSPREAD"),"") | H8: =IFERROR(BDP("/isin/"&$A8,"DUR_ADJ_MID"),"") | I8: =IFERROR(BDP("/isin/"&$A8,"YAS_OAS"),"")
B9: =IFERROR(BDP("/isin/"&$A9,"SECURITY_DES"),"") | C9: =IFERROR(BDP("/isin/"&$A9,"CNTRY_OF_RISK"),"") | D9: =IFERROR(BDP("/isin/"&$A9,"RTG_SP_LT_FC"),"") | E9: =IFERROR((BDP("/isin/"&$A9,"MATURITY")-TODAY())/365.25,"") | F9: =IFERROR(BDP("/isin/"&$A9,"YLD_YTM_MID"),"") | G9: =IFERROR(BDP("/isin/"&$A9,"YAS_ZSPREAD"),"") | H9: =IFERROR(BDP("/isin/"&$A9,"DUR_ADJ_MID"),"") | I9: =IFERROR(BDP("/isin/"&$A9,"YAS_OAS"),"")
B10: =IFERROR(BDP("/isin/"&$A10,"SECURITY_DES"),"") | C10: =IFERROR(BDP("/isin/"&$A10,"CNTRY_OF_RISK"),"") | D10: =IFERROR(BDP("/isin/"&$A10,"RTG_SP_LT_FC"),"") | E10: =IFERROR((BDP("/isin/"&$A10,"MATURITY")-TODAY())/365.25,"") | F10: =IFERROR(BDP("/isin/"&$A10,"YLD_YTM_MID"),"") | G10: =IFERROR(BDP("/isin/"&$A10,"YAS_ZSPREAD"),"") | H10: =IFERROR(BDP("/isin/"&$A10,"DUR_ADJ_MID"),"") | I10: =IFERROR(BDP("/isin/"&$A10,"YAS_OAS"),"")
B11: =IFERROR(BDP("/isin/"&$A11,"SECURITY_DES"),"") | C11: =IFERROR(BDP("/isin/"&$A11,"CNTRY_OF_RISK"),"") | D11: =IFERROR(BDP("/isin/"&$A11,"RTG_SP_LT_FC"),"") | E11: =IFERROR((BDP("/isin/"&$A11,"MATURITY")-TODAY())/365.25,"") | F11: =IFERROR(BDP("/isin/"&$A11,"YLD_YTM_MID"),"") | G11: =IFERROR(BDP("/isin/"&$A11,"YAS_ZSPREAD"),"") | H11: =IFERROR(BDP("/isin/"&$A11,"DUR_ADJ_MID"),"") | I11: =IFERROR(BDP("/isin/"&$A11,"YAS_OAS"),"")
B12: =IFERROR(BDP("/isin/"&$A12,"SECURITY_DES"),"") | C12: =IFERROR(BDP("/isin/"&$A12,"CNTRY_OF_RISK"),"") | D12: =IFERROR(BDP("/isin/"&$A12,"RTG_SP_LT_FC"),"") | E12: =IFERROR((BDP("/isin/"&$A12,"MATURITY")-TODAY())/365.25,"") | F12: =IFERROR(BDP("/isin/"&$A12,"YLD_YTM_MID"),"") | G12: =IFERROR(BDP("/isin/"&$A12,"YAS_ZSPREAD"),"") | H12: =IFERROR(BDP("/isin/"&$A12,"DUR_ADJ_MID"),"") | I12: =IFERROR(BDP("/isin/"&$A12,"YAS_OAS"),"")
B13: =IFERROR(BDP("/isin/"&$A13,"SECURITY_DES"),"") | C13: =IFERROR(BDP("/isin/"&$A13,"CNTRY_OF_RISK"),"") | D13: =IFERROR(BDP("/isin/"&$A13,"RTG_SP_LT_FC"),"") | E13: =IFERROR((BDP("/isin/"&$A13,"MATURITY")-TODAY())/365.25,"") | F13: =IFERROR(BDP("/isin/"&$A13,"YLD_YTM_MID"),"") | G13: =IFERROR(BDP("/isin/"&$A13,"YAS_ZSPREAD"),"") | H13: =IFERROR(BDP("/isin/"&$A13,"DUR_ADJ_MID"),"") | I13: =IFERROR(BDP("/isin/"&$A13,"YAS_OAS"),"")
B14: =IFERROR(BDP("/isin/"&$A14,"SECURITY_DES"),"") | C14: =IFERROR(BDP("/isin/"&$A14,"CNTRY_OF_RISK"),"") | D14: =IFERROR(BDP("/isin/"&$A14,"RTG_SP_LT_FC"),"") | E14: =IFERROR((BDP("/isin/"&$A14,"MATURITY")-TODAY())/365.25,"") | F14: =IFERROR(BDP("/isin/"&$A14,"YLD_YTM_MID"),"") | G14: =IFERROR(BDP("/isin/"&$A14,"YAS_ZSPREAD"),"") | H14: =IFERROR(BDP("/isin/"&$A14,"DUR_ADJ_MID"),"") | I14: =IFERROR(BDP("/isin/"&$A14,"YAS_OAS"),"")
... B17: =IFERROR(BDP("/isin/"&$A17,"SECURITY_DES"),"") | C17: =IFERROR(BDP("/isin/"&$A17,"CNTRY_OF_RISK"),"") | D17: =IFERROR(BDP("/isin/"&$A17,"RTG_SP_LT_FC"),"") | E17: =IFERROR((BDP("/isin/"&$A17,"MATURITY")-TODAY())/365.25,"") | F17: =IFERROR(BDP("/isin/"&$A17,"YLD_YTM_MID"),"") | G17: =IFERROR(BDP("/isin/"&$A17,"YAS_ZSPREAD"),"") | H17: =IFERROR(BDP("/isin/"&$A17,"DUR_ADJ_MID"),"") | I17: =IFERROR(BDP("/isin/"&$A17,"YAS_OAS"),"")
A19: Peer averages: | F19: =IFERROR(AVERAGEIF(F3:F17,"<>",F3:F17),"") | G19: =IFERROR(AVERAGEIF(G3:G17,"<>",G3:G17),"") | H19: =IFERROR(AVERAGEIF(H3:H17,"<>",H3:H17),"") | I19: =IFERROR(AVERAGEIF(I3:I17,"<>",I3:I17),"")
A21: EMBI bucket — pulled from index ticker on Settings | E21: Per-bond comparisons
A22: EMBI Composite ticker | B22: =Settings!C28 | E22: ISIN | F22: Description | G22: Z-Spr (bp) | H22: Spread vs peer avg | I22: Spread vs EMBI bucket | J22: Implied 12M outperf vs EMBI (%)
A23: EMBI Composite Yield (%) | B23: =IFERROR(BDP(Settings!C28,"INDEX_AVG_YLD"),IFERROR(BDP(Settings!C28,"PX_LAST"),"")) | E23: =Bonds_Static!A2 | F23: =Bonds_Static!C2 | G23: =IFERROR(Bonds_Live!L2,"") | H23: =IFERROR(G23-G19,"") | I23: =IFERROR(G23-B28,"") | J23: =IFERROR(IF(OR(I23="",Bonds_Live!R2=""),"",I23/100*Bonds_Live!R2),"")
A24: EMBI Composite Spread (bp) | B24: =IFERROR(BDP(Settings!C28,"INDEX_AVG_SPREAD"),"") | E24: =Bonds_Static!A3 | F24: =Bonds_Static!C3 | G24: =IFERROR(Bonds_Live!L3,"") | H24: =IFERROR(G24-G19,"") | I24: =IFERROR(G24-B28,"") | J24: =IFERROR(IF(OR(I24="",Bonds_Live!R3=""),"",I24/100*Bonds_Live!R3),"")
A25: EMBI Composite Duration | B25: =IFERROR(BDP(Settings!C28,"INDEX_DURATION_MOD"),"") | E25: =Bonds_Static!A4 | F25: =Bonds_Static!C4 | G25: =IFERROR(Bonds_Live!L4,"") | H25: =IFERROR(G25-G19,"") | I25: =IFERROR(G25-B28,"") | J25: =IFERROR(IF(OR(I25="",Bonds_Live!R4=""),"",I25/100*Bonds_Live!R4),"")
E26: =Bonds_Static!A5 | F26: =Bonds_Static!C5 | G26: =IFERROR(Bonds_Live!L5,"") | H26: =IFERROR(G26-G19,"") | I26: =IFERROR(G26-B28,"") | J26: =IFERROR(IF(OR(I26="",Bonds_Live!R5=""),"",I26/100*Bonds_Live!R5),"")
A27: EMBI rating-bucket ticker | B27: =Settings!C29 | E27: =Bonds_Static!A6 | F27: =Bonds_Static!C6 | G27: =IFERROR(Bonds_Live!L6,"") | H27: =IFERROR(G27-G19,"") | I27: =IFERROR(G27-B28,"") | J27: =IFERROR(IF(OR(I27="",Bonds_Live!R6=""),"",I27/100*Bonds_Live!R6),"")
A28: Bucket spread (bp) | B28: =IFERROR(BDP(Settings!C29,"INDEX_AVG_SPREAD"),"") | E28: =Bonds_Static!A7 | F28: =Bonds_Static!C7 | G28: =IFERROR(Bonds_Live!L7,"") | H28: =IFERROR(G28-G19,"") | I28: =IFERROR(G28-B28,"") | J28: =IFERROR(IF(OR(I28="",Bonds_Live!R7=""),"",I28/100*Bonds_Live!R7),"")
E29: =Bonds_Static!A8 | F29: =Bonds_Static!C8 | G29: =IFERROR(Bonds_Live!L8,"") | H29: =IFERROR(G29-G19,"") | I29: =IFERROR(G29-B28,"") | J29: =IFERROR(IF(OR(I29="",Bonds_Live!R8=""),"",I29/100*Bonds_Live!R8),"")
E30: =Bonds_Static!A9 | F30: =Bonds_Static!C9 | G30: =IFERROR(Bonds_Live!L9,"") | H30: =IFERROR(G30-G19,"") | I30: =IFERROR(G30-B28,"") | J30: =IFERROR(IF(OR(I30="",Bonds_Live!R9=""),"",I30/100*Bonds_Live!R9),"")
E31: =Bonds_Static!A10 | F31: =Bonds_Static!C10 | G31: =IFERROR(Bonds_Live!L10,"") | H31: =IFERROR(G31-G19,"") | I31: =IFERROR(G31-B28,"") | J31: =IFERROR(IF(OR(I31="",Bonds_Live!R10=""),"",I31/100*Bonds_Live!R10),"")
E32: =Bonds_Static!A11 | F32: =Bonds_Static!C11 | G32: =IFERROR(Bonds_Live!L11,"") | H32: =IFERROR(G32-G19,"") | I32: =IFERROR(G32-B28,"") | J32: =IFERROR(IF(OR(I32="",Bonds_Live!R11=""),"",I32/100*Bonds_Live!R11),"")
E33: =Bonds_Static!A12 | F33: =Bonds_Static!C12 | G33: =IFERROR(Bonds_Live!L12,"") | H33: =IFERROR(G33-G19,"") | I33: =IFERROR(G33-B28,"") | J33: =IFERROR(IF(OR(I33="",Bonds_Live!R12=""),"",I33/100*Bonds_Live!R12),"")
E34: =Bonds_Static!A13 | F34: =Bonds_Static!C13 | G34: =IFERROR(Bonds_Live!L13,"") | H34: =IFERROR(G34-G19,"") | I34: =IFERROR(G34-B28,"") | J34: =IFERROR(IF(OR(I34="",Bonds_Live!R13=""),"",I34/100*Bonds_Live!R13),"")
E35: =Bonds_Static!A14 | F35: =Bonds_Static!C14 | G35: =IFERROR(Bonds_Live!L14,"") | H35: =IFERROR(G35-G19,"") | I35: =IFERROR(G35-B28,"") | J35: =IFERROR(IF(OR(I35="",Bonds_Live!R14=""),"",I35/100*Bonds_Live!R14),"")
E36: =Bonds_Static!A15 | F36: =Bonds_Static!C15 | G36: =IFERROR(Bonds_Live!L15,"") | H36: =IFERROR(G36-G19,"") | I36: =IFERROR(G36-B28,"") | J36: =IFERROR(IF(OR(I36="",Bonds_Live!R15=""),"",I36/100*Bonds_Live!R15),"")
E37: =Bonds_Static!A16 | F37: =Bonds_Static!C16 | G37: =IFERROR(Bonds_Live!L16,"") | H37: =IFERROR(G37-G19,"") | I37: =IFERROR(G37-B28,"") | J37: =IFERROR(IF(OR(I37="",Bonds_Live!R16=""),"",I37/100*Bonds_Live!R16),"")
E38: =Bonds_Static!A17 | F38: =Bonds_Static!C17 | G38: =IFERROR(Bonds_Live!L17,"") | H38: =IFERROR(G38-G19,"") | I38: =IFERROR(G38-B28,"") | J38: =IFERROR(IF(OR(I38="",Bonds_Live!R17=""),"",I38/100*Bonds_Live!R17),"")
E39: =Bonds_Static!A18 | F39: =Bonds_Static!C18 | G39: =IFERROR(Bonds_Live!L18,"") | H39: =IFERROR(G39-G19,"") | I39: =IFERROR(G39-B28,"") | J39: =IFERROR(IF(OR(I39="",Bonds_Live!R18=""),"",I39/100*Bonds_Live!R18),"")
E40: =Bonds_Static!A19 | F40: =Bonds_Static!C19 | G40: =IFERROR(Bonds_Live!L19,"") | H40: =IFERROR(G40-G19,"") | I40: =IFERROR(G40-B28,"") | J40: =IFERROR(IF(OR(I40="",Bonds_Live!R19=""),"",I40/100*Bonds_Live!R19),"")
E41: =Bonds_Static!A20 | F41: =Bonds_Static!C20 | G41: =IFERROR(Bonds_Live!L20,"") | H41: =IFERROR(G41-G19,"") | I41: =IFERROR(G41-B28,"") | J41: =IFERROR(IF(OR(I41="",Bonds_Live!R20=""),"",I41/100*Bonds_Live!R20),"")
E42: =Bonds_Static!A21 | F42: =Bonds_Static!C21 | G42: =IFERROR(Bonds_Live!L21,"") | H42: =IFERROR(G42-G19,"") | I42: =IFERROR(G42-B28,"") | J42: =IFERROR(IF(OR(I42="",Bonds_Live!R21=""),"",I42/100*Bonds_Live!R21),"")
E43: =Bonds_Static!A22 | F43: =Bonds_Static!C22 | G43: =IFERROR(Bonds_Live!L22,"") | H43: =IFERROR(G43-G19,"") | I43: =IFERROR(G43-B28,"") | J43: =IFERROR(IF(OR(I43="",Bonds_Live!R22=""),"",I43/100*Bonds_Live!R22),"")
E44: =Bonds_Static!A23 | F44: =Bonds_Static!C23 | G44: =IFERROR(Bonds_Live!L23,"") | H44: =IFERROR(G44-G19,"") | I44: =IFERROR(G44-B28,"") | J44: =IFERROR(IF(OR(I44="",Bonds_Live!R23=""),"",I44/100*Bonds_Live!R23),"")
E45: =Bonds_Static!A24 | F45: =Bonds_Static!C24 | G45: =IFERROR(Bonds_Live!L24,"") | H45: =IFERROR(G45-G19,"") | I45: =IFERROR(G45-B28,"") | J45: =IFERROR(IF(OR(I45="",Bonds_Live!R24=""),"",I45/100*Bonds_Live!R24),"")
E46: =Bonds_Static!A25 | F46: =Bonds_Static!C25 | G46: =IFERROR(Bonds_Live!L25,"") | H46: =IFERROR(G46-G19,"") | I46: =IFERROR(G46-B28,"") | J46: =IFERROR(IF(OR(I46="",Bonds_Live!R25=""),"",I46/100*Bonds_Live!R25),"")
E47: =Bonds_Static!A26 | F47: =Bonds_Static!C26 | G47: =IFERROR(Bonds_Live!L26,"") | H47: =IFERROR(G47-G19,"") | I47: =IFERROR(G47-B28,"") | J47: =IFERROR(IF(OR(I47="",Bonds_Live!R26=""),"",I47/100*Bonds_Live!R26),"")

Sheet Greenium
A1: Greenium — Green/sustainability USD bonds vs conventional twins
A2: Green ISIN | B2: Conv. Twin ISIN | C2: Yrs | D2: Green YTM | E2: Green Z-Spr | F2: Conv. YTM | G2: Conv. Z-Spr | H2: Greenium (Green − Conv, bp) | I2: 1Y Avg Greenium | J2: Signal
C3: =IFERROR((BDP("/isin/"&$A3,"MATURITY")-TODAY())/365.25,"") | D3: =IFERROR(BDP("/isin/"&$A3,"YLD_YTM_MID"),"") | E3: =IFERROR(BDP("/isin/"&$A3,"YAS_ZSPREAD"),"") | F3: =IFERROR(BDP("/isin/"&$B3,"YLD_YTM_MID"),"") | G3: =IFERROR(BDP("/isin/"&$B3,"YAS_ZSPREAD"),"") | H3: =IFERROR(IF(OR(E3="",G3=""),"",E3-G3),"") | I3: =IFERROR(AVERAGE(INDEX(BDH("/isin/"&$A3,"YAS_ZSPREAD","-1Y","0D"),0,2))-AVERAGE(INDEX(BDH("/isin/"&$B3,"YAS_ZSPREAD","-1Y","0D"),0,2)),"") | J3: =IFERROR(IF(H3="","",IF(H3<I3-5,"Greenium WIDER than avg — green tightening, sell green/buy conv",IF(H3>I3+5,"Greenium NARROWER than avg — green normalising, buy green/sell conv","at avg"))),"")
C4: =IFERROR((BDP("/isin/"&$A4,"MATURITY")-TODAY())/365.25,"") | D4: =IFERROR(BDP("/isin/"&$A4,"YLD_YTM_MID"),"") | E4: =IFERROR(BDP("/isin/"&$A4,"YAS_ZSPREAD"),"") | F4: =IFERROR(BDP("/isin/"&$B4,"YLD_YTM_MID"),"") | G4: =IFERROR(BDP("/isin/"&$B4,"YAS_ZSPREAD"),"") | H4: =IFERROR(IF(OR(E4="",G4=""),"",E4-G4),"") | I4: =IFERROR(AVERAGE(INDEX(BDH("/isin/"&$A4,"YAS_ZSPREAD","-1Y","0D"),0,2))-AVERAGE(INDEX(BDH("/isin/"&$B4,"YAS_ZSPREAD","-1Y","0D"),0,2)),"") | J4: =IFERROR(IF(H4="","",IF(H4<I4-5,"Greenium WIDER than avg — green tightening, sell green/buy conv",IF(H4>I4+5,"Greenium NARROWER than avg — green normalising, buy green/sell conv","at avg"))),"")
C5: =IFERROR((BDP("/isin/"&$A5,"MATURITY")-TODAY())/365.25,"") | D5: =IFERROR(BDP("/isin/"&$A5,"YLD_YTM_MID"),"") | E5: =IFERROR(BDP("/isin/"&$A5,"YAS_ZSPREAD"),"") | F5: =IFERROR(BDP("/isin/"&$B5,"YLD_YTM_MID"),"") | G5: =IFERROR(BDP("/isin/"&$B5,"YAS_ZSPREAD"),"") | H5: =IFERROR(IF(OR(E5="",G5=""),"",E5-G5),"") | I5: =IFERROR(AVERAGE(INDEX(BDH("/isin/"&$A5,"YAS_ZSPREAD","-1Y","0D"),0,2))-AVERAGE(INDEX(BDH("/isin/"&$B5,"YAS_ZSPREAD","-1Y","0D"),0,2)),"") | J5: =IFERROR(IF(H5="","",IF(H5<I5-5,"Greenium WIDER than avg — green tightening, sell green/buy conv",IF(H5>I5+5,"Greenium NARROWER than avg — green normalising, buy green/sell conv","at avg"))),"")
C6: =IFERROR((BDP("/isin/"&$A6,"MATURITY")-TODAY())/365.25,"") | D6: =IFERROR(BDP("/isin/"&$A6,"YLD_YTM_MID"),"") | E6: =IFERROR(BDP("/isin/"&$A6,"YAS_ZSPREAD"),"") | F6: =IFERROR(BDP("/isin/"&$B6,"YLD_YTM_MID"),"") | G6: =IFERROR(BDP("/isin/"&$B6,"YAS_ZSPREAD"),"") | H6: =IFERROR(IF(OR(E6="",G6=""),"",E6-G6),"") | I6: =IFERROR(AVERAGE(INDEX(BDH("/isin/"&$A6,"YAS_ZSPREAD","-1Y","0D"),0,2))-AVERAGE(INDEX(BDH("/isin/"&$B6,"YAS_ZSPREAD","-1Y","0D"),0,2)),"") | J6: =IFERROR(IF(H6="","",IF(H6<I6-5,"Greenium WIDER than avg — green tightening, sell green/buy conv",IF(H6>I6+5,"Greenium NARROWER than avg — green normalising, buy green/sell conv","at avg"))),"")
C7: =IFERROR((BDP("/isin/"&$A7,"MATURITY")-TODAY())/365.25,"") | D7: =IFERROR(BDP("/isin/"&$A7,"YLD_YTM_MID"),"") | E7: =IFERROR(BDP("/isin/"&$A7,"YAS_ZSPREAD"),"") | F7: =IFERROR(BDP("/isin/"&$B7,"YLD_YTM_MID"),"") | G7: =IFERROR(BDP("/isin/"&$B7,"YAS_ZSPREAD"),"") | H7: =IFERROR(IF(OR(E7="",G7=""),"",E7-G7),"") | I7: =IFERROR(AVERAGE(INDEX(BDH("/isin/"&$A7,"YAS_ZSPREAD","-1Y","0D"),0,2))-AVERAGE(INDEX(BDH("/isin/"&$B7,"YAS_ZSPREAD","-1Y","0D"),0,2)),"") | J7: =IFERROR(IF(H7="","",IF(H7<I7-5,"Greenium WIDER than avg — green tightening, sell green/buy conv",IF(H7>I7+5,"Greenium NARROWER than avg — green normalising, buy green/sell conv","at avg"))),"")
C8: =IFERROR((BDP("/isin/"&$A8,"MATURITY")-TODAY())/365.25,"") | D8: =IFERROR(BDP("/isin/"&$A8,"YLD_YTM_MID"),"") | E8: =IFERROR(BDP("/isin/"&$A8,"YAS_ZSPREAD"),"") | F8: =IFERROR(BDP("/isin/"&$B8,"YLD_YTM_MID"),"") | G8: =IFERROR(BDP("/isin/"&$B8,"YAS_ZSPREAD"),"") | H8: =IFERROR(IF(OR(E8="",G8=""),"",E8-G8),"") | I8: =IFERROR(AVERAGE(INDEX(BDH("/isin/"&$A8,"YAS_ZSPREAD","-1Y","0D"),0,2))-AVERAGE(INDEX(BDH("/isin/"&$B8,"YAS_ZSPREAD","-1Y","0D"),0,2)),"") | J8: =IFERROR(IF(H8="","",IF(H8<I8-5,"Greenium WIDER than avg — green tightening, sell green/buy conv",IF(H8>I8+5,"Greenium NARROWER than avg — green normalising, buy green/sell conv","at avg"))),"")
C9: =IFERROR((BDP("/isin/"&$A9,"MATURITY")-TODAY())/365.25,"") | D9: =IFERROR(BDP("/isin/"&$A9,"YLD_YTM_MID"),"") | E9: =IFERROR(BDP("/isin/"&$A9,"YAS_ZSPREAD"),"") | F9: =IFERROR(BDP("/isin/"&$B9,"YLD_YTM_MID"),"") | G9: =IFERROR(BDP("/isin/"&$B9,"YAS_ZSPREAD"),"") | H9: =IFERROR(IF(OR(E9="",G9=""),"",E9-G9),"") | I9: =IFERROR(AVERAGE(INDEX(BDH("/isin/"&$A9,"YAS_ZSPREAD","-1Y","0D"),0,2))-AVERAGE(INDEX(BDH("/isin/"&$B9,"YAS_ZSPREAD","-1Y","0D"),0,2)),"") | J9: =IFERROR(IF(H9="","",IF(H9<I9-5,"Greenium WIDER than avg — green tightening, sell green/buy conv",IF(H9>I9+5,"Greenium NARROWER than avg — green normalising, buy green/sell conv","at avg"))),"")
C10: =IFERROR((BDP("/isin/"&$A10,"MATURITY")-TODAY())/365.25,"") | D10: =IFERROR(BDP("/isin/"&$A10,"YLD_YTM_MID"),"") | E10: =IFERROR(BDP("/isin/"&$A10,"YAS_ZSPREAD"),"") | F10: =IFERROR(BDP("/isin/"&$B10,"YLD_YTM_MID"),"") | G10: =IFERROR(BDP("/isin/"&$B10,"YAS_ZSPREAD"),"") | H10: =IFERROR(IF(OR(E10="",G10=""),"",E10-G10),"") | I10: =IFERROR(AVERAGE(INDEX(BDH("/isin/"&$A10,"YAS_ZSPREAD","-1Y","0D"),0,2))-AVERAGE(INDEX(BDH("/isin/"&$B10,"YAS_ZSPREAD","-1Y","0D"),0,2)),"") | J10: =IFERROR(IF(H10="","",IF(H10<I10-5,"Greenium WIDER than avg — green tightening, sell green/buy conv",IF(H10>I10+5,"Greenium NARROWER than avg — green normalising, buy green/sell conv","at avg"))),"")
C11: =IFERROR((BDP("/isin/"&$A11,"MATURITY")-TODAY())/365.25,"") | D11: =IFERROR(BDP("/isin/"&$A11,"YLD_YTM_MID"),"") | E11: =IFERROR(BDP("/isin/"&$A11,"YAS_ZSPREAD"),"") | F11: =IFERROR(BDP("/isin/"&$B11,"YLD_YTM_MID"),"") | G11: =IFERROR(BDP("/isin/"&$B11,"YAS_ZSPREAD"),"") | H11: =IFERROR(IF(OR(E11="",G11=""),"",E11-G11),"") | I11: =IFERROR(AVERAGE(INDEX(BDH("/isin/"&$A11,"YAS_ZSPREAD","-1Y","0D"),0,2))-AVERAGE(INDEX(BDH("/isin/"&$B11,"YAS_ZSPREAD","-1Y","0D"),0,2)),"") | J11: =IFERROR(IF(H11="","",IF(H11<I11-5,"Greenium WIDER than avg — green tightening, sell green/buy conv",IF(H11>I11+5,"Greenium NARROWER than avg — green normalising, buy green/sell conv","at avg"))),"")
C12: =IFERROR((BDP("/isin/"&$A12,"MATURITY")-TODAY())/365.25,"") | D12: =IFERROR(BDP("/isin/"&$A12,"YLD_YTM_MID"),"") | E12: =IFERROR(BDP("/isin/"&$A12,"YAS_ZSPREAD"),"") | F12: =IFERROR(BDP("/isin/"&$B12,"YLD_YTM_MID"),"") | G12: =IFERROR(BDP("/isin/"&$B12,"YAS_ZSPREAD"),"") | H12: =IFERROR(IF(OR(E12="",G12=""),"",E12-G12),"") | I12: =IFERROR(AVERAGE(INDEX(BDH("/isin/"&$A12,"YAS_ZSPREAD","-1Y","0D"),0,2))-AVERAGE(INDEX(BDH("/isin/"&$B12,"YAS_ZSPREAD","-1Y","0D"),0,2)),"") | J12: =IFERROR(IF(H12="","",IF(H12<I12-5,"Greenium WIDER than avg — green tightening, sell green/buy conv",IF(H12>I12+5,"Greenium NARROWER than avg — green normalising, buy green/sell conv","at avg"))),"")
C13: =IFERROR((BDP("/isin/"&$A13,"MATURITY")-TODAY())/365.25,"") | D13: =IFERROR(BDP("/isin/"&$A13,"YLD_YTM_MID"),"") | E13: =IFERROR(BDP("/isin/"&$A13,"YAS_ZSPREAD"),"") | F13: =IFERROR(BDP("/isin/"&$B13,"YLD_YTM_MID"),"") | G13: =IFERROR(BDP("/isin/"&$B13,"YAS_ZSPREAD"),"") | H13: =IFERROR(IF(OR(E13="",G13=""),"",E13-G13),"") | I13: =IFERROR(AVERAGE(INDEX(BDH("/isin/"&$A13,"YAS_ZSPREAD","-1Y","0D"),0,2))-AVERAGE(INDEX(BDH("/isin/"&$B13,"YAS_ZSPREAD","-1Y","0D"),0,2)),"") | J13: =IFERROR(IF(H13="","",IF(H13<I13-5,"Greenium WIDER than avg — green tightening, sell green/buy conv",IF(H13>I13+5,"Greenium NARROWER than avg — green normalising, buy green/sell conv","at avg"))),"")
C14: =IFERROR((BDP("/isin/"&$A14,"MATURITY")-TODAY())/365.25,"") | D14: =IFERROR(BDP("/isin/"&$A14,"YLD_YTM_MID"),"") | E14: =IFERROR(BDP("/isin/"&$A14,"YAS_ZSPREAD"),"") | F14: =IFERROR(BDP("/isin/"&$B14,"YLD_YTM_MID"),"") | G14: =IFERROR(BDP("/isin/"&$B14,"YAS_ZSPREAD"),"") | H14: =IFERROR(IF(OR(E14="",G14=""),"",E14-G14),"") | I14: =IFERROR(AVERAGE(INDEX(BDH("/isin/"&$A14,"YAS_ZSPREAD","-1Y","0D"),0,2))-AVERAGE(INDEX(BDH("/isin/"&$B14,"YAS_ZSPREAD","-1Y","0D"),0,2)),"") | J14: =IFERROR(IF(H14="","",IF(H14<I14-5,"Greenium WIDER than avg — green tightening, sell green/buy conv",IF(H14>I14+5,"Greenium NARROWER than avg — green normalising, buy green/sell conv","at avg"))),"")
... C17: =IFERROR((BDP("/isin/"&$A17,"MATURITY")-TODAY())/365.25,"") | D17: =IFERROR(BDP("/isin/"&$A17,"YLD_YTM_MID"),"") | E17: =IFERROR(BDP("/isin/"&$A17,"YAS_ZSPREAD"),"") | F17: =IFERROR(BDP("/isin/"&$B17,"YLD_YTM_MID"),"") | G17: =IFERROR(BDP("/isin/"&$B17,"YAS_ZSPREAD"),"") | H17: =IFERROR(IF(OR(E17="",G17=""),"",E17-G17),"") | I17: =IFERROR(AVERAGE(INDEX(BDH("/isin/"&$A17,"YAS_ZSPREAD","-1Y","0D"),0,2))-AVERAGE(INDEX(BDH("/isin/"&$B17,"YAS_ZSPREAD","-1Y","0D"),0,2)),"") | J17: =IFERROR(IF(H17="","",IF(H17<I17-5,"Greenium WIDER than avg — green tightening, sell green/buy conv",IF(H17>I17+5,"Greenium NARROWER than avg — green normalising, buy green/sell conv","at avg"))),"")
A20: Paste pairs: green/sustainability ISIN in col A, conventional twin (same maturity, same issuer) in col B. CHL has several green/social/sustainability USD sovs since 2019; their twins trade in conventional format. Greenium = green spread − conventional spread (almost always negative).

Sheet Rich_Cheap_Rank
A1: Rank | B1: ISIN | C1: Description | D1: τ | E1: Residual (bp) | F1: 12M C+R (%) | G1: DTS-adj Carry | H1: YTM (%) | I1: Spread vs peer | J1: Spread vs EMBI | K1: 1Y Spr Pctile | L1: Liq score | M1: Liquid? | N1: Composite z | O1: Signal | P1: Action
A2: =IF(N2="","",RANK(N2,$N$2:$N$26)) | B2: =Bonds_Static!A2 | C2: =Bonds_Static!C2 | D2: =IFERROR(Bonds_Static!G2,"") | E2: =IFERROR(Curve_Fit!F2,"") | F2: =IFERROR(Carry_Roll!M2,"") | G2: =IFERROR(DTS_Carry!G2,"") | H2: =IFERROR(Bonds_Live!K2,"") | I2: =IFERROR(Peer_EMBI_Bench!H23,"") | J2: =IFERROR(Peer_EMBI_Bench!I23,"") | K2: =IFERROR(Spread_History!H3,"") | L2: =IFERROR(Liquidity_Gate!I2,"") | M2: =IFERROR(Liquidity_Gate!J2,"") | N2: =IFERROR(Settings!$C$42*((E2-AVERAGE($E$2:$E$26))/STDEV($E$2:$E$26))+Settings!$C$43*((F2-AVERAGE($F$2:$F$26))/STDEV($F$2:$F$26))+Settings!$C$44*((G2-AVERAGE($G$2:$G$26))/STDEV($G$2:$G$26))+Settings!$C$45*((H2-AVERAGE($H$2:$H$26))/STDEV($H$2:$H$26))+Settings!$C$46*((I2-AVERAGE($I$2:$I$26))/STDEV($I$2:$I$26))+Settings!$C$47*((J2-AVERAGE($J$2:$J$26))/STDEV($J$2:$J$26))+Settings!$C$48*((K2-AVERAGE($K$2:$K$26))/STDEV($K$2:$K$26))+Settings!$C$49*((L2-AVERAGE($L$2:$L$26))/STDEV($L$2:$L$26)),"") | O2: =IFERROR(IF(N2="","",IF(N2>1,"STRONG BUY",IF(N2>0.3,"BUY",IF(N2>-0.3,"HOLD",IF(N2>-1,"SELL","STRONG SELL"))))),"") | P2: =IFERROR(IF(N2="","",IF(M2<>"PASS","SKIP — illiquid",O2)),"")
A3: =IF(N3="","",RANK(N3,$N$2:$N$26)) | B3: =Bonds_Static!A3 | C3: =Bonds_Static!C3 | D3: =IFERROR(Bonds_Static!G3,"") | E3: =IFERROR(Curve_Fit!F3,"") | F3: =IFERROR(Carry_Roll!M3,"") | G3: =IFERROR(DTS_Carry!G3,"") | H3: =IFERROR(Bonds_Live!K3,"") | I3: =IFERROR(Peer_EMBI_Bench!H24,"") | J3: =IFERROR(Peer_EMBI_Bench!I24,"") | K3: =IFERROR(Spread_History!H4,"") | L3: =IFERROR(Liquidity_Gate!I3,"") | M3: =IFERROR(Liquidity_Gate!J3,"") | N3: =IFERROR(Settings!$C$42*((E3-AVERAGE($E$2:$E$26))/STDEV($E$2:$E$26))+Settings!$C$43*((F3-AVERAGE($F$2:$F$26))/STDEV($F$2:$F$26))+Settings!$C$44*((G3-AVERAGE($G$2:$G$26))/STDEV($G$2:$G$26))+Settings!$C$45*((H3-AVERAGE($H$2:$H$26))/STDEV($H$2:$H$26))+Settings!$C$46*((I3-AVERAGE($I$2:$I$26))/STDEV($I$2:$I$26))+Settings!$C$47*((J3-AVERAGE($J$2:$J$26))/STDEV($J$2:$J$26))+Settings!$C$48*((K3-AVERAGE($K$2:$K$26))/STDEV($K$2:$K$26))+Settings!$C$49*((L3-AVERAGE($L$2:$L$26))/STDEV($L$2:$L$26)),"") | O3: =IFERROR(IF(N3="","",IF(N3>1,"STRONG BUY",IF(N3>0.3,"BUY",IF(N3>-0.3,"HOLD",IF(N3>-1,"SELL","STRONG SELL"))))),"") | P3: =IFERROR(IF(N3="","",IF(M3<>"PASS","SKIP — illiquid",O3)),"")
A4: =IF(N4="","",RANK(N4,$N$2:$N$26)) | B4: =Bonds_Static!A4 | C4: =Bonds_Static!C4 | D4: =IFERROR(Bonds_Static!G4,"") | E4: =IFERROR(Curve_Fit!F4,"") | F4: =IFERROR(Carry_Roll!M4,"") | G4: =IFERROR(DTS_Carry!G4,"") | H4: =IFERROR(Bonds_Live!K4,"") | I4: =IFERROR(Peer_EMBI_Bench!H25,"") | J4: =IFERROR(Peer_EMBI_Bench!I25,"") | K4: =IFERROR(Spread_History!H5,"") | L4: =IFERROR(Liquidity_Gate!I4,"") | M4: =IFERROR(Liquidity_Gate!J4,"") | N4: =IFERROR(Settings!$C$42*((E4-AVERAGE($E$2:$E$26))/STDEV($E$2:$E$26))+Settings!$C$43*((F4-AVERAGE($F$2:$F$26))/STDEV($F$2:$F$26))+Settings!$C$44*((G4-AVERAGE($G$2:$G$26))/STDEV($G$2:$G$26))+Settings!$C$45*((H4-AVERAGE($H$2:$H$26))/STDEV($H$2:$H$26))+Settings!$C$46*((I4-AVERAGE($I$2:$I$26))/STDEV($I$2:$I$26))+Settings!$C$47*((J4-AVERAGE($J$2:$J$26))/STDEV($J$2:$J$26))+Settings!$C$48*((K4-AVERAGE($K$2:$K$26))/STDEV($K$2:$K$26))+Settings!$C$49*((L4-AVERAGE($L$2:$L$26))/STDEV($L$2:$L$26)),"") | O4: =IFERROR(IF(N4="","",IF(N4>1,"STRONG BUY",IF(N4>0.3,"BUY",IF(N4>-0.3,"HOLD",IF(N4>-1,"SELL","STRONG SELL"))))),"") | P4: =IFERROR(IF(N4="","",IF(M4<>"PASS","SKIP — illiquid",O4)),"")
A5: =IF(N5="","",RANK(N5,$N$2:$N$26)) | B5: =Bonds_Static!A5 | C5: =Bonds_Static!C5 | D5: =IFERROR(Bonds_Static!G5,"") | E5: =IFERROR(Curve_Fit!F5,"") | F5: =IFERROR(Carry_Roll!M5,"") | G5: =IFERROR(DTS_Carry!G5,"") | H5: =IFERROR(Bonds_Live!K5,"") | I5: =IFERROR(Peer_EMBI_Bench!H26,"") | J5: =IFERROR(Peer_EMBI_Bench!I26,"") | K5: =IFERROR(Spread_History!H6,"") | L5: =IFERROR(Liquidity_Gate!I5,"") | M5: =IFERROR(Liquidity_Gate!J5,"") | N5: =IFERROR(Settings!$C$42*((E5-AVERAGE($E$2:$E$26))/STDEV($E$2:$E$26))+Settings!$C$43*((F5-AVERAGE($F$2:$F$26))/STDEV($F$2:$F$26))+Settings!$C$44*((G5-AVERAGE($G$2:$G$26))/STDEV($G$2:$G$26))+Settings!$C$45*((H5-AVERAGE($H$2:$H$26))/STDEV($H$2:$H$26))+Settings!$C$46*((I5-AVERAGE($I$2:$I$26))/STDEV($I$2:$I$26))+Settings!$C$47*((J5-AVERAGE($J$2:$J$26))/STDEV($J$2:$J$26))+Settings!$C$48*((K5-AVERAGE($K$2:$K$26))/STDEV($K$2:$K$26))+Settings!$C$49*((L5-AVERAGE($L$2:$L$26))/STDEV($L$2:$L$26)),"") | O5: =IFERROR(IF(N5="","",IF(N5>1,"STRONG BUY",IF(N5>0.3,"BUY",IF(N5>-0.3,"HOLD",IF(N5>-1,"SELL","STRONG SELL"))))),"") | P5: =IFERROR(IF(N5="","",IF(M5<>"PASS","SKIP — illiquid",O5)),"")
A6: =IF(N6="","",RANK(N6,$N$2:$N$26)) | B6: =Bonds_Static!A6 | C6: =Bonds_Static!C6 | D6: =IFERROR(Bonds_Static!G6,"") | E6: =IFERROR(Curve_Fit!F6,"") | F6: =IFERROR(Carry_Roll!M6,"") | G6: =IFERROR(DTS_Carry!G6,"") | H6: =IFERROR(Bonds_Live!K6,"") | I6: =IFERROR(Peer_EMBI_Bench!H27,"") | J6: =IFERROR(Peer_EMBI_Bench!I27,"") | K6: =IFERROR(Spread_History!H7,"") | L6: =IFERROR(Liquidity_Gate!I6,"") | M6: =IFERROR(Liquidity_Gate!J6,"") | N6: =IFERROR(Settings!$C$42*((E6-AVERAGE($E$2:$E$26))/STDEV($E$2:$E$26))+Settings!$C$43*((F6-AVERAGE($F$2:$F$26))/STDEV($F$2:$F$26))+Settings!$C$44*((G6-AVERAGE($G$2:$G$26))/STDEV($G$2:$G$26))+Settings!$C$45*((H6-AVERAGE($H$2:$H$26))/STDEV($H$2:$H$26))+Settings!$C$46*((I6-AVERAGE($I$2:$I$26))/STDEV($I$2:$I$26))+Settings!$C$47*((J6-AVERAGE($J$2:$J$26))/STDEV($J$2:$J$26))+Settings!$C$48*((K6-AVERAGE($K$2:$K$26))/STDEV($K$2:$K$26))+Settings!$C$49*((L6-AVERAGE($L$2:$L$26))/STDEV($L$2:$L$26)),"") | O6: =IFERROR(IF(N6="","",IF(N6>1,"STRONG BUY",IF(N6>0.3,"BUY",IF(N6>-0.3,"HOLD",IF(N6>-1,"SELL","STRONG SELL"))))),"") | P6: =IFERROR(IF(N6="","",IF(M6<>"PASS","SKIP — illiquid",O6)),"")
A7: =IF(N7="","",RANK(N7,$N$2:$N$26)) | B7: =Bonds_Static!A7 | C7: =Bonds_Static!C7 | D7: =IFERROR(Bonds_Static!G7,"") | E7: =IFERROR(Curve_Fit!F7,"") | F7: =IFERROR(Carry_Roll!M7,"") | G7: =IFERROR(DTS_Carry!G7,"") | H7: =IFERROR(Bonds_Live!K7,"") | I7: =IFERROR(Peer_EMBI_Bench!H28,"") | J7: =IFERROR(Peer_EMBI_Bench!I28,"") | K7: =IFERROR(Spread_History!H8,"") | L7: =IFERROR(Liquidity_Gate!I7,"") | M7: =IFERROR(Liquidity_Gate!J7,"") | N7: =IFERROR(Settings!$C$42*((E7-AVERAGE($E$2:$E$26))/STDEV($E$2:$E$26))+Settings!$C$43*((F7-AVERAGE($F$2:$F$26))/STDEV($F$2:$F$26))+Settings!$C$44*((G7-AVERAGE($G$2:$G$26))/STDEV($G$2:$G$26))+Settings!$C$45*((H7-AVERAGE($H$2:$H$26))/STDEV($H$2:$H$26))+Settings!$C$46*((I7-AVERAGE($I$2:$I$26))/STDEV($I$2:$I$26))+Settings!$C$47*((J7-AVERAGE($J$2:$J$26))/STDEV($J$2:$J$26))+Settings!$C$48*((K7-AVERAGE($K$2:$K$26))/STDEV($K$2:$K$26))+Settings!$C$49*((L7-AVERAGE($L$2:$L$26))/STDEV($L$2:$L$26)),"") | O7: =IFERROR(IF(N7="","",IF(N7>1,"STRONG BUY",IF(N7>0.3,"BUY",IF(N7>-0.3,"HOLD",IF(N7>-1,"SELL","STRONG SELL"))))),"") | P7: =IFERROR(IF(N7="","",IF(M7<>"PASS","SKIP — illiquid",O7)),"")
A8: =IF(N8="","",RANK(N8,$N$2:$N$26)) | B8: =Bonds_Static!A8 | C8: =Bonds_Static!C8 | D8: =IFERROR(Bonds_Static!G8,"") | E8: =IFERROR(Curve_Fit!F8,"") | F8: =IFERROR(Carry_Roll!M8,"") | G8: =IFERROR(DTS_Carry!G8,"") | H8: =IFERROR(Bonds_Live!K8,"") | I8: =IFERROR(Peer_EMBI_Bench!H29,"") | J8: =IFERROR(Peer_EMBI_Bench!I29,"") | K8: =IFERROR(Spread_History!H9,"") | L8: =IFERROR(Liquidity_Gate!I8,"") | M8: =IFERROR(Liquidity_Gate!J8,"") | N8: =IFERROR(Settings!$C$42*((E8-AVERAGE($E$2:$E$26))/STDEV($E$2:$E$26))+Settings!$C$43*((F8-AVERAGE($F$2:$F$26))/STDEV($F$2:$F$26))+Settings!$C$44*((G8-AVERAGE($G$2:$G$26))/STDEV($G$2:$G$26))+Settings!$C$45*((H8-AVERAGE($H$2:$H$26))/STDEV($H$2:$H$26))+Settings!$C$46*((I8-AVERAGE($I$2:$I$26))/STDEV($I$2:$I$26))+Settings!$C$47*((J8-AVERAGE($J$2:$J$26))/STDEV($J$2:$J$26))+Settings!$C$48*((K8-AVERAGE($K$2:$K$26))/STDEV($K$2:$K$26))+Settings!$C$49*((L8-AVERAGE($L$2:$L$26))/STDEV($L$2:$L$26)),"") | O8: =IFERROR(IF(N8="","",IF(N8>1,"STRONG BUY",IF(N8>0.3,"BUY",IF(N8>-0.3,"HOLD",IF(N8>-1,"SELL","STRONG SELL"))))),"") | P8: =IFERROR(IF(N8="","",IF(M8<>"PASS","SKIP — illiquid",O8)),"")
A9: =IF(N9="","",RANK(N9,$N$2:$N$26)) | B9: =Bonds_Static!A9 | C9: =Bonds_Static!C9 | D9: =IFERROR(Bonds_Static!G9,"") | E9: =IFERROR(Curve_Fit!F9,"") | F9: =IFERROR(Carry_Roll!M9,"") | G9: =IFERROR(DTS_Carry!G9,"") | H9: =IFERROR(Bonds_Live!K9,"") | I9: =IFERROR(Peer_EMBI_Bench!H30,"") | J9: =IFERROR(Peer_EMBI_Bench!I30,"") | K9: =IFERROR(Spread_History!H10,"") | L9: =IFERROR(Liquidity_Gate!I9,"") | M9: =IFERROR(Liquidity_Gate!J9,"") | N9: =IFERROR(Settings!$C$42*((E9-AVERAGE($E$2:$E$26))/STDEV($E$2:$E$26))+Settings!$C$43*((F9-AVERAGE($F$2:$F$26))/STDEV($F$2:$F$26))+Settings!$C$44*((G9-AVERAGE($G$2:$G$26))/STDEV($G$2:$G$26))+Settings!$C$45*((H9-AVERAGE($H$2:$H$26))/STDEV($H$2:$H$26))+Settings!$C$46*((I9-AVERAGE($I$2:$I$26))/STDEV($I$2:$I$26))+Settings!$C$47*((J9-AVERAGE($J$2:$J$26))/STDEV($J$2:$J$26))+Settings!$C$48*((K9-AVERAGE($K$2:$K$26))/STDEV($K$2:$K$26))+Settings!$C$49*((L9-AVERAGE($L$2:$L$26))/STDEV($L$2:$L$26)),"") | O9: =IFERROR(IF(N9="","",IF(N9>1,"STRONG BUY",IF(N9>0.3,"BUY",IF(N9>-0.3,"HOLD",IF(N9>-1,"SELL","STRONG SELL"))))),"") | P9: =IFERROR(IF(N9="","",IF(M9<>"PASS","SKIP — illiquid",O9)),"")
A10: =IF(N10="","",RANK(N10,$N$2:$N$26)) | B10: =Bonds_Static!A10 | C10: =Bonds_Static!C10 | D10: =IFERROR(Bonds_Static!G10,"") | E10: =IFERROR(Curve_Fit!F10,"") | F10: =IFERROR(Carry_Roll!M10,"") | G10: =IFERROR(DTS_Carry!G10,"") | H10: =IFERROR(Bonds_Live!K10,"") | I10: =IFERROR(Peer_EMBI_Bench!H31,"") | J10: =IFERROR(Peer_EMBI_Bench!I31,"") | K10: =IFERROR(Spread_History!H11,"") | L10: =IFERROR(Liquidity_Gate!I10,"") | M10: =IFERROR(Liquidity_Gate!J10,"") | N10: =IFERROR(Settings!$C$42*((E10-AVERAGE($E$2:$E$26))/STDEV($E$2:$E$26))+Settings!$C$43*((F10-AVERAGE($F$2:$F$26))/STDEV($F$2:$F$26))+Settings!$C$44*((G10-AVERAGE($G$2:$G$26))/STDEV($G$2:$G$26))+Settings!$C$45*((H10-AVERAGE($H$2:$H$26))/STDEV($H$2:$H$26))+Settings!$C$46*((I10-AVERAGE($I$2:$I$26))/STDEV($I$2:$I$26))+Settings!$C$47*((J10-AVERAGE($J$2:$J$26))/STDEV($J$2:$J$26))+Settings!$C$48*((K10-AVERAGE($K$2:$K$26))/STDEV($K$2:$K$26))+Settings!$C$49*((L10-AVERAGE($L$2:$L$26))/STDEV($L$2:$L$26)),"") | O10: =IFERROR(IF(N10="","",IF(N10>1,"STRONG BUY",IF(N10>0.3,"BUY",IF(N10>-0.3,"HOLD",IF(N10>-1,"SELL","STRONG SELL"))))),"") | P10: =IFERROR(IF(N10="","",IF(M10<>"PASS","SKIP — illiquid",O10)),"")
A11: =IF(N11="","",RANK(N11,$N$2:$N$26)) | B11: =Bonds_Static!A11 | C11: =Bonds_Static!C11 | D11: =IFERROR(Bonds_Static!G11,"") | E11: =IFERROR(Curve_Fit!F11,"") | F11: =IFERROR(Carry_Roll!M11,"") | G11: =IFERROR(DTS_Carry!G11,"") | H11: =IFERROR(Bonds_Live!K11,"") | I11: =IFERROR(Peer_EMBI_Bench!H32,"") | J11: =IFERROR(Peer_EMBI_Bench!I32,"") | K11: =IFERROR(Spread_History!H12,"") | L11: =IFERROR(Liquidity_Gate!I11,"") | M11: =IFERROR(Liquidity_Gate!J11,"") | N11: =IFERROR(Settings!$C$42*((E11-AVERAGE($E$2:$E$26))/STDEV($E$2:$E$26))+Settings!$C$43*((F11-AVERAGE($F$2:$F$26))/STDEV($F$2:$F$26))+Settings!$C$44*((G11-AVERAGE($G$2:$G$26))/STDEV($G$2:$G$26))+Settings!$C$45*((H11-AVERAGE($H$2:$H$26))/STDEV($H$2:$H$26))+Settings!$C$46*((I11-AVERAGE($I$2:$I$26))/STDEV($I$2:$I$26))+Settings!$C$47*((J11-AVERAGE($J$2:$J$26))/STDEV($J$2:$J$26))+Settings!$C$48*((K11-AVERAGE($K$2:$K$26))/STDEV($K$2:$K$26))+Settings!$C$49*((L11-AVERAGE($L$2:$L$26))/STDEV($L$2:$L$26)),"") | O11: =IFERROR(IF(N11="","",IF(N11>1,"STRONG BUY",IF(N11>0.3,"BUY",IF(N11>-0.3,"HOLD",IF(N11>-1,"SELL","STRONG SELL"))))),"") | P11: =IFERROR(IF(N11="","",IF(M11<>"PASS","SKIP — illiquid",O11)),"")
A12: =IF(N12="","",RANK(N12,$N$2:$N$26)) | B12: =Bonds_Static!A12 | C12: =Bonds_Static!C12 | D12: =IFERROR(Bonds_Static!G12,"") | E12: =IFERROR(Curve_Fit!F12,"") | F12: =IFERROR(Carry_Roll!M12,"") | G12: =IFERROR(DTS_Carry!G12,"") | H12: =IFERROR(Bonds_Live!K12,"") | I12: =IFERROR(Peer_EMBI_Bench!H33,"") | J12: =IFERROR(Peer_EMBI_Bench!I33,"") | K12: =IFERROR(Spread_History!H13,"") | L12: =IFERROR(Liquidity_Gate!I12,"") | M12: =IFERROR(Liquidity_Gate!J12,"") | N12: =IFERROR(Settings!$C$42*((E12-AVERAGE($E$2:$E$26))/STDEV($E$2:$E$26))+Settings!$C$43*((F12-AVERAGE($F$2:$F$26))/STDEV($F$2:$F$26))+Settings!$C$44*((G12-AVERAGE($G$2:$G$26))/STDEV($G$2:$G$26))+Settings!$C$45*((H12-AVERAGE($H$2:$H$26))/STDEV($H$2:$H$26))+Settings!$C$46*((I12-AVERAGE($I$2:$I$26))/STDEV($I$2:$I$26))+Settings!$C$47*((J12-AVERAGE($J$2:$J$26))/STDEV($J$2:$J$26))+Settings!$C$48*((K12-AVERAGE($K$2:$K$26))/STDEV($K$2:$K$26))+Settings!$C$49*((L12-AVERAGE($L$2:$L$26))/STDEV($L$2:$L$26)),"") | O12: =IFERROR(IF(N12="","",IF(N12>1,"STRONG BUY",IF(N12>0.3,"BUY",IF(N12>-0.3,"HOLD",IF(N12>-1,"SELL","STRONG SELL"))))),"") | P12: =IFERROR(IF(N12="","",IF(M12<>"PASS","SKIP — illiquid",O12)),"")
A13: =IF(N13="","",RANK(N13,$N$2:$N$26)) | B13: =Bonds_Static!A13 | C13: =Bonds_Static!C13 | D13: =IFERROR(Bonds_Static!G13,"") | E13: =IFERROR(Curve_Fit!F13,"") | F13: =IFERROR(Carry_Roll!M13,"") | G13: =IFERROR(DTS_Carry!G13,"") | H13: =IFERROR(Bonds_Live!K13,"") | I13: =IFERROR(Peer_EMBI_Bench!H34,"") | J13: =IFERROR(Peer_EMBI_Bench!I34,"") | K13: =IFERROR(Spread_History!H14,"") | L13: =IFERROR(Liquidity_Gate!I13,"") | M13: =IFERROR(Liquidity_Gate!J13,"") | N13: =IFERROR(Settings!$C$42*((E13-AVERAGE($E$2:$E$26))/STDEV($E$2:$E$26))+Settings!$C$43*((F13-AVERAGE($F$2:$F$26))/STDEV($F$2:$F$26))+Settings!$C$44*((G13-AVERAGE($G$2:$G$26))/STDEV($G$2:$G$26))+Settings!$C$45*((H13-AVERAGE($H$2:$H$26))/STDEV($H$2:$H$26))+Settings!$C$46*((I13-AVERAGE($I$2:$I$26))/STDEV($I$2:$I$26))+Settings!$C$47*((J13-AVERAGE($J$2:$J$26))/STDEV($J$2:$J$26))+Settings!$C$48*((K13-AVERAGE($K$2:$K$26))/STDEV($K$2:$K$26))+Settings!$C$49*((L13-AVERAGE($L$2:$L$26))/STDEV($L$2:$L$26)),"") | O13: =IFERROR(IF(N13="","",IF(N13>1,"STRONG BUY",IF(N13>0.3,"BUY",IF(N13>-0.3,"HOLD",IF(N13>-1,"SELL","STRONG SELL"))))),"") | P13: =IFERROR(IF(N13="","",IF(M13<>"PASS","SKIP — illiquid",O13)),"")
... A26: =IF(N26="","",RANK(N26,$N$2:$N$26)) | B26: =Bonds_Static!A26 | C26: =Bonds_Static!C26 | D26: =IFERROR(Bonds_Static!G26,"") | E26: =IFERROR(Curve_Fit!F26,"") | F26: =IFERROR(Carry_Roll!M26,"") | G26: =IFERROR(DTS_Carry!G26,"") | H26: =IFERROR(Bonds_Live!K26,"") | I26: =IFERROR(Peer_EMBI_Bench!H47,"") | J26: =IFERROR(Peer_EMBI_Bench!I47,"") | K26: =IFERROR(Spread_History!H27,"") | L26: =IFERROR(Liquidity_Gate!I26,"") | M26: =IFERROR(Liquidity_Gate!J26,"") | N26: =IFERROR(Settings!$C$42*((E26-AVERAGE($E$2:$E$26))/STDEV($E$2:$E$26))+Settings!$C$43*((F26-AVERAGE($F$2:$F$26))/STDEV($F$2:$F$26))+Settings!$C$44*((G26-AVERAGE($G$2:$G$26))/STDEV($G$2:$G$26))+Settings!$C$45*((H26-AVERAGE($H$2:$H$26))/STDEV($H$2:$H$26))+Settings!$C$46*((I26-AVERAGE($I$2:$I$26))/STDEV($I$2:$I$26))+Settings!$C$47*((J26-AVERAGE($J$2:$J$26))/STDEV($J$2:$J$26))+Settings!$C$48*((K26-AVERAGE($K$2:$K$26))/STDEV($K$2:$K$26))+Settings!$C$49*((L26-AVERAGE($L$2:$L$26))/STDEV($L$2:$L$26)),"") | O26: =IFERROR(IF(N26="","",IF(N26>1,"STRONG BUY",IF(N26>0.3,"BUY",IF(N26>-0.3,"HOLD",IF(N26>-1,"SELL","STRONG SELL"))))),"") | P26: =IFERROR(IF(N26="","",IF(M26<>"PASS","SKIP — illiquid",O26)),"")

Sheet Trade_Recos
B2: Trade Recommendations — quantified expected return
B4: Longs / Shorts: top 3 composite-z (must PASS liquidity gate). Sized TR scales central-view TR by MOVE-regime size scalar (UST_Curve!C27).
B6: TOP 3 LONG IDEAS
B7: # | C7: ISIN | D7: Description | E7: τ | F7: Residual (bp) | G7: MDur | H7: 12M C+R (%) | I7: 12M TR base | J7: 12M TR central view | K7: Outperf vs EMBI (%) | L7: Action | M7: Composite z | N7: Size scalar | O7: Sized 12M TR (%)
B8: 1 | C8: =IFERROR(INDEX(Rich_Cheap_Rank!B$2:B$26,MATCH(M8,Rich_Cheap_Rank!N$2:N$26,0)),"") | D8: =IFERROR(INDEX(Bonds_Static!C2:C26,MATCH($C8,Bonds_Static!A2:A26,0)),"") | E8: =IFERROR(INDEX(Bonds_Static!G2:G26,MATCH($C8,Bonds_Static!A2:A26,0)),"") | F8: =IFERROR(INDEX(Curve_Fit!F2:F26,MATCH($C8,Curve_Fit!A2:A26,0)),"") | G8: =IFERROR(INDEX(Bonds_Live!Q2:Q26,MATCH($C8,Bonds_Live!A2:A26,0)),"") | H8: =IFERROR(INDEX(Carry_Roll!M2:M26,MATCH($C8,Carry_Roll!A2:A26,0)),"") | I8: =IFERROR(H8,"") | J8: =IFERROR(H8+(-G8*(Settings!$C$30+Settings!$C$31)/100+IFERROR(INDEX(Bonds_Live!S2:S26,MATCH($C8,Bonds_Live!A2:A26,0)),0)*POWER(Settings!$C$30+Settings!$C$31,2)/2000000),"") | K8: =IFERROR(INDEX(Peer_EMBI_Bench!J23:J47,MATCH($C8,Peer_EMBI_Bench!E23:E47,0)),"") | L8: =IFERROR(INDEX(Rich_Cheap_Rank!P$2:P$26,MATCH($C8,Rich_Cheap_Rank!B$2:B$26,0)),"") | M8: =IFERROR(LARGE(IF(Rich_Cheap_Rank!M$2:M$26="PASS",Rich_Cheap_Rank!N$2:N$26),1),"") | N8: =IFERROR(UST_Curve!C27,1) | O8: =IFERROR(J8*N8,"")
B9: 2 | C9: =IFERROR(INDEX(Rich_Cheap_Rank!B$2:B$26,MATCH(M9,Rich_Cheap_Rank!N$2:N$26,0)),"") | D9: =IFERROR(INDEX(Bonds_Static!C2:C26,MATCH($C9,Bonds_Static!A2:A26,0)),"") | E9: =IFERROR(INDEX(Bonds_Static!G2:G26,MATCH($C9,Bonds_Static!A2:A26,0)),"") | F9: =IFERROR(INDEX(Curve_Fit!F2:F26,MATCH($C9,Curve_Fit!A2:A26,0)),"") | G9: =IFERROR(INDEX(Bonds_Live!Q2:Q26,MATCH($C9,Bonds_Live!A2:A26,0)),"") | H9: =IFERROR(INDEX(Carry_Roll!M2:M26,MATCH($C9,Carry_Roll!A2:A26,0)),"") | I9: =IFERROR(H9,"") | J9: =IFERROR(H9+(-G9*(Settings!$C$30+Settings!$C$31)/100+IFERROR(INDEX(Bonds_Live!S2:S26,MATCH($C9,Bonds_Live!A2:A26,0)),0)*POWER(Settings!$C$30+Settings!$C$31,2)/2000000),"") | K9: =IFERROR(INDEX(Peer_EMBI_Bench!J23:J47,MATCH($C9,Peer_EMBI_Bench!E23:E47,0)),"") | L9: =IFERROR(INDEX(Rich_Cheap_Rank!P$2:P$26,MATCH($C9,Rich_Cheap_Rank!B$2:B$26,0)),"") | M9: =IFERROR(LARGE(IF(Rich_Cheap_Rank!M$2:M$26="PASS",Rich_Cheap_Rank!N$2:N$26),2),"") | N9: =IFERROR(UST_Curve!C27,1) | O9: =IFERROR(J9*N9,"")
B10: 3 | C10: =IFERROR(INDEX(Rich_Cheap_Rank!B$2:B$26,MATCH(M10,Rich_Cheap_Rank!N$2:N$26,0)),"") | D10: =IFERROR(INDEX(Bonds_Static!C2:C26,MATCH($C10,Bonds_Static!A2:A26,0)),"") | E10: =IFERROR(INDEX(Bonds_Static!G2:G26,MATCH($C10,Bonds_Static!A2:A26,0)),"") | F10: =IFERROR(INDEX(Curve_Fit!F2:F26,MATCH($C10,Curve_Fit!A2:A26,0)),"") | G10: =IFERROR(INDEX(Bonds_Live!Q2:Q26,MATCH($C10,Bonds_Live!A2:A26,0)),"") | H10: =IFERROR(INDEX(Carry_Roll!M2:M26,MATCH($C10,Carry_Roll!A2:A26,0)),"") | I10: =IFERROR(H10,"") | J10: =IFERROR(H10+(-G10*(Settings!$C$30+Settings!$C$31)/100+IFERROR(INDEX(Bonds_Live!S2:S26,MATCH($C10,Bonds_Live!A2:A26,0)),0)*POWER(Settings!$C$30+Settings!$C$31,2)/2000000),"") | K10: =IFERROR(INDEX(Peer_EMBI_Bench!J23:J47,MATCH($C10,Peer_EMBI_Bench!E23:E47,0)),"") | L10: =IFERROR(INDEX(Rich_Cheap_Rank!P$2:P$26,MATCH($C10,Rich_Cheap_Rank!B$2:B$26,0)),"") | M10: =IFERROR(LARGE(IF(Rich_Cheap_Rank!M$2:M$26="PASS",Rich_Cheap_Rank!N$2:N$26),3),"") | N10: =IFERROR(UST_Curve!C27,1) | O10: =IFERROR(J10*N10,"")
B12: TOP 3 SHORT IDEAS
B13: # | C13: ISIN | D13: Description | E13: τ | F13: Residual (bp) | G13: MDur | H13: 12M C+R (%) | I13: 12M TR base | J13: 12M TR central view | K13: Outperf vs EMBI (%) | L13: Action | M13: Composite z | N13: Size scalar | O13: Sized 12M TR (%)
B14: 1 | C14: =IFERROR(INDEX(Rich_Cheap_Rank!B$2:B$26,MATCH(M14,Rich_Cheap_Rank!N$2:N$26,0)),"") | D14: =IFERROR(INDEX(Bonds_Static!C2:C26,MATCH($C14,Bonds_Static!A2:A26,0)),"") | E14: =IFERROR(INDEX(Bonds_Static!G2:G26,MATCH($C14,Bonds_Static!A2:A26,0)),"") | F14: =IFERROR(INDEX(Curve_Fit!F2:F26,MATCH($C14,Curve_Fit!A2:A26,0)),"") | G14: =IFERROR(INDEX(Bonds_Live!Q2:Q26,MATCH($C14,Bonds_Live!A2:A26,0)),"") | H14: =IFERROR(INDEX(Carry_Roll!M2:M26,MATCH($C14,Carry_Roll!A2:A26,0)),"") | I14: =IFERROR(-H14,"") | J14: =IFERROR(-H14-(-G14*(Settings!$C$30+Settings!$C$31)/100+IFERROR(INDEX(Bonds_Live!S2:S26,MATCH($C14,Bonds_Live!A2:A26,0)),0)*POWER(Settings!$C$30+Settings!$C$31,2)/2000000),"") | K14: =IFERROR(-INDEX(Peer_EMBI_Bench!J23:J47,MATCH($C14,Peer_EMBI_Bench!E23:E47,0)),"") | L14: =IFERROR(INDEX(Rich_Cheap_Rank!P$2:P$26,MATCH($C14,Rich_Cheap_Rank!B$2:B$26,0)),"") | M14: =IFERROR(SMALL(IF(Rich_Cheap_Rank!M$2:M$26="PASS",Rich_Cheap_Rank!N$2:N$26),1),"") | N14: =IFERROR(UST_Curve!C27,1) | O14: =IFERROR(J14*N14,"")
B15: 2 | C15: =IFERROR(INDEX(Rich_Cheap_Rank!B$2:B$26,MATCH(M15,Rich_Cheap_Rank!N$2:N$26,0)),"") | D15: =IFERROR(INDEX(Bonds_Static!C2:C26,MATCH($C15,Bonds_Static!A2:A26,0)),"") | E15: =IFERROR(INDEX(Bonds_Static!G2:G26,MATCH($C15,Bonds_Static!A2:A26,0)),"") | F15: =IFERROR(INDEX(Curve_Fit!F2:F26,MATCH($C15,Curve_Fit!A2:A26,0)),"") | G15: =IFERROR(INDEX(Bonds_Live!Q2:Q26,MATCH($C15,Bonds_Live!A2:A26,0)),"") | H15: =IFERROR(INDEX(Carry_Roll!M2:M26,MATCH($C15,Carry_Roll!A2:A26,0)),"") | I15: =IFERROR(-H15,"") | J15: =IFERROR(-H15-(-G15*(Settings!$C$30+Settings!$C$31)/100+IFERROR(INDEX(Bonds_Live!S2:S26,MATCH($C15,Bonds_Live!A2:A26,0)),0)*POWER(Settings!$C$30+Settings!$C$31,2)/2000000),"") | K15: =IFERROR(-INDEX(Peer_EMBI_Bench!J23:J47,MATCH($C15,Peer_EMBI_Bench!E23:E47,0)),"") | L15: =IFERROR(INDEX(Rich_Cheap_Rank!P$2:P$26,MATCH($C15,Rich_Cheap_Rank!B$2:B$26,0)),"") | M15: =IFERROR(SMALL(IF(Rich_Cheap_Rank!M$2:M$26="PASS",Rich_Cheap_Rank!N$2:N$26),2),"") | N15: =IFERROR(UST_Curve!C27,1) | O15: =IFERROR(J15*N15,"")
B16: 3 | C16: =IFERROR(INDEX(Rich_Cheap_Rank!B$2:B$26,MATCH(M16,Rich_Cheap_Rank!N$2:N$26,0)),"") | D16: =IFERROR(INDEX(Bonds_Static!C2:C26,MATCH($C16,Bonds_Static!A2:A26,0)),"") | E16: =IFERROR(INDEX(Bonds_Static!G2:G26,MATCH($C16,Bonds_Static!A2:A26,0)),"") | F16: =IFERROR(INDEX(Curve_Fit!F2:F26,MATCH($C16,Curve_Fit!A2:A26,0)),"") | G16: =IFERROR(INDEX(Bonds_Live!Q2:Q26,MATCH($C16,Bonds_Live!A2:A26,0)),"") | H16: =IFERROR(INDEX(Carry_Roll!M2:M26,MATCH($C16,Carry_Roll!A2:A26,0)),"") | I16: =IFERROR(-H16,"") | J16: =IFERROR(-H16-(-G16*(Settings!$C$30+Settings!$C$31)/100+IFERROR(INDEX(Bonds_Live!S2:S26,MATCH($C16,Bonds_Live!A2:A26,0)),0)*POWER(Settings!$C$30+Settings!$C$31,2)/2000000),"") | K16: =IFERROR(-INDEX(Peer_EMBI_Bench!J23:J47,MATCH($C16,Peer_EMBI_Bench!E23:E47,0)),"") | L16: =IFERROR(INDEX(Rich_Cheap_Rank!P$2:P$26,MATCH($C16,Rich_Cheap_Rank!B$2:B$26,0)),"") | M16: =IFERROR(SMALL(IF(Rich_Cheap_Rank!M$2:M$26="PASS",Rich_Cheap_Rank!N$2:N$26),3),"") | N16: =IFERROR(UST_Curve!C27,1) | O16: =IFERROR(J16*N16,"")
B18: TOP 3 RV PAIRS (Long cheap / Short rich, duration-matched)
B19: # | C19: Long ISIN | D19: Long Desc | E19: Short ISIN | F19: Short Desc | G19: Long τ | H19: Short τ | I19: Long MDur | J19: Short MDur | K19: Residual diff (bp, L-S) | L19: DV01-neutral hedge ratio | M19: Expected 12M PnL (% of long notional)
B20: 1 | C20: =C8 | D20: =D8 | E20: =C14 | F20: =D14 | G20: =E8 | H20: =E14 | I20: =G8 | J20: =G14 | K20: =IFERROR(F8-F14,"") | L20: =IFERROR(I20/J20,"") | M20: =IFERROR(K20/2/100,"")
B21: 2 | C21: =C9 | D21: =D9 | E21: =C15 | F21: =D15 | G21: =E9 | H21: =E15 | I21: =G9 | J21: =G15 | K21: =IFERROR(F9-F15,"") | L21: =IFERROR(I21/J21,"") | M21: =IFERROR(K21/2/100,"")
B22: 3 | C22: =C10 | D22: =D10 | E22: =C16 | F22: =D16 | G22: =E10 | H22: =E16 | I22: =G10 | J22: =G16 | K22: =IFERROR(F10-F16,"") | L22: =IFERROR(I22/J22,"") | M22: =IFERROR(K22/2/100,"")
B24: Assumptions: 12M TR ≈ Carry + Roll + (-MDur×Δy + ½·Conv·Δy²). Δy = Central-view ΔUST + Δspread (Settings!C30 + C31). RV PnL assumes 50% mean-reversion of the residual spread within 12M; hedge ratio is DV01-neutral on the short leg.
