Workbook

Sheet Read Me
B2: COP carry — the cushion, not the call
B3: Long COP vs USD, 12-month NDF · 27 August 2026 · Illustrative scenario analysis, not a forecast
B5: Purpose
B6: Frames a long-COP NDF position as a cushion trade rather than an appreciation call. The carry is contractually fixed at inception; terminal spot is the only variable.
B8: Tabs
B9: Carry Model — inputs, scenario grid, sensitivity. All blue cells are hardcoded inputs; everything else is a formula.
B10: Payoff Curve — return schedule across terminal USDCOP from 2,800 to 4,300, with the embedded chart.
B12: Method
B13: Total return on a USD-notional NDF is (F − S_T) / S_T, where F is the 12-month outright and S_T the terminal spot.
B14: Decomposed: spot return = S_0/S_T − 1; carry contribution = carry × S_0/S_T. The carry leg MUST be scaled by S_0/S_T. The naive additive form carry + (S_0/S_T − 1) understates losses and does not return zero at breakeven.
B15: Forward is computed from covered parity on the quoted differential: F = S_0 × (1 + carry). No separate NDF points are used, so the cross-currency basis is not isolated.
B17: Sources
... B23: Scenario probabilities are judgemental and should be agreed with the desk before client distribution.

Sheet Carry Model
B2: Carry model and scenario grid
B3: Blue cells are inputs. All other cells are formulas.
B5: Market inputs
B6: COP 12m NDF-implied rate | C6: 0.125911 | D6: CLNI12M BGN Curncy
B7: USD 1y SOFR OIS | C7: 0.0402 | D7: USOSFR1 BGN Curncy
B8: Spot USDCOP | C8: 3152 | D8: COP REGN Curncy
B9: Gross nominal carry | C9: =C6-C7 -> 0.085711 | D9: locked at inception
B10: 12m forward outright (breakeven) | C10: =C8*(1+C9) -> 3422.1611 | D10: F = S0 × (1 + carry)
B11: Cushion vs spot | C11: =C10/C8-1 -> 0.085711
B13: Reference levels
B14: Start-2026 USDCOP | C14: 3700 | D14: derived from ~18% YTD move — confirm
B15: 2025 all-time high | C15: 5118 | D15: peak stress level
B16: COP implied vol (12m, approx) | C16: 0.13 | D16: used for carry-to-vol only
B17: Carry-to-vol ratio | C17: =C9/C16 -> 0.65931538
B19: Scenario grid
B20: Scenario | C20: Prob. | D20: USDCOP | E20: Spot ret. | F20: Carry ret. | G20: Total ret. | H20: Driver
B21: Bull — fiscal credibility delivered | C21: 0.2 | D21: 2950 | E21: =$C$8/D21-1 -> 0.068474576 | F21: =$C$9*$C$8/D21 -> 0.091580024 | G21: =($C$10-D21)/D21 -> 0.1600546 | H21: COP 60tn spending freeze converts into passed legislation; fiscal rule restored; ratings outlook stabilises. Upside capped by Banrep's USD 4bn reserve accumulation programme.
B22: Base — election priced, programme not | C22: 0.55 | D22: 3250 | E22: =$C$8/D22-1 -> -0.030153846 | F22: =$C$9*$C$8/D22 -> 0.083126484 | G22: =($C$10-D22)/D22 -> 0.052972638 | H22: Seven-year high partially retraced. Congress delivers a diluted adjustment; Banrep on hold at 12%; monthly USD put auctions lean against further strength.
B23: Bear — adjustment stalls in Congress | C23: 0.25 | D23: 3950 | E23: =$C$8/D23-1 -> -0.20202532 | F23: =$C$9*$C$8/D23 -> 0.068395208 | G23: =($C$10-D23)/D23 -> -0.13363011 | H23: Pacto Histórico blocks the fiscal package; rule stays suspended; further downgrade below BB−; oil shock. Still 23% inside the 2025 high.
B24: Probability weighted | C24: =SUM(C21:C23) -> 1 | G24: =SUMPRODUCT(C21:C23,G21:G23) -> 0.027738344 | H24: Sums to 100% by construction; check C column if edited.
B25: Check: total = spot + carry | G25: =IF(SUMPRODUCT(ABS(E21:E23+F21:F23-G21:G23))<0.0000001,"OK","ERROR") -> OK
B27: Sensitivity — expected return as weight shifts from base to bear
B28: Bear probability | C28: 0.1 | D28: 0.15 | E28: 0.2 | F28: 0.25 | G28: 0.3 | H28: 0.35 | I28: 0.4 | J28: 0.45
B29: Expected return | C29: =$C$21*$G$21+(1-$C$21-C28)*$G$22+C28*$G$23 -> 0.055728756 | D29: =$C$21*$G$21+(1-$C$21-D28)*$G$22+D28*$G$23 -> 0.046398618 | E29: =$C$21*$G$21+(1-$C$21-E28)*$G$22+E28*$G$23 -> 0.037068481 | F29: =$C$21*$G$21+(1-$C$21-F28)*$G$22+F28*$G$23 -> 0.027738344 | G29: =$C$21*$G$21+(1-$C$21-G28)*$G$22+G28*$G$23 -> 0.018408206 | H29: =$C$21*$G$21+(1-$C$21-H28)*$G$22+H28*$G$23 -> 0.0090780691 | I29: =$C$21*$G$21+(1-$C$21-I28)*$G$22+I28*$G$23 -> -0.00025206819 | J29: =$C$21*$G$21+(1-$C$21-J28)*$G$22+J28*$G$23 -> -0.0095822055
B30: Bull weight held at | C30: =C21 -> 0.2
B31: Expected return turns negative only above roughly 40% weight on a full round-trip to 3,950 — a level USDCOP traded through in January 2026.

Sheet Payoff Curve
B2: Payoff schedule — 12-month total return by terminal USDCOP
B3: Curve is formula-driven off the Carry Model tab. Scenario markers plot as a separate series.
B5: USDCOP | C5: Spot return | D5: Carry return | E5: Total return | G5: Marker x | H5: Marker y | I5: Label
B6: 2800 | C6: ='Carry Model'!$C$8/B6-1 -> 0.12571429 | D6: ='Carry Model'!$C$9*'Carry Model'!$C$8/B6 -> 0.096486097 | E6: =('Carry Model'!$C$10-B6)/B6 -> 0.22220038 | G6: ='Carry Model'!D21 -> 2950 | H6: ='Carry Model'!G21 -> 0.1600546 | I6: Bull
B7: 2825 | C7: ='Carry Model'!$C$8/B7-1 -> 0.11575221 | D7: ='Carry Model'!$C$9*'Carry Model'!$C$8/B7 -> 0.095632238 | E7: =('Carry Model'!$C$10-B7)/B7 -> 0.21138445 | G7: ='Carry Model'!D22 -> 3250 | H7: ='Carry Model'!G22 -> 0.052972638 | I7: Base
B8: 2850 | C8: ='Carry Model'!$C$8/B8-1 -> 0.10596491 | D8: ='Carry Model'!$C$9*'Carry Model'!$C$8/B8 -> 0.094793359 | E8: =('Carry Model'!$C$10-B8)/B8 -> 0.20075827 | G8: ='Carry Model'!D23 -> 3950 | H8: ='Carry Model'!G23 -> -0.13363011 | I8: Bear
B9: 2875 | C9: ='Carry Model'!$C$8/B9-1 -> 0.096347826 | D9: ='Carry Model'!$C$9*'Carry Model'!$C$8/B9 -> 0.093969069 | E9: =('Carry Model'!$C$10-B9)/B9 -> 0.19031689
B10: 2900 | C10: ='Carry Model'!$C$8/B10-1 -> 0.086896552 | D10: ='Carry Model'!$C$9*'Carry Model'!$C$8/B10 -> 0.09315899 | E10: =('Carry Model'!$C$10-B10)/B10 -> 0.18005554
B11: 2925 | C11: ='Carry Model'!$C$8/B11-1 -> 0.077606838 | D11: ='Carry Model'!$C$9*'Carry Model'!$C$8/B11 -> 0.09236276 | E11: =('Carry Model'!$C$10-B11)/B11 -> 0.1699696 | G11: Spot | H11: ='Carry Model'!C8 -> 3152
B12: 2950 | C12: ='Carry Model'!$C$8/B12-1 -> 0.068474576 | D12: ='Carry Model'!$C$9*'Carry Model'!$C$8/B12 -> 0.091580024 | E12: =('Carry Model'!$C$10-B12)/B12 -> 0.1600546 | G12: Breakeven | H12: ='Carry Model'!C10 -> 3422.1611
B13: 2975 | C13: ='Carry Model'!$C$8/B13-1 -> 0.059495798 | D13: ='Carry Model'!$C$9*'Carry Model'!$C$8/B13 -> 0.090810444 | E13: =('Carry Model'!$C$10-B13)/B13 -> 0.15030624 | G13: Start-2026 | H13: ='Carry Model'!C14 -> 3700
B14: 3000 | C14: ='Carry Model'!$C$8/B14-1 -> 0.050666667 | D14: ='Carry Model'!$C$9*'Carry Model'!$C$8/B14 -> 0.090053691 | E14: =('Carry Model'!$C$10-B14)/B14 -> 0.14072036
B15: 3025 | C15: ='Carry Model'!$C$8/B15-1 -> 0.041983471 | D15: ='Carry Model'!$C$9*'Carry Model'!$C$8/B15 -> 0.089309445 | E15: =('Carry Model'!$C$10-B15)/B15 -> 0.13129292 | G15: Green cells link to Carry Model.
B16: 3050 | C16: ='Carry Model'!$C$8/B16-1 -> 0.033442623 | D16: ='Carry Model'!$C$9*'Carry Model'!$C$8/B16 -> 0.088577401 | E16: =('Carry Model'!$C$10-B16)/B16 -> 0.12202002
B17: 3075 | C17: ='Carry Model'!$C$8/B17-1 -> 0.02504065 | D17: ='Carry Model'!$C$9*'Carry Model'!$C$8/B17 -> 0.087857259 | E17: =('Carry Model'!$C$10-B17)/B17 -> 0.11289791
B18: 3100 | C18: ='Carry Model'!$C$8/B18-1 -> 0.016774194 | D18: ='Carry Model'!$C$9*'Carry Model'!$C$8/B18 -> 0.087148733 | E18: =('Carry Model'!$C$10-B18)/B18 -> 0.10392293
B19: 3125 | C19: ='Carry Model'!$C$8/B19-1 -> 0.00864 | D19: ='Carry Model'!$C$9*'Carry Model'!$C$8/B19 -> 0.086451543 | E19: =('Carry Model'!$C$10-B19)/B19 -> 0.095091543
B20: 3150 | C20: ='Carry Model'!$C$8/B20-1 -> 0.00063492063 | D20: ='Carry Model'!$C$9*'Carry Model'!$C$8/B20 -> 0.08576542 | E20: =('Carry Model'!$C$10-B20)/B20 -> 0.08640034
B21: 3175 | C21: ='Carry Model'!$C$8/B21-1 -> -0.0072440945 | D21: ='Carry Model'!$C$9*'Carry Model'!$C$8/B21 -> 0.085090101 | E21: =('Carry Model'!$C$10-B21)/B21 -> 0.077846007
B22: 3200 | C22: ='Carry Model'!$C$8/B22-1 -> -0.015 | D22: ='Carry Model'!$C$9*'Carry Model'!$C$8/B22 -> 0.084425335 | E22: =('Carry Model'!$C$10-B22)/B22 -> 0.069425335
B23: 3225 | C23: ='Carry Model'!$C$8/B23-1 -> -0.022635659 | D23: ='Carry Model'!$C$9*'Carry Model'!$C$8/B23 -> 0.083770875 | E23: =('Carry Model'!$C$10-B23)/B23 -> 0.061135216
B24: 3250 | C24: ='Carry Model'!$C$8/B24-1 -> -0.030153846 | D24: ='Carry Model'!$C$9*'Carry Model'!$C$8/B24 -> 0.083126484 | E24: =('Carry Model'!$C$10-B24)/B24 -> 0.052972638
B25: 3275 | C25: ='Carry Model'!$C$8/B25-1 -> -0.037557252 | D25: ='Carry Model'!$C$9*'Carry Model'!$C$8/B25 -> 0.08249193 | E25: =('Carry Model'!$C$10-B25)/B25 -> 0.044934678
B26: 3300 | C26: ='Carry Model'!$C$8/B26-1 -> -0.044848485 | D26: ='Carry Model'!$C$9*'Carry Model'!$C$8/B26 -> 0.081866992 | E26: =('Carry Model'!$C$10-B26)/B26 -> 0.037018507
B27: 3325 | C27: ='Carry Model'!$C$8/B27-1 -> -0.052030075 | D27: ='Carry Model'!$C$9*'Carry Model'!$C$8/B27 -> 0.08125145 | E27: =('Carry Model'!$C$10-B27)/B27 -> 0.029221375
... B66: 4300 | C66: ='Carry Model'!$C$8/B66-1 -> -0.26697674 | D66: ='Carry Model'!$C$9*'Carry Model'!$C$8/B66 -> 0.062828156 | E66: =('Carry Model'!$C$10-B66)/B66 -> -0.20414859
B68: Total return = (F − S_T) / S_T. Spot return = S_0/S_T − 1. Carry return = carry × S_0/S_T. The carry leg is scaled by S_0/S_T; the unscaled additive form understates losses and does not return zero at the breakeven forward.
