Workbook

Sheet Control
A1: EM DECOMPOSITION — US factor vs intrinsic EM
A2: Bloomberg-linked; every cell is a formula. Built for A. Rojas, UBS CIO Americas.
A4: SETTINGS
A6: History start | B6: =EDATE(TODAY(),-38) | D6: 3y buffer so the 2y beta window is always full
A7: History end | B7: =TODAY()
A8: Daily observations pulled | B8: 784 | D8: HIST_D rows 8:791, newest first
A9: bp per 1% | B9: 100
A10: 1M window (weekday obs back) | B10: 23 | D10: row offset in HIST_D; 23 = one calendar month
A11: YTD window (weekday obs back) | B11: =NETWORKDAYS(DATE(YEAR(TODAY())-1,12,31),TODAY()) | D11: row offset to the prior year-end
A12: Beta window (weekday obs) | B12: 523 | D12: 2y of daily changes for every measured beta
A13: Minimum US move to form a ratio (bp) | B13: 15 | D13: pass-through is suppressed as n/m below this
A14: EM USD index modified duration (yrs) | B14: 6.6 | D14: INPUT — embi_tracker.py or Bbg DUR_ADJ_MID
A15: EM USD index YTW (%) | B15: 6.55 | D15: INPUT — embi_tracker.py or INDEX_YIELD_TO_WORST
A16: EMBIGD stripped spread now (bp) | B16: 208 | D16: INPUT — embi_tracker.py 'Dur Wgt STW (Trsy)'
A17: EMBIGD stripped spread 1M ago (bp) | B17: 218 | D17: INPUT — chain-link across the 04-Sep-26 JPM break
A18: EMBIGD stripped spread at prior year-end (bp) | D18: INPUT — from EMBI_global_history.xlsx
A21: THE ONE IDEA, APPLIED THREE TIMES
A22: total move = US-driven + intrinsic EM. Same split on every tab.
A23: Local rates: d(local 10Y) = d(UST 10Y) + d(local less UST). US-driven is the UST move; intrinsic is the change in the gap.
A24: FX: return on the EM currency = -(DXY return) + return ex-dollar. US-driven is the dollar; intrinsic is what is left after the dollar.
A25: USD credit: d(UST 5Y + CDS 5Y) = d(UST 5Y) + d(CDS 5Y). US-driven is Treasuries; intrinsic is the spread. This is exact.
A26: The identity assumes a beta of one. Next to it, a measured 2y beta gives the move history would have predicted, and surprise = actual less predicted.
A27: Pass-through (rates, FX) = total / US-driven: how much of the US move the market took. Under 1 = absorbed. US share (credit) = Treasuries / total yield move.
A28: Region averages are equal-weighted over the flagged members only. Ratios on average rows are ratios of the averages, not averages of the ratios.
A29: Turkiye is out of the rates and FX averages; Egypt out of FX; India has no CDS; the GCC has no local curve or floating currency. Each is shown, and each exclusion is written on the row.
A30: South Africa is not in any of the four regions you named. It is a memo line in no average.
A31: Blue = input. Green = link. Purple = Bloomberg pull. Black = computed here.

Sheet Summary
A1: EM DECOMPOSITION — SUMMARY
A2: ="As of "&TEXT(INDEX(HIST_D!$A$8:$A$791,1),"d mmm yyyy")&". Every cell here is a link to the asset tabs."
A4: THE US MOVE — what EM was asked to absorb
A5: Series | B5: Level | C5: d 1M | D5: d YTD
A6: UST 2Y | B6: =INDEX(HIST_D!$B$8:$B$791,1) | C6: =IFERROR((INDEX(HIST_D!$B$8:$B$791,1)-INDEX(HIST_D!$B$8:$B$791,Control!$B$10))*100,"") | D6: =IFERROR((INDEX(HIST_D!$B$8:$B$791,1)-INDEX(HIST_D!$B$8:$B$791,Control!$B$11))*100,"")
A7: UST 5Y | B7: =INDEX(HIST_D!$C$8:$C$791,1) | C7: =IFERROR((INDEX(HIST_D!$C$8:$C$791,1)-INDEX(HIST_D!$C$8:$C$791,Control!$B$10))*100,"") | D7: =IFERROR((INDEX(HIST_D!$C$8:$C$791,1)-INDEX(HIST_D!$C$8:$C$791,Control!$B$11))*100,"")
A8: UST 10Y | B8: =INDEX(HIST_D!$D$8:$D$791,1) | C8: =IFERROR((INDEX(HIST_D!$D$8:$D$791,1)-INDEX(HIST_D!$D$8:$D$791,Control!$B$10))*100,"") | D8: =IFERROR((INDEX(HIST_D!$D$8:$D$791,1)-INDEX(HIST_D!$D$8:$D$791,Control!$B$11))*100,"")
A9: UST 30Y | B9: =INDEX(HIST_D!$E$8:$E$791,1) | C9: =IFERROR((INDEX(HIST_D!$E$8:$E$791,1)-INDEX(HIST_D!$E$8:$E$791,Control!$B$10))*100,"") | D9: =IFERROR((INDEX(HIST_D!$E$8:$E$791,1)-INDEX(HIST_D!$E$8:$E$791,Control!$B$11))*100,"")
A10: UST 10Y real | B10: =INDEX(HIST_D!$F$8:$F$791,1) | C10: =IFERROR((INDEX(HIST_D!$F$8:$F$791,1)-INDEX(HIST_D!$F$8:$F$791,Control!$B$10))*100,"") | D10: =IFERROR((INDEX(HIST_D!$F$8:$F$791,1)-INDEX(HIST_D!$F$8:$F$791,Control!$B$11))*100,"")
A11: Breakeven 10Y | B11: =INDEX(HIST_D!$G$8:$G$791,1) | C11: =IFERROR((INDEX(HIST_D!$G$8:$G$791,1)-INDEX(HIST_D!$G$8:$G$791,Control!$B$10))*100,"") | D11: =IFERROR((INDEX(HIST_D!$G$8:$G$791,1)-INDEX(HIST_D!$G$8:$G$791,Control!$B$11))*100,"")
A12: ACM term premium 10Y | B12: =INDEX(HIST_D!$H$8:$H$791,1) | C12: =IFERROR((INDEX(HIST_D!$H$8:$H$791,1)-INDEX(HIST_D!$H$8:$H$791,Control!$B$10))*100,"") | D12: =IFERROR((INDEX(HIST_D!$H$8:$H$791,1)-INDEX(HIST_D!$H$8:$H$791,Control!$B$11))*100,"")
A13: DXY | B13: =INDEX(HIST_D!$I$8:$I$791,1) | C13: =IFERROR(INDEX(HIST_D!$I$8:$I$791,1)/INDEX(HIST_D!$I$8:$I$791,Control!$B$10)-1,"") | D13: =IFERROR(INDEX(HIST_D!$I$8:$I$791,1)/INDEX(HIST_D!$I$8:$I$791,Control!$B$11)-1,"")
A14: EM USD Aggregate OAS (Bbg) | B14: =INDEX(HIST_D!$J$8:$J$791,1) | C14: =IFERROR(INDEX(HIST_D!$J$8:$J$791,1)-INDEX(HIST_D!$J$8:$J$791,Control!$B$10),"") | D14: =IFERROR(INDEX(HIST_D!$J$8:$J$791,1)-INDEX(HIST_D!$J$8:$J$791,Control!$B$11),"")
A16: PAST MONTH — total = US-driven + intrinsic, by region
A17: Region | B17: Rates: total (bp) | C17: Rates: US (bp) | D17: Rates: intrinsic (bp) | E17: Rates: pass-through | F17: FX: total | G17: FX: US | H17: FX: intrinsic | I17: FX: pass-through | J17: Credit: total (bp) | K17: Credit: US (bp) | L17: Credit: spread (bp) | M17: Credit: US share
A18: LatAm | B18: =Rates!$E$11 | C18: =Rates!$F$11 | D18: =Rates!$G$11 | E18: =Rates!$H$11 | F18: =FX!$E$11 | G18: =FX!$F$11 | H18: =FX!$G$11 | I18: =FX!$H$11 | J18: =Credit!$E$11 | K18: =Credit!$F$11 | L18: =Credit!$G$11 | M18: =Credit!$H$11
A19: EM Europe | B19: =Rates!$E$21 | C19: =Rates!$F$21 | D19: =Rates!$G$21 | E19: =Rates!$H$21 | F19: =FX!$E$21 | G19: =FX!$F$21 | H19: =FX!$G$21 | I19: =FX!$H$21 | J19: =Credit!$E$21 | K19: =Credit!$F$21 | L19: =Credit!$G$21 | M19: =Credit!$H$21
A20: Middle East | B20: =Rates!$E$28 | C20: =Rates!$F$28 | D20: =Rates!$G$28 | E20: =Rates!$H$28 | F20: =FX!$E$28 | G20: =FX!$F$28 | H20: =FX!$G$28 | I20: =FX!$H$28 | J20: =Credit!$E$31 | K20: =Credit!$F$31 | L20: =Credit!$G$31 | M20: =Credit!$H$31
A21: EM Asia | B21: =Rates!$E$40 | C21: =Rates!$F$40 | D21: =Rates!$G$40 | E21: =Rates!$H$40 | F21: =FX!$E$40 | G21: =FX!$F$40 | H21: =FX!$G$40 | I21: =FX!$H$40 | J21: =Credit!$E$42 | K21: =Credit!$F$42 | L21: =Credit!$G$42 | M21: =Credit!$H$42
A22: EM average | B22: =Rates!$E$45 | C22: =Rates!$F$45 | D22: =Rates!$G$45 | E22: =Rates!$H$45 | F22: =FX!$E$45 | G22: =FX!$F$45 | H22: =FX!$G$45 | I22: =FX!$H$45 | J22: =Credit!$E$47 | K22: =Credit!$F$47 | L22: =Credit!$G$47 | M22: =Credit!$H$47
A23: South Africa (memo) | B23: =Rates!$E$46 | C23: =Rates!$F$46 | D23: =Rates!$G$46 | E23: =Rates!$H$46 | F23: =FX!$E$46 | G23: =FX!$F$46 | H23: =FX!$G$46 | I23: =FX!$H$46 | J23: =Credit!$E$48 | K23: =Credit!$F$48 | L23: =Credit!$G$48 | M23: =Credit!$H$48
A25: YEAR TO DATE — total = US-driven + intrinsic, by region
A26: Region | B26: Rates: total (bp) | C26: Rates: US (bp) | D26: Rates: intrinsic (bp) | E26: Rates: pass-through | F26: FX: total | G26: FX: US | H26: FX: intrinsic | I26: FX: pass-through | J26: Credit: total (bp) | K26: Credit: US (bp) | L26: Credit: spread (bp) | M26: Credit: US share
A27: LatAm | B27: =Rates!$L$11 | C27: =Rates!$M$11 | D27: =Rates!$N$11 | E27: =Rates!$O$11 | F27: =FX!$L$11 | G27: =FX!$M$11 | H27: =FX!$N$11 | I27: =FX!$O$11 | J27: =Credit!$L$11 | K27: =Credit!$M$11 | L27: =Credit!$N$11 | M27: =Credit!$O$11
A28: EM Europe | B28: =Rates!$L$21 | C28: =Rates!$M$21 | D28: =Rates!$N$21 | E28: =Rates!$O$21 | F28: =FX!$L$21 | G28: =FX!$M$21 | H28: =FX!$N$21 | I28: =FX!$O$21 | J28: =Credit!$L$21 | K28: =Credit!$M$21 | L28: =Credit!$N$21 | M28: =Credit!$O$21
A29: Middle East | B29: =Rates!$L$28 | C29: =Rates!$M$28 | D29: =Rates!$N$28 | E29: =Rates!$O$28 | F29: =FX!$L$28 | G29: =FX!$M$28 | H29: =FX!$N$28 | I29: =FX!$O$28 | J29: =Credit!$L$31 | K29: =Credit!$M$31 | L29: =Credit!$N$31 | M29: =Credit!$O$31
A30: EM Asia | B30: =Rates!$L$40 | C30: =Rates!$M$40 | D30: =Rates!$N$40 | E30: =Rates!$O$40 | F30: =FX!$L$40 | G30: =FX!$M$40 | H30: =FX!$N$40 | I30: =FX!$O$40 | J30: =Credit!$L$42 | K30: =Credit!$M$42 | L30: =Credit!$N$42 | M30: =Credit!$O$42
A31: EM average | B31: =Rates!$L$45 | C31: =Rates!$M$45 | D31: =Rates!$N$45 | E31: =Rates!$O$45 | F31: =FX!$L$45 | G31: =FX!$M$45 | H31: =FX!$N$45 | I31: =FX!$O$45 | J31: =Credit!$L$47 | K31: =Credit!$M$47 | L31: =Credit!$N$47 | M31: =Credit!$O$47
A32: South Africa (memo) | B32: =Rates!$L$46 | C32: =Rates!$M$46 | D32: =Rates!$N$46 | E32: =Rates!$O$46 | F32: =FX!$L$46 | G32: =FX!$M$46 | H32: =FX!$N$46 | I32: =FX!$O$46 | J32: =Credit!$L$48 | K32: =Credit!$M$48 | L32: =Credit!$N$48 | M32: =Credit!$O$48
A34: WHERE THE US MOVE LANDED — pass-through by asset class and region (1M | YTD)
A35: Region | B35: Rates 1M | C35: FX 1M | D35: Credit US share 1M | F35: Rates YTD | G35: FX YTD | H35: Credit US share YTD
A36: LatAm | B36: =$E$18 | C36: =$I$18 | D36: =$M$18 | F36: =$E$27 | G36: =$I$27 | H36: =$M$27
A37: EM Europe | B37: =$E$19 | C37: =$I$19 | D37: =$M$19 | F37: =$E$28 | G37: =$I$28 | H37: =$M$28
A38: Middle East | B38: =$E$20 | C38: =$I$20 | D38: =$M$20 | F38: =$E$29 | G38: =$I$29 | H38: =$M$29
A39: EM Asia | B39: =$E$21 | C39: =$I$21 | D39: =$M$21 | F39: =$E$30 | G39: =$I$30 | H39: =$M$30
A40: EM average | B40: =$E$22 | C40: =$I$22 | D40: =$M$22 | F40: =$E$31 | G40: =$I$31 | H40: =$M$31
A41: Read across a row: the asset class with the lower pass-through is the one that absorbed more. Read down a column: the region with the lower number absorbed more. Rates and FX are pass-through (under 1 = absorbed). Credit is the share of the yield move that is Treasuries (near 100% = all US, spreads did nothing).
A43: EM USD CREDIT — the index return, leg by leg. Never netted.
A44: Component | B44: 1M | C44: YTD | D44: Note
A45: Carry (YTW x window / 262) | B45: =IFERROR(Control!$B$15/100*(Control!$B$10-1)/262,"") | C45: =IFERROR(Control!$B$15/100*(Control!$B$11-1)/262,"") | D45: YTW from Control
A46: Rates leg vs UST 10Y (-D x d UST) | B46: =IFERROR(-Control!$B$14*$C$8/10000,"") | C46: =IFERROR(-Control!$B$14*$D$8/10000,"") | D46: US factor
A47: Rates leg vs UST 5Y (-D x d UST) | B47: =IFERROR(-Control!$B$14*$C$7/10000,"") | C47: =IFERROR(-Control!$B$14*$D$7/10000,"") | D47: US factor, shorter reference
A48: Spread leg (-D x d EMBIGD stripped spread) | B48: =IFERROR(-Control!$B$14*(Control!$B$16-Control!$B$17)/10000,"") | C48: =IF(Control!$B$18="","",-Control!$B$14*(Control!$B$16-Control!$B$18)/10000) | D48: intrinsic EM; from embi_tracker.py inputs on Control
A49: Spread leg, Bbg EM USD Agg OAS instead | B49: =IFERROR(-Control!$B$14*(INDEX(HIST_D!$J$8:$J$791,1)-INDEX(HIST_D!$J$8:$J$791,Control!$B$10))/10000,"") | C49: =IFERROR(-Control!$B$14*(INDEX(HIST_D!$J$8:$J$791,1)-INDEX(HIST_D!$J$8:$J$791,Control!$B$11))/10000,"") | D49: cross-check on a live Bloomberg series
A50: Sum: carry + rates (10Y) + spread (EMBIGD) | B50: =IFERROR($B$45+$B$46+$B$48,"") | C50: =IF($C$48="","",$C$45+$C$46+$C$48)
A51: Realised: Bbg EM USD Aggregate TR | B51: =IFERROR(INDEX(HIST_D!$K$8:$K$791,1)/INDEX(HIST_D!$K$8:$K$791,Control!$B$10)-1,"") | C51: =IFERROR(INDEX(HIST_D!$K$8:$K$791,1)/INDEX(HIST_D!$K$8:$K$791,Control!$B$11)-1,"") | D51: from the TR index, not derived
A52: Residual (realised less sum) | B52: =IFERROR($B$51-$B$50,"") | C52: =IF($C$50="","",$C$51-$C$50) | D52: what the decomposition does not explain
A54: Read: if the rates leg is the bulk of a negative month and the spread leg is flat or positive, EM USD credit is being repriced for US duration, not for EM risk — and the carry keeps accruing underneath.
A56: CONCLUSION — generated from the cells above
A57: =IFERROR("US: over the past month UST 10Y "&TEXT($C$8,"+0;-0")&"bp, UST 5Y "&TEXT($C$7,"+0;-0")&"bp, DXY "&TEXT($C$13,"+0.0%;-0.0%")&". YTD: UST 10Y "&TEXT($D$8,"+0;-0")&"bp, DXY "&TEXT($D$13,"+0.0%;-0.0%")&".","")
A58: =IFERROR("EM local rates: the average local 10Y moved "&TEXT($B$22,"+0;-0")&"bp on the month, of which "&TEXT($C$22,"+0;-0")&"bp is the US move and "&TEXT($D$22,"+0;-0")&"bp is intrinsic"&IF(ISNUMBER($E$22),"; pass-through "&TEXT($E$22,"0.00")&"x","")&". YTD "&TEXT($B$31,"+0;-0")&"bp, intrinsic "&TEXT($D$31,"+0;-0")&"bp.","")
A59: =IFERROR("EM FX: the average currency returned "&TEXT($F$22,"+0.0%;-0.0%")&" on the month against a dollar-implied "&TEXT($G$22,"+0.0%;-0.0%")&", so "&TEXT($H$22,"+0.0%;-0.0%")&" is ex-dollar. YTD "&TEXT($F$31,"+0.0%;-0.0%")&", ex-dollar "&TEXT($H$31,"+0.0%;-0.0%")&".","")
A60: =IFERROR("EM USD credit: the 5y yield proxy moved "&TEXT($J$22,"+0;-0")&"bp on the month — "&TEXT($K$22,"+0;-0")&"bp Treasuries and "&TEXT($L$22,"+0;-0")&"bp spread"&IF(ISNUMBER($M$22),", "&TEXT($M$22,"0%")&" US","")&". YTD "&TEXT($J$31,"+0;-0")&"bp: "&TEXT($K$31,"+0;-0")&"bp Treasuries, "&TEXT($L$31,"+0;-0")&"bp spread. Index-level: rates leg "&TEXT($B$46,"+0.00%;-0.00%")&", spread leg "&TEXT($B$48,"+0.00%;-0.00%")&".","")
A61: =IFERROR("Verdict: "&IF(AND($L$22<=0,$D$22<=0,$H$22>=-0.005),"on every leg the intrinsic EM component is flat or favourable while the US component carries the move. The asset class has digested it.",IF(AND($L$22<=5,$D$22<=10),"the US component carries the move in rates and credit; FX is the leg to watch. Largely digested.","the intrinsic EM component is doing real work on at least one leg — this is not purely a US story, and the digestion claim needs qualifying by region.")),"")
A63: Per-region reads are on the bottom of each asset tab. Region-level 'which asset class took more' is the pass-through grid above.

Sheet Charts
A1: CHARTS — the decomposition, by region and EM average
A2: Each bar is the total move; the two segments are the US-driven part (grey) and the intrinsic EM part (blue). Segments with opposite signs sit on either side of zero, so a short bar with two long segments means EM offset the US. Data blocks on the left are links to Summary; the charts read the blocks.
A4: Local rates — past month (bp)
A5: Region | B5: US-driven | C5: Intrinsic EM | D5: Total
A6: LatAm | B6: =IF(ISNUMBER(Summary!$C$18),Summary!$C$18,0) | C6: =IF(ISNUMBER(Summary!$D$18),Summary!$D$18,0) | D6: =B6+C6
A7: EM Europe | B7: =IF(ISNUMBER(Summary!$C$19),Summary!$C$19,0) | C7: =IF(ISNUMBER(Summary!$D$19),Summary!$D$19,0) | D7: =B7+C7
A8: Middle East | B8: =IF(ISNUMBER(Summary!$C$20),Summary!$C$20,0) | C8: =IF(ISNUMBER(Summary!$D$20),Summary!$D$20,0) | D8: =B8+C8
A9: EM Asia | B9: =IF(ISNUMBER(Summary!$C$21),Summary!$C$21,0) | C9: =IF(ISNUMBER(Summary!$D$21),Summary!$D$21,0) | D9: =B9+C9
A10: EM average | B10: =IF(ISNUMBER(Summary!$C$22),Summary!$C$22,0) | C10: =IF(ISNUMBER(Summary!$D$22),Summary!$D$22,0) | D10: =B10+C10
A13: Local rates — year to date (bp)
A14: Region | B14: US-driven | C14: Intrinsic EM | D14: Total
A15: LatAm | B15: =IF(ISNUMBER(Summary!$C$27),Summary!$C$27,0) | C15: =IF(ISNUMBER(Summary!$D$27),Summary!$D$27,0) | D15: =B15+C15
A16: EM Europe | B16: =IF(ISNUMBER(Summary!$C$28),Summary!$C$28,0) | C16: =IF(ISNUMBER(Summary!$D$28),Summary!$D$28,0) | D16: =B16+C16
A17: Middle East | B17: =IF(ISNUMBER(Summary!$C$29),Summary!$C$29,0) | C17: =IF(ISNUMBER(Summary!$D$29),Summary!$D$29,0) | D17: =B17+C17
A18: EM Asia | B18: =IF(ISNUMBER(Summary!$C$30),Summary!$C$30,0) | C18: =IF(ISNUMBER(Summary!$D$30),Summary!$D$30,0) | D18: =B18+C18
A19: EM average | B19: =IF(ISNUMBER(Summary!$C$31),Summary!$C$31,0) | C19: =IF(ISNUMBER(Summary!$D$31),Summary!$D$31,0) | D19: =B19+C19
A22: FX — past month (return on EM ccy)
A23: Region | B23: US-driven | C23: Intrinsic EM | D23: Total
A24: LatAm | B24: =IF(ISNUMBER(Summary!$G$18),Summary!$G$18,0) | C24: =IF(ISNUMBER(Summary!$H$18),Summary!$H$18,0) | D24: =B24+C24
A25: EM Europe | B25: =IF(ISNUMBER(Summary!$G$19),Summary!$G$19,0) | C25: =IF(ISNUMBER(Summary!$H$19),Summary!$H$19,0) | D25: =B25+C25
A26: Middle East | B26: =IF(ISNUMBER(Summary!$G$20),Summary!$G$20,0) | C26: =IF(ISNUMBER(Summary!$H$20),Summary!$H$20,0) | D26: =B26+C26
A27: EM Asia | B27: =IF(ISNUMBER(Summary!$G$21),Summary!$G$21,0) | C27: =IF(ISNUMBER(Summary!$H$21),Summary!$H$21,0) | D27: =B27+C27
A28: EM average | B28: =IF(ISNUMBER(Summary!$G$22),Summary!$G$22,0) | C28: =IF(ISNUMBER(Summary!$H$22),Summary!$H$22,0) | D28: =B28+C28
A31: FX — year to date (return on EM ccy)
A32: Region | B32: US-driven | C32: Intrinsic EM | D32: Total
A33: LatAm | B33: =IF(ISNUMBER(Summary!$G$27),Summary!$G$27,0) | C33: =IF(ISNUMBER(Summary!$H$27),Summary!$H$27,0) | D33: =B33+C33
A34: EM Europe | B34: =IF(ISNUMBER(Summary!$G$28),Summary!$G$28,0) | C34: =IF(ISNUMBER(Summary!$H$28),Summary!$H$28,0) | D34: =B34+C34
A35: Middle East | B35: =IF(ISNUMBER(Summary!$G$29),Summary!$G$29,0) | C35: =IF(ISNUMBER(Summary!$H$29),Summary!$H$29,0) | D35: =B35+C35
A36: EM Asia | B36: =IF(ISNUMBER(Summary!$G$30),Summary!$G$30,0) | C36: =IF(ISNUMBER(Summary!$H$30),Summary!$H$30,0) | D36: =B36+C36
A37: EM average | B37: =IF(ISNUMBER(Summary!$G$31),Summary!$G$31,0) | C37: =IF(ISNUMBER(Summary!$H$31),Summary!$H$31,0) | D37: =B37+C37
A40: USD credit — past month (bp)
A41: Region | B41: US-driven | C41: Intrinsic EM | D41: Total
A42: LatAm | B42: =IF(ISNUMBER(Summary!$K$18),Summary!$K$18,0) | C42: =IF(ISNUMBER(Summary!$L$18),Summary!$L$18,0) | D42: =B42+C42
A43: EM Europe | B43: =IF(ISNUMBER(Summary!$K$19),Summary!$K$19,0) | C43: =IF(ISNUMBER(Summary!$L$19),Summary!$L$19,0) | D43: =B43+C43
A44: Middle East | B44: =IF(ISNUMBER(Summary!$K$20),Summary!$K$20,0) | C44: =IF(ISNUMBER(Summary!$L$20),Summary!$L$20,0) | D44: =B44+C44
A45: EM Asia | B45: =IF(ISNUMBER(Summary!$K$21),Summary!$K$21,0) | C45: =IF(ISNUMBER(Summary!$L$21),Summary!$L$21,0) | D45: =B45+C45
A46: EM average | B46: =IF(ISNUMBER(Summary!$K$22),Summary!$K$22,0) | C46: =IF(ISNUMBER(Summary!$L$22),Summary!$L$22,0) | D46: =B46+C46
A49: USD credit — year to date (bp)
A50: Region | B50: US-driven | C50: Intrinsic EM | D50: Total
A51: LatAm | B51: =IF(ISNUMBER(Summary!$K$27),Summary!$K$27,0) | C51: =IF(ISNUMBER(Summary!$L$27),Summary!$L$27,0) | D51: =B51+C51
A52: EM Europe | B52: =IF(ISNUMBER(Summary!$K$28),Summary!$K$28,0) | C52: =IF(ISNUMBER(Summary!$L$28),Summary!$L$28,0) | D52: =B52+C52
A53: Middle East | B53: =IF(ISNUMBER(Summary!$K$29),Summary!$K$29,0) | C53: =IF(ISNUMBER(Summary!$L$29),Summary!$L$29,0) | D53: =B53+C53
A54: EM Asia | B54: =IF(ISNUMBER(Summary!$K$30),Summary!$K$30,0) | C54: =IF(ISNUMBER(Summary!$L$30),Summary!$L$30,0) | D54: =B54+C54
A55: EM average | B55: =IF(ISNUMBER(Summary!$K$31),Summary!$K$31,0) | C55: =IF(ISNUMBER(Summary!$L$31),Summary!$L$31,0) | D55: =B55+C55
A58: Pass-through — how much of the US move each region took (under 1 = absorbed)
A59: Region | B59: Rates 1M | C59: Rates YTD | D59: FX 1M | E59: FX YTD
A60: LatAm | B60: =IF(ISNUMBER(Summary!$E$18),Summary!$E$18,0) | C60: =IF(ISNUMBER(Summary!$E$27),Summary!$E$27,0) | D60: =IF(ISNUMBER(Summary!$I$18),Summary!$I$18,0) | E60: =IF(ISNUMBER(Summary!$I$27),Summary!$I$27,0)
A61: EM Europe | B61: =IF(ISNUMBER(Summary!$E$19),Summary!$E$19,0) | C61: =IF(ISNUMBER(Summary!$E$28),Summary!$E$28,0) | D61: =IF(ISNUMBER(Summary!$I$19),Summary!$I$19,0) | E61: =IF(ISNUMBER(Summary!$I$28),Summary!$I$28,0)
A62: Middle East | B62: =IF(ISNUMBER(Summary!$E$20),Summary!$E$20,0) | C62: =IF(ISNUMBER(Summary!$E$29),Summary!$E$29,0) | D62: =IF(ISNUMBER(Summary!$I$20),Summary!$I$20,0) | E62: =IF(ISNUMBER(Summary!$I$29),Summary!$I$29,0)
A63: EM Asia | B63: =IF(ISNUMBER(Summary!$E$21),Summary!$E$21,0) | C63: =IF(ISNUMBER(Summary!$E$30),Summary!$E$30,0) | D63: =IF(ISNUMBER(Summary!$I$21),Summary!$I$21,0) | E63: =IF(ISNUMBER(Summary!$I$30),Summary!$I$30,0)
A64: EM average | B64: =IF(ISNUMBER(Summary!$E$22),Summary!$E$22,0) | C64: =IF(ISNUMBER(Summary!$E$31),Summary!$E$31,0) | D64: =IF(ISNUMBER(Summary!$I$22),Summary!$I$22,0) | E64: =IF(ISNUMBER(Summary!$I$31),Summary!$I$31,0)
A67: USD credit — share of the yield move that is Treasuries (near 100% = spreads did nothing)
A68: Region | B68: 1M | C68: YTD
A69: LatAm | B69: =IF(ISNUMBER(Summary!$M$18),Summary!$M$18,0) | C69: =IF(ISNUMBER(Summary!$M$27),Summary!$M$27,0)
A70: EM Europe | B70: =IF(ISNUMBER(Summary!$M$19),Summary!$M$19,0) | C70: =IF(ISNUMBER(Summary!$M$28),Summary!$M$28,0)
A71: Middle East | B71: =IF(ISNUMBER(Summary!$M$20),Summary!$M$20,0) | C71: =IF(ISNUMBER(Summary!$M$29),Summary!$M$29,0)
A72: EM Asia | B72: =IF(ISNUMBER(Summary!$M$21),Summary!$M$21,0) | C72: =IF(ISNUMBER(Summary!$M$30),Summary!$M$30,0)
A73: EM average | B73: =IF(ISNUMBER(Summary!$M$22),Summary!$M$22,0) | C73: =IF(ISNUMBER(Summary!$M$31),Summary!$M$31,0)
A75: Above 100% means spreads tightened while Treasuries sold off — more than all of the move was the US. That is the strongest form of the digestion result.

Sheet Rates
A1: EM LOCAL RATES — 10Y generic, by country and region
A2: d(local 10Y) = d(UST 10Y) + d(local less UST). US-driven is the Treasury move; intrinsic is the change in the gap to Treasuries. Pass-through = total / US-driven: how much of the US move the local curve took. Under 1.0 = absorbed.
A4: LATAM
A5: Country | B5: Region | C5: Level | D5: In avg | E5: 1M: Total move (bp) | F5: 1M: US-driven: d UST 10Y (bp) | G5: 1M: Intrinsic: d gap to UST (bp) | H5: 1M: Pass-through (total / US) | I5: 1M: Beta to UST 10Y (2y) | J5: 1M: Predicted by beta (bp) | K5: 1M: Surprise: actual less predicted (bp) | L5: YTD: Total move (bp) | M5: YTD: US-driven: d UST 10Y (bp) | N5: YTD: Intrinsic: d gap to UST (bp) | O5: YTD: Pass-through (total / US) | P5: YTD: Beta to UST 10Y (2y) | Q5: YTD: Predicted by beta (bp) | R5: YTD: Surprise: actual less predicted (bp)
A6: Brazil | B6: LatAm | C6: =INDEX(HIST_D!$AF$8:$AF$791,1) | D6: yes | E6: =IFERROR((INDEX(HIST_D!$AF$8:$AF$791,1)-INDEX(HIST_D!$AF$8:$AF$791,Control!$B$10))*100,"") | F6: =IFERROR((INDEX(HIST_D!$D$8:$D$791,1)-INDEX(HIST_D!$D$8:$D$791,Control!$B$10))*100,"") | G6: =IFERROR(E6-F6,"") | H6: =IFERROR(IF(ABS(F6)<Control!$B$13,"n/m",E6/F6),"n/m") | I6: =IFERROR(SLOPE(HIST_D!$BY$8:INDEX(HIST_D!$BY$8:$BY$791,Control!$B$12),HIST_D!$BV$8:INDEX(HIST_D!$BV$8:$BV$791,Control!$B$12)),"") | J6: =IFERROR(I6*(INDEX(HIST_D!$D$8:$D$791,1)-INDEX(HIST_D!$D$8:$D$791,Control!$B$10))*100,"") | K6: =IFERROR(E6-J6,"") | L6: =IFERROR((INDEX(HIST_D!$AF$8:$AF$791,1)-INDEX(HIST_D!$AF$8:$AF$791,Control!$B$11))*100,"") | M6: =IFERROR((INDEX(HIST_D!$D$8:$D$791,1)-INDEX(HIST_D!$D$8:$D$791,Control!$B$11))*100,"") | N6: =IFERROR(L6-M6,"") | O6: =IFERROR(IF(ABS(M6)<Control!$B$13,"n/m",L6/M6),"n/m") | P6: =IFERROR(SLOPE(HIST_D!$BY$8:INDEX(HIST_D!$BY$8:$BY$791,Control!$B$12),HIST_D!$BV$8:INDEX(HIST_D!$BV$8:$BV$791,Control!$B$12)),"") | Q6: =IFERROR(P6*(INDEX(HIST_D!$D$8:$D$791,1)-INDEX(HIST_D!$D$8:$D$791,Control!$B$11))*100,"") | R6: =IFERROR(L6-Q6,"")
A7: Mexico | B7: LatAm | C7: =INDEX(HIST_D!$AG$8:$AG$791,1) | D7: yes | E7: =IFERROR((INDEX(HIST_D!$AG$8:$AG$791,1)-INDEX(HIST_D!$AG$8:$AG$791,Control!$B$10))*100,"") | F7: =IFERROR((INDEX(HIST_D!$D$8:$D$791,1)-INDEX(HIST_D!$D$8:$D$791,Control!$B$10))*100,"") | G7: =IFERROR(E7-F7,"") | H7: =IFERROR(IF(ABS(F7)<Control!$B$13,"n/m",E7/F7),"n/m") | I7: =IFERROR(SLOPE(HIST_D!$BZ$8:INDEX(HIST_D!$BZ$8:$BZ$791,Control!$B$12),HIST_D!$BV$8:INDEX(HIST_D!$BV$8:$BV$791,Control!$B$12)),"") | J7: =IFERROR(I7*(INDEX(HIST_D!$D$8:$D$791,1)-INDEX(HIST_D!$D$8:$D$791,Control!$B$10))*100,"") | K7: =IFERROR(E7-J7,"") | L7: =IFERROR((INDEX(HIST_D!$AG$8:$AG$791,1)-INDEX(HIST_D!$AG$8:$AG$791,Control!$B$11))*100,"") | M7: =IFERROR((INDEX(HIST_D!$D$8:$D$791,1)-INDEX(HIST_D!$D$8:$D$791,Control!$B$11))*100,"") | N7: =IFERROR(L7-M7,"") | O7: =IFERROR(IF(ABS(M7)<Control!$B$13,"n/m",L7/M7),"n/m") | P7: =IFERROR(SLOPE(HIST_D!$BZ$8:INDEX(HIST_D!$BZ$8:$BZ$791,Control!$B$12),HIST_D!$BV$8:INDEX(HIST_D!$BV$8:$BV$791,Control!$B$12)),"") | Q7: =IFERROR(P7*(INDEX(HIST_D!$D$8:$D$791,1)-INDEX(HIST_D!$D$8:$D$791,Control!$B$11))*100,"") | R7: =IFERROR(L7-Q7,"")
A8: Chile | B8: LatAm | C8: =INDEX(HIST_D!$AH$8:$AH$791,1) | D8: yes | E8: =IFERROR((INDEX(HIST_D!$AH$8:$AH$791,1)-INDEX(HIST_D!$AH$8:$AH$791,Control!$B$10))*100,"") | F8: =IFERROR((INDEX(HIST_D!$D$8:$D$791,1)-INDEX(HIST_D!$D$8:$D$791,Control!$B$10))*100,"") | G8: =IFERROR(E8-F8,"") | H8: =IFERROR(IF(ABS(F8)<Control!$B$13,"n/m",E8/F8),"n/m") | I8: =IFERROR(SLOPE(HIST_D!$CA$8:INDEX(HIST_D!$CA$8:$CA$791,Control!$B$12),HIST_D!$BV$8:INDEX(HIST_D!$BV$8:$BV$791,Control!$B$12)),"") | J8: =IFERROR(I8*(INDEX(HIST_D!$D$8:$D$791,1)-INDEX(HIST_D!$D$8:$D$791,Control!$B$10))*100,"") | K8: =IFERROR(E8-J8,"") | L8: =IFERROR((INDEX(HIST_D!$AH$8:$AH$791,1)-INDEX(HIST_D!$AH$8:$AH$791,Control!$B$11))*100,"") | M8: =IFERROR((INDEX(HIST_D!$D$8:$D$791,1)-INDEX(HIST_D!$D$8:$D$791,Control!$B$11))*100,"") | N8: =IFERROR(L8-M8,"") | O8: =IFERROR(IF(ABS(M8)<Control!$B$13,"n/m",L8/M8),"n/m") | P8: =IFERROR(SLOPE(HIST_D!$CA$8:INDEX(HIST_D!$CA$8:$CA$791,Control!$B$12),HIST_D!$BV$8:INDEX(HIST_D!$BV$8:$BV$791,Control!$B$12)),"") | Q8: =IFERROR(P8*(INDEX(HIST_D!$D$8:$D$791,1)-INDEX(HIST_D!$D$8:$D$791,Control!$B$11))*100,"") | R8: =IFERROR(L8-Q8,"")
A9: Colombia | B9: LatAm | C9: =INDEX(HIST_D!$AI$8:$AI$791,1) | D9: yes | E9: =IFERROR((INDEX(HIST_D!$AI$8:$AI$791,1)-INDEX(HIST_D!$AI$8:$AI$791,Control!$B$10))*100,"") | F9: =IFERROR((INDEX(HIST_D!$D$8:$D$791,1)-INDEX(HIST_D!$D$8:$D$791,Control!$B$10))*100,"") | G9: =IFERROR(E9-F9,"") | H9: =IFERROR(IF(ABS(F9)<Control!$B$13,"n/m",E9/F9),"n/m") | I9: =IFERROR(SLOPE(HIST_D!$CB$8:INDEX(HIST_D!$CB$8:$CB$791,Control!$B$12),HIST_D!$BV$8:INDEX(HIST_D!$BV$8:$BV$791,Control!$B$12)),"") | J9: =IFERROR(I9*(INDEX(HIST_D!$D$8:$D$791,1)-INDEX(HIST_D!$D$8:$D$791,Control!$B$10))*100,"") | K9: =IFERROR(E9-J9,"") | L9: =IFERROR((INDEX(HIST_D!$AI$8:$AI$791,1)-INDEX(HIST_D!$AI$8:$AI$791,Control!$B$11))*100,"") | M9: =IFERROR((INDEX(HIST_D!$D$8:$D$791,1)-INDEX(HIST_D!$D$8:$D$791,Control!$B$11))*100,"") | N9: =IFERROR(L9-M9,"") | O9: =IFERROR(IF(ABS(M9)<Control!$B$13,"n/m",L9/M9),"n/m") | P9: =IFERROR(SLOPE(HIST_D!$CB$8:INDEX(HIST_D!$CB$8:$CB$791,Control!$B$12),HIST_D!$BV$8:INDEX(HIST_D!$BV$8:$BV$791,Control!$B$12)),"") | Q9: =IFERROR(P9*(INDEX(HIST_D!$D$8:$D$791,1)-INDEX(HIST_D!$D$8:$D$791,Control!$B$11))*100,"") | R9: =IFERROR(L9-Q9,"")
A10: Peru | B10: LatAm | C10: =INDEX(HIST_D!$AJ$8:$AJ$791,1) | D10: yes | E10: =IFERROR((INDEX(HIST_D!$AJ$8:$AJ$791,1)-INDEX(HIST_D!$AJ$8:$AJ$791,Control!$B$10))*100,"") | F10: =IFERROR((INDEX(HIST_D!$D$8:$D$791,1)-INDEX(HIST_D!$D$8:$D$791,Control!$B$10))*100,"") | G10: =IFERROR(E10-F10,"") | H10: =IFERROR(IF(ABS(F10)<Control!$B$13,"n/m",E10/F10),"n/m") | I10: =IFERROR(SLOPE(HIST_D!$CC$8:INDEX(HIST_D!$CC$8:$CC$791,Control!$B$12),HIST_D!$BV$8:INDEX(HIST_D!$BV$8:$BV$791,Control!$B$12)),"") | J10: =IFERROR(I10*(INDEX(HIST_D!$D$8:$D$791,1)-INDEX(HIST_D!$D$8:$D$791,Control!$B$10))*100,"") | K10: =IFERROR(E10-J10,"") | L10: =IFERROR((INDEX(HIST_D!$AJ$8:$AJ$791,1)-INDEX(HIST_D!$AJ$8:$AJ$791,Control!$B$11))*100,"") | M10: =IFERROR((INDEX(HIST_D!$D$8:$D$791,1)-INDEX(HIST_D!$D$8:$D$791,Control!$B$11))*100,"") | N10: =IFERROR(L10-M10,"") | O10: =IFERROR(IF(ABS(M10)<Control!$B$13,"n/m",L10/M10),"n/m") | P10: =IFERROR(SLOPE(HIST_D!$CC$8:INDEX(HIST_D!$CC$8:$CC$791,Control!$B$12),HIST_D!$BV$8:INDEX(HIST_D!$BV$8:$BV$791,Control!$B$12)),"") | Q10: =IFERROR(P10*(INDEX(HIST_D!$D$8:$D$791,1)-INDEX(HIST_D!$D$8:$D$791,Control!$B$11))*100,"") | R10: =IFERROR(L10-Q10,"")
A11: LatAm average | B11: n=5 | E11: =IFERROR(AVERAGE(E6,E7,E8,E9,E10),"") | F11: =IFERROR(AVERAGE(F6,F7,F8,F9,F10),"") | G11: =IFERROR(AVERAGE(G6,G7,G8,G9,G10),"") | H11: =IFERROR(IF(ABS(F11)<Control!$B$13,"n/m",E11/F11),"n/m") | I11: =IFERROR(AVERAGE(I6,I7,I8,I9,I10),"") | J11: =IFERROR(AVERAGE(J6,J7,J8,J9,J10),"") | K11: =IFERROR(AVERAGE(K6,K7,K8,K9,K10),"") | L11: =IFERROR(AVERAGE(L6,L7,L8,L9,L10),"") | M11: =IFERROR(AVERAGE(M6,M7,M8,M9,M10),"") | N11: =IFERROR(AVERAGE(N6,N7,N8,N9,N10),"") | O11: =IFERROR(IF(ABS(M11)<Control!$B$13,"n/m",L11/M11),"n/m") | P11: =IFERROR(AVERAGE(P6,P7,P8,P9,P10),"") | Q11: =IFERROR(AVERAGE(Q6,Q7,Q8,Q9,Q10),"") | R11: =IFERROR(AVERAGE(R6,R7,R8,R9,R10),"")
A12: =IFERROR("LatAm: local 10Y "&TEXT($E$11,"+0;-0")&"bp on the month against UST 10Y "&TEXT($F$11,"+0;-0")&"bp, so the gap to Treasuries moved "&TEXT($G$11,"+0;-0")&"bp"&IF(ISNUMBER($H$11)," (pass-through "&TEXT($H$11,"0.00")&"x)","")&". History (2y beta "&TEXT($I$11,"0.00")&") would have predicted "&TEXT($J$11,"+0;-0")&"bp; the surprise is "&TEXT($K$11,"+0;-0")&"bp. YTD: "&TEXT($L$11,"+0;-0")&"bp against "&TEXT($M$11,"+0;-0")&"bp, gap "&TEXT($N$11,"+0;-0")&"bp"&IF(ISNUMBER($O$11)," (pass-through "&TEXT($O$11,"0.00")&"x)","")&". "&IF($K$11<-5,"The curve did better than its own history — absorbed.",IF($K$11>5,"The curve did worse than its own history — imported.","Moved in line with its own history.")),"")
A14: EM EUROPE
A15: Country | B15: Region | C15: Level | D15: In avg | E15: 1M: Total move (bp) | F15: 1M: US-driven: d UST 10Y (bp) | G15: 1M: Intrinsic: d gap to UST (bp) | H15: 1M: Pass-through (total / US) | I15: 1M: Beta to UST 10Y (2y) | J15: 1M: Predicted by beta (bp) | K15: 1M: Surprise: actual less predicted (bp) | L15: YTD: Total move (bp) | M15: YTD: US-driven: d UST 10Y (bp) | N15: YTD: Intrinsic: d gap to UST (bp) | O15: YTD: Pass-through (total / US) | P15: YTD: Beta to UST 10Y (2y) | Q15: YTD: Predicted by beta (bp) | R15: YTD: Surprise: actual less predicted (bp)
A16: Poland | B16: EM Europe | C16: =INDEX(HIST_D!$AK$8:$AK$791,1) | D16: yes | E16: =IFERROR((INDEX(HIST_D!$AK$8:$AK$791,1)-INDEX(HIST_D!$AK$8:$AK$791,Control!$B$10))*100,"") | F16: =IFERROR((INDEX(HIST_D!$D$8:$D$791,1)-INDEX(HIST_D!$D$8:$D$791,Control!$B$10))*100,"") | G16: =IFERROR(E16-F16,"") | H16: =IFERROR(IF(ABS(F16)<Control!$B$13,"n/m",E16/F16),"n/m") | I16: =IFERROR(SLOPE(HIST_D!$CD$8:INDEX(HIST_D!$CD$8:$CD$791,Control!$B$12),HIST_D!$BV$8:INDEX(HIST_D!$BV$8:$BV$791,Control!$B$12)),"") | J16: =IFERROR(I16*(INDEX(HIST_D!$D$8:$D$791,1)-INDEX(HIST_D!$D$8:$D$791,Control!$B$10))*100,"") | K16: =IFERROR(E16-J16,"") | L16: =IFERROR((INDEX(HIST_D!$AK$8:$AK$791,1)-INDEX(HIST_D!$AK$8:$AK$791,Control!$B$11))*100,"") | M16: =IFERROR((INDEX(HIST_D!$D$8:$D$791,1)-INDEX(HIST_D!$D$8:$D$791,Control!$B$11))*100,"") | N16: =IFERROR(L16-M16,"") | O16: =IFERROR(IF(ABS(M16)<Control!$B$13,"n/m",L16/M16),"n/m") | P16: =IFERROR(SLOPE(HIST_D!$CD$8:INDEX(HIST_D!$CD$8:$CD$791,Control!$B$12),HIST_D!$BV$8:INDEX(HIST_D!$BV$8:$BV$791,Control!$B$12)),"") | Q16: =IFERROR(P16*(INDEX(HIST_D!$D$8:$D$791,1)-INDEX(HIST_D!$D$8:$D$791,Control!$B$11))*100,"") | R16: =IFERROR(L16-Q16,"")
A17: Hungary | B17: EM Europe | C17: =INDEX(HIST_D!$AL$8:$AL$791,1) | D17: yes | E17: =IFERROR((INDEX(HIST_D!$AL$8:$AL$791,1)-INDEX(HIST_D!$AL$8:$AL$791,Control!$B$10))*100,"") | F17: =IFERROR((INDEX(HIST_D!$D$8:$D$791,1)-INDEX(HIST_D!$D$8:$D$791,Control!$B$10))*100,"") | G17: =IFERROR(E17-F17,"") | H17: =IFERROR(IF(ABS(F17)<Control!$B$13,"n/m",E17/F17),"n/m") | I17: =IFERROR(SLOPE(HIST_D!$CE$8:INDEX(HIST_D!$CE$8:$CE$791,Control!$B$12),HIST_D!$BV$8:INDEX(HIST_D!$BV$8:$BV$791,Control!$B$12)),"") | J17: =IFERROR(I17*(INDEX(HIST_D!$D$8:$D$791,1)-INDEX(HIST_D!$D$8:$D$791,Control!$B$10))*100,"") | K17: =IFERROR(E17-J17,"") | L17: =IFERROR((INDEX(HIST_D!$AL$8:$AL$791,1)-INDEX(HIST_D!$AL$8:$AL$791,Control!$B$11))*100,"") | M17: =IFERROR((INDEX(HIST_D!$D$8:$D$791,1)-INDEX(HIST_D!$D$8:$D$791,Control!$B$11))*100,"") | N17: =IFERROR(L17-M17,"") | O17: =IFERROR(IF(ABS(M17)<Control!$B$13,"n/m",L17/M17),"n/m") | P17: =IFERROR(SLOPE(HIST_D!$CE$8:INDEX(HIST_D!$CE$8:$CE$791,Control!$B$12),HIST_D!$BV$8:INDEX(HIST_D!$BV$8:$BV$791,Control!$B$12)),"") | Q17: =IFERROR(P17*(INDEX(HIST_D!$D$8:$D$791,1)-INDEX(HIST_D!$D$8:$D$791,Control!$B$11))*100,"") | R17: =IFERROR(L17-Q17,"")
A18: Czechia | B18: EM Europe | C18: =INDEX(HIST_D!$AM$8:$AM$791,1) | D18: yes | E18: =IFERROR((INDEX(HIST_D!$AM$8:$AM$791,1)-INDEX(HIST_D!$AM$8:$AM$791,Control!$B$10))*100,"") | F18: =IFERROR((INDEX(HIST_D!$D$8:$D$791,1)-INDEX(HIST_D!$D$8:$D$791,Control!$B$10))*100,"") | G18: =IFERROR(E18-F18,"") | H18: =IFERROR(IF(ABS(F18)<Control!$B$13,"n/m",E18/F18),"n/m") | I18: =IFERROR(SLOPE(HIST_D!$CF$8:INDEX(HIST_D!$CF$8:$CF$791,Control!$B$12),HIST_D!$BV$8:INDEX(HIST_D!$BV$8:$BV$791,Control!$B$12)),"") | J18: =IFERROR(I18*(INDEX(HIST_D!$D$8:$D$791,1)-INDEX(HIST_D!$D$8:$D$791,Control!$B$10))*100,"") | K18: =IFERROR(E18-J18,"") | L18: =IFERROR((INDEX(HIST_D!$AM$8:$AM$791,1)-INDEX(HIST_D!$AM$8:$AM$791,Control!$B$11))*100,"") | M18: =IFERROR((INDEX(HIST_D!$D$8:$D$791,1)-INDEX(HIST_D!$D$8:$D$791,Control!$B$11))*100,"") | N18: =IFERROR(L18-M18,"") | O18: =IFERROR(IF(ABS(M18)<Control!$B$13,"n/m",L18/M18),"n/m") | P18: =IFERROR(SLOPE(HIST_D!$CF$8:INDEX(HIST_D!$CF$8:$CF$791,Control!$B$12),HIST_D!$BV$8:INDEX(HIST_D!$BV$8:$BV$791,Control!$B$12)),"") | Q18: =IFERROR(P18*(INDEX(HIST_D!$D$8:$D$791,1)-INDEX(HIST_D!$D$8:$D$791,Control!$B$11))*100,"") | R18: =IFERROR(L18-Q18,"")
A19: Romania | B19: EM Europe | C19: =INDEX(HIST_D!$AN$8:$AN$791,1) | D19: yes | E19: =IFERROR((INDEX(HIST_D!$AN$8:$AN$791,1)-INDEX(HIST_D!$AN$8:$AN$791,Control!$B$10))*100,"") | F19: =IFERROR((INDEX(HIST_D!$D$8:$D$791,1)-INDEX(HIST_D!$D$8:$D$791,Control!$B$10))*100,"") | G19: =IFERROR(E19-F19,"") | H19: =IFERROR(IF(ABS(F19)<Control!$B$13,"n/m",E19/F19),"n/m") | I19: =IFERROR(SLOPE(HIST_D!$CG$8:INDEX(HIST_D!$CG$8:$CG$791,Control!$B$12),HIST_D!$BV$8:INDEX(HIST_D!$BV$8:$BV$791,Control!$B$12)),"") | J19: =IFERROR(I19*(INDEX(HIST_D!$D$8:$D$791,1)-INDEX(HIST_D!$D$8:$D$791,Control!$B$10))*100,"") | K19: =IFERROR(E19-J19,"") | L19: =IFERROR((INDEX(HIST_D!$AN$8:$AN$791,1)-INDEX(HIST_D!$AN$8:$AN$791,Control!$B$11))*100,"") | M19: =IFERROR((INDEX(HIST_D!$D$8:$D$791,1)-INDEX(HIST_D!$D$8:$D$791,Control!$B$11))*100,"") | N19: =IFERROR(L19-M19,"") | O19: =IFERROR(IF(ABS(M19)<Control!$B$13,"n/m",L19/M19),"n/m") | P19: =IFERROR(SLOPE(HIST_D!$CG$8:INDEX(HIST_D!$CG$8:$CG$791,Control!$B$12),HIST_D!$BV$8:INDEX(HIST_D!$BV$8:$BV$791,Control!$B$12)),"") | Q19: =IFERROR(P19*(INDEX(HIST_D!$D$8:$D$791,1)-INDEX(HIST_D!$D$8:$D$791,Control!$B$11))*100,"") | R19: =IFERROR(L19-Q19,"")
A20: Turkiye | B20: EM Europe | C20: =INDEX(HIST_D!$AO$8:$AO$791,1) | D20: no | E20: =IFERROR((INDEX(HIST_D!$AO$8:$AO$791,1)-INDEX(HIST_D!$AO$8:$AO$791,Control!$B$10))*100,"") | F20: =IFERROR((INDEX(HIST_D!$D$8:$D$791,1)-INDEX(HIST_D!$D$8:$D$791,Control!$B$10))*100,"") | G20: =IFERROR(E20-F20,"") | H20: =IFERROR(IF(ABS(F20)<Control!$B$13,"n/m",E20/F20),"n/m") | I20: =IFERROR(SLOPE(HIST_D!$CH$8:INDEX(HIST_D!$CH$8:$CH$791,Control!$B$12),HIST_D!$BV$8:INDEX(HIST_D!$BV$8:$BV$791,Control!$B$12)),"") | J20: =IFERROR(I20*(INDEX(HIST_D!$D$8:$D$791,1)-INDEX(HIST_D!$D$8:$D$791,Control!$B$10))*100,"") | K20: =IFERROR(E20-J20,"") | L20: =IFERROR((INDEX(HIST_D!$AO$8:$AO$791,1)-INDEX(HIST_D!$AO$8:$AO$791,Control!$B$11))*100,"") | M20: =IFERROR((INDEX(HIST_D!$D$8:$D$791,1)-INDEX(HIST_D!$D$8:$D$791,Control!$B$11))*100,"") | N20: =IFERROR(L20-M20,"") | O20: =IFERROR(IF(ABS(M20)<Control!$B$13,"n/m",L20/M20),"n/m") | P20: =IFERROR(SLOPE(HIST_D!$CH$8:INDEX(HIST_D!$CH$8:$CH$791,Control!$B$12),HIST_D!$BV$8:INDEX(HIST_D!$BV$8:$BV$791,Control!$B$12)),"") | Q20: =IFERROR(P20*(INDEX(HIST_D!$D$8:$D$791,1)-INDEX(HIST_D!$D$8:$D$791,Control!$B$11))*100,"") | R20: =IFERROR(L20-Q20,"") | S20: excluded from rates and FX averages: structural depreciation and a 30% curve swamp an equal weight
A21: EM Europe average | B21: n=4 | E21: =IFERROR(AVERAGE(E16,E17,E18,E19),"") | F21: =IFERROR(AVERAGE(F16,F17,F18,F19),"") | G21: =IFERROR(AVERAGE(G16,G17,G18,G19),"") | H21: =IFERROR(IF(ABS(F21)<Control!$B$13,"n/m",E21/F21),"n/m") | I21: =IFERROR(AVERAGE(I16,I17,I18,I19),"") | J21: =IFERROR(AVERAGE(J16,J17,J18,J19),"") | K21: =IFERROR(AVERAGE(K16,K17,K18,K19),"") | L21: =IFERROR(AVERAGE(L16,L17,L18,L19),"") | M21: =IFERROR(AVERAGE(M16,M17,M18,M19),"") | N21: =IFERROR(AVERAGE(N16,N17,N18,N19),"") | O21: =IFERROR(IF(ABS(M21)<Control!$B$13,"n/m",L21/M21),"n/m") | P21: =IFERROR(AVERAGE(P16,P17,P18,P19),"") | Q21: =IFERROR(AVERAGE(Q16,Q17,Q18,Q19),"") | R21: =IFERROR(AVERAGE(R16,R17,R18,R19),"")
A22: =IFERROR("EM Europe: local 10Y "&TEXT($E$21,"+0;-0")&"bp on the month against UST 10Y "&TEXT($F$21,"+0;-0")&"bp, so the gap to Treasuries moved "&TEXT($G$21,"+0;-0")&"bp"&IF(ISNUMBER($H$21)," (pass-through "&TEXT($H$21,"0.00")&"x)","")&". History (2y beta "&TEXT($I$21,"0.00")&") would have predicted "&TEXT($J$21,"+0;-0")&"bp; the surprise is "&TEXT($K$21,"+0;-0")&"bp. YTD: "&TEXT($L$21,"+0;-0")&"bp against "&TEXT($M$21,"+0;-0")&"bp, gap "&TEXT($N$21,"+0;-0")&"bp"&IF(ISNUMBER($O$21)," (pass-through "&TEXT($O$21,"0.00")&"x)","")&". "&IF($K$21<-5,"The curve did better than its own history — absorbed.",IF($K$21>5,"The curve did worse than its own history — imported.","Moved in line with its own history.")),"")
A24: MIDDLE EAST
A25: Country | B25: Region | C25: Level | D25: In avg | E25: 1M: Total move (bp) | F25: 1M: US-driven: d UST 10Y (bp) | G25: 1M: Intrinsic: d gap to UST (bp) | H25: 1M: Pass-through (total / US) | I25: 1M: Beta to UST 10Y (2y) | J25: 1M: Predicted by beta (bp) | K25: 1M: Surprise: actual less predicted (bp) | L25: YTD: Total move (bp) | M25: YTD: US-driven: d UST 10Y (bp) | N25: YTD: Intrinsic: d gap to UST (bp) | O25: YTD: Pass-through (total / US) | P25: YTD: Beta to UST 10Y (2y) | Q25: YTD: Predicted by beta (bp) | R25: YTD: Surprise: actual less predicted (bp)
A26: Israel | B26: Middle East | C26: =INDEX(HIST_D!$AP$8:$AP$791,1) | D26: yes | E26: =IFERROR((INDEX(HIST_D!$AP$8:$AP$791,1)-INDEX(HIST_D!$AP$8:$AP$791,Control!$B$10))*100,"") | F26: =IFERROR((INDEX(HIST_D!$D$8:$D$791,1)-INDEX(HIST_D!$D$8:$D$791,Control!$B$10))*100,"") | G26: =IFERROR(E26-F26,"") | H26: =IFERROR(IF(ABS(F26)<Control!$B$13,"n/m",E26/F26),"n/m") | I26: =IFERROR(SLOPE(HIST_D!$CI$8:INDEX(HIST_D!$CI$8:$CI$791,Control!$B$12),HIST_D!$BV$8:INDEX(HIST_D!$BV$8:$BV$791,Control!$B$12)),"") | J26: =IFERROR(I26*(INDEX(HIST_D!$D$8:$D$791,1)-INDEX(HIST_D!$D$8:$D$791,Control!$B$10))*100,"") | K26: =IFERROR(E26-J26,"") | L26: =IFERROR((INDEX(HIST_D!$AP$8:$AP$791,1)-INDEX(HIST_D!$AP$8:$AP$791,Control!$B$11))*100,"") | M26: =IFERROR((INDEX(HIST_D!$D$8:$D$791,1)-INDEX(HIST_D!$D$8:$D$791,Control!$B$11))*100,"") | N26: =IFERROR(L26-M26,"") | O26: =IFERROR(IF(ABS(M26)<Control!$B$13,"n/m",L26/M26),"n/m") | P26: =IFERROR(SLOPE(HIST_D!$CI$8:INDEX(HIST_D!$CI$8:$CI$791,Control!$B$12),HIST_D!$BV$8:INDEX(HIST_D!$BV$8:$BV$791,Control!$B$12)),"") | Q26: =IFERROR(P26*(INDEX(HIST_D!$D$8:$D$791,1)-INDEX(HIST_D!$D$8:$D$791,Control!$B$11))*100,"") | R26: =IFERROR(L26-Q26,"")
A27: Egypt | B27: Middle East | C27: =INDEX(HIST_D!$AQ$8:$AQ$791,1) | D27: yes | E27: =IFERROR((INDEX(HIST_D!$AQ$8:$AQ$791,1)-INDEX(HIST_D!$AQ$8:$AQ$791,Control!$B$10))*100,"") | F27: =IFERROR((INDEX(HIST_D!$D$8:$D$791,1)-INDEX(HIST_D!$D$8:$D$791,Control!$B$10))*100,"") | G27: =IFERROR(E27-F27,"") | H27: =IFERROR(IF(ABS(F27)<Control!$B$13,"n/m",E27/F27),"n/m") | I27: =IFERROR(SLOPE(HIST_D!$CJ$8:INDEX(HIST_D!$CJ$8:$CJ$791,Control!$B$12),HIST_D!$BV$8:INDEX(HIST_D!$BV$8:$BV$791,Control!$B$12)),"") | J27: =IFERROR(I27*(INDEX(HIST_D!$D$8:$D$791,1)-INDEX(HIST_D!$D$8:$D$791,Control!$B$10))*100,"") | K27: =IFERROR(E27-J27,"") | L27: =IFERROR((INDEX(HIST_D!$AQ$8:$AQ$791,1)-INDEX(HIST_D!$AQ$8:$AQ$791,Control!$B$11))*100,"") | M27: =IFERROR((INDEX(HIST_D!$D$8:$D$791,1)-INDEX(HIST_D!$D$8:$D$791,Control!$B$11))*100,"") | N27: =IFERROR(L27-M27,"") | O27: =IFERROR(IF(ABS(M27)<Control!$B$13,"n/m",L27/M27),"n/m") | P27: =IFERROR(SLOPE(HIST_D!$CJ$8:INDEX(HIST_D!$CJ$8:$CJ$791,Control!$B$12),HIST_D!$BV$8:INDEX(HIST_D!$BV$8:$BV$791,Control!$B$12)),"") | Q27: =IFERROR(P27*(INDEX(HIST_D!$D$8:$D$791,1)-INDEX(HIST_D!$D$8:$D$791,Control!$B$11))*100,"") | R27: =IFERROR(L27-Q27,"") | S27: excluded from FX average: managed float with step devaluations; GTEGP10Y is Verify
A28: Middle East average | B28: n=2 | E28: =IFERROR(AVERAGE(E26,E27),"") | F28: =IFERROR(AVERAGE(F26,F27),"") | G28: =IFERROR(AVERAGE(G26,G27),"") | H28: =IFERROR(IF(ABS(F28)<Control!$B$13,"n/m",E28/F28),"n/m") | I28: =IFERROR(AVERAGE(I26,I27),"") | J28: =IFERROR(AVERAGE(J26,J27),"") | K28: =IFERROR(AVERAGE(K26,K27),"") | L28: =IFERROR(AVERAGE(L26,L27),"") | M28: =IFERROR(AVERAGE(M26,M27),"") | N28: =IFERROR(AVERAGE(N26,N27),"") | O28: =IFERROR(IF(ABS(M28)<Control!$B$13,"n/m",L28/M28),"n/m") | P28: =IFERROR(AVERAGE(P26,P27),"") | Q28: =IFERROR(AVERAGE(Q26,Q27),"") | R28: =IFERROR(AVERAGE(R26,R27),"")
A29: =IFERROR("Middle East: local 10Y "&TEXT($E$28,"+0;-0")&"bp on the month against UST 10Y "&TEXT($F$28,"+0;-0")&"bp, so the gap to Treasuries moved "&TEXT($G$28,"+0;-0")&"bp"&IF(ISNUMBER($H$28)," (pass-through "&TEXT($H$28,"0.00")&"x)","")&". History (2y beta "&TEXT($I$28,"0.00")&") would have predicted "&TEXT($J$28,"+0;-0")&"bp; the surprise is "&TEXT($K$28,"+0;-0")&"bp. YTD: "&TEXT($L$28,"+0;-0")&"bp against "&TEXT($M$28,"+0;-0")&"bp, gap "&TEXT($N$28,"+0;-0")&"bp"&IF(ISNUMBER($O$28)," (pass-through "&TEXT($O$28,"0.00")&"x)","")&". "&IF($K$28<-5,"The curve did better than its own history — absorbed.",IF($K$28>5,"The curve did worse than its own history — imported.","Moved in line with its own history.")),"")
A31: EM ASIA
A32: Country | B32: Region | C32: Level | D32: In avg | E32: 1M: Total move (bp) | F32: 1M: US-driven: d UST 10Y (bp) | G32: 1M: Intrinsic: d gap to UST (bp) | H32: 1M: Pass-through (total / US) | I32: 1M: Beta to UST 10Y (2y) | J32: 1M: Predicted by beta (bp) | K32: 1M: Surprise: actual less predicted (bp) | L32: YTD: Total move (bp) | M32: YTD: US-driven: d UST 10Y (bp) | N32: YTD: Intrinsic: d gap to UST (bp) | O32: YTD: Pass-through (total / US) | P32: YTD: Beta to UST 10Y (2y) | Q32: YTD: Predicted by beta (bp) | R32: YTD: Surprise: actual less predicted (bp)
A33: China | B33: EM Asia | C33: =INDEX(HIST_D!$AR$8:$AR$791,1) | D33: yes | E33: =IFERROR((INDEX(HIST_D!$AR$8:$AR$791,1)-INDEX(HIST_D!$AR$8:$AR$791,Control!$B$10))*100,"") | F33: =IFERROR((INDEX(HIST_D!$D$8:$D$791,1)-INDEX(HIST_D!$D$8:$D$791,Control!$B$10))*100,"") | G33: =IFERROR(E33-F33,"") | H33: =IFERROR(IF(ABS(F33)<Control!$B$13,"n/m",E33/F33),"n/m") | I33: =IFERROR(SLOPE(HIST_D!$CK$8:INDEX(HIST_D!$CK$8:$CK$791,Control!$B$12),HIST_D!$BV$8:INDEX(HIST_D!$BV$8:$BV$791,Control!$B$12)),"") | J33: =IFERROR(I33*(INDEX(HIST_D!$D$8:$D$791,1)-INDEX(HIST_D!$D$8:$D$791,Control!$B$10))*100,"") | K33: =IFERROR(E33-J33,"") | L33: =IFERROR((INDEX(HIST_D!$AR$8:$AR$791,1)-INDEX(HIST_D!$AR$8:$AR$791,Control!$B$11))*100,"") | M33: =IFERROR((INDEX(HIST_D!$D$8:$D$791,1)-INDEX(HIST_D!$D$8:$D$791,Control!$B$11))*100,"") | N33: =IFERROR(L33-M33,"") | O33: =IFERROR(IF(ABS(M33)<Control!$B$13,"n/m",L33/M33),"n/m") | P33: =IFERROR(SLOPE(HIST_D!$CK$8:INDEX(HIST_D!$CK$8:$CK$791,Control!$B$12),HIST_D!$BV$8:INDEX(HIST_D!$BV$8:$BV$791,Control!$B$12)),"") | Q33: =IFERROR(P33*(INDEX(HIST_D!$D$8:$D$791,1)-INDEX(HIST_D!$D$8:$D$791,Control!$B$11))*100,"") | R33: =IFERROR(L33-Q33,"")
A34: India | B34: EM Asia | C34: =INDEX(HIST_D!$AS$8:$AS$791,1) | D34: yes | E34: =IFERROR((INDEX(HIST_D!$AS$8:$AS$791,1)-INDEX(HIST_D!$AS$8:$AS$791,Control!$B$10))*100,"") | F34: =IFERROR((INDEX(HIST_D!$D$8:$D$791,1)-INDEX(HIST_D!$D$8:$D$791,Control!$B$10))*100,"") | G34: =IFERROR(E34-F34,"") | H34: =IFERROR(IF(ABS(F34)<Control!$B$13,"n/m",E34/F34),"n/m") | I34: =IFERROR(SLOPE(HIST_D!$CL$8:INDEX(HIST_D!$CL$8:$CL$791,Control!$B$12),HIST_D!$BV$8:INDEX(HIST_D!$BV$8:$BV$791,Control!$B$12)),"") | J34: =IFERROR(I34*(INDEX(HIST_D!$D$8:$D$791,1)-INDEX(HIST_D!$D$8:$D$791,Control!$B$10))*100,"") | K34: =IFERROR(E34-J34,"") | L34: =IFERROR((INDEX(HIST_D!$AS$8:$AS$791,1)-INDEX(HIST_D!$AS$8:$AS$791,Control!$B$11))*100,"") | M34: =IFERROR((INDEX(HIST_D!$D$8:$D$791,1)-INDEX(HIST_D!$D$8:$D$791,Control!$B$11))*100,"") | N34: =IFERROR(L34-M34,"") | O34: =IFERROR(IF(ABS(M34)<Control!$B$13,"n/m",L34/M34),"n/m") | P34: =IFERROR(SLOPE(HIST_D!$CL$8:INDEX(HIST_D!$CL$8:$CL$791,Control!$B$12),HIST_D!$BV$8:INDEX(HIST_D!$BV$8:$BV$791,Control!$B$12)),"") | Q34: =IFERROR(P34*(INDEX(HIST_D!$D$8:$D$791,1)-INDEX(HIST_D!$D$8:$D$791,Control!$B$11))*100,"") | R34: =IFERROR(L34-Q34,"") | S34: no sovereign USD debt, no CDS — rates and FX only
A35: Indonesia | B35: EM Asia | C35: =INDEX(HIST_D!$AT$8:$AT$791,1) | D35: yes | E35: =IFERROR((INDEX(HIST_D!$AT$8:$AT$791,1)-INDEX(HIST_D!$AT$8:$AT$791,Control!$B$10))*100,"") | F35: =IFERROR((INDEX(HIST_D!$D$8:$D$791,1)-INDEX(HIST_D!$D$8:$D$791,Control!$B$10))*100,"") | G35: =IFERROR(E35-F35,"") | H35: =IFERROR(IF(ABS(F35)<Control!$B$13,"n/m",E35/F35),"n/m") | I35: =IFERROR(SLOPE(HIST_D!$CM$8:INDEX(HIST_D!$CM$8:$CM$791,Control!$B$12),HIST_D!$BV$8:INDEX(HIST_D!$BV$8:$BV$791,Control!$B$12)),"") | J35: =IFERROR(I35*(INDEX(HIST_D!$D$8:$D$791,1)-INDEX(HIST_D!$D$8:$D$791,Control!$B$10))*100,"") | K35: =IFERROR(E35-J35,"") | L35: =IFERROR((INDEX(HIST_D!$AT$8:$AT$791,1)-INDEX(HIST_D!$AT$8:$AT$791,Control!$B$11))*100,"") | M35: =IFERROR((INDEX(HIST_D!$D$8:$D$791,1)-INDEX(HIST_D!$D$8:$D$791,Control!$B$11))*100,"") | N35: =IFERROR(L35-M35,"") | O35: =IFERROR(IF(ABS(M35)<Control!$B$13,"n/m",L35/M35),"n/m") | P35: =IFERROR(SLOPE(HIST_D!$CM$8:INDEX(HIST_D!$CM$8:$CM$791,Control!$B$12),HIST_D!$BV$8:INDEX(HIST_D!$BV$8:$BV$791,Control!$B$12)),"") | Q35: =IFERROR(P35*(INDEX(HIST_D!$D$8:$D$791,1)-INDEX(HIST_D!$D$8:$D$791,Control!$B$11))*100,"") | R35: =IFERROR(L35-Q35,"")
A36: Korea | B36: EM Asia | C36: =INDEX(HIST_D!$AU$8:$AU$791,1) | D36: yes | E36: =IFERROR((INDEX(HIST_D!$AU$8:$AU$791,1)-INDEX(HIST_D!$AU$8:$AU$791,Control!$B$10))*100,"") | F36: =IFERROR((INDEX(HIST_D!$D$8:$D$791,1)-INDEX(HIST_D!$D$8:$D$791,Control!$B$10))*100,"") | G36: =IFERROR(E36-F36,"") | H36: =IFERROR(IF(ABS(F36)<Control!$B$13,"n/m",E36/F36),"n/m") | I36: =IFERROR(SLOPE(HIST_D!$CN$8:INDEX(HIST_D!$CN$8:$CN$791,Control!$B$12),HIST_D!$BV$8:INDEX(HIST_D!$BV$8:$BV$791,Control!$B$12)),"") | J36: =IFERROR(I36*(INDEX(HIST_D!$D$8:$D$791,1)-INDEX(HIST_D!$D$8:$D$791,Control!$B$10))*100,"") | K36: =IFERROR(E36-J36,"") | L36: =IFERROR((INDEX(HIST_D!$AU$8:$AU$791,1)-INDEX(HIST_D!$AU$8:$AU$791,Control!$B$11))*100,"") | M36: =IFERROR((INDEX(HIST_D!$D$8:$D$791,1)-INDEX(HIST_D!$D$8:$D$791,Control!$B$11))*100,"") | N36: =IFERROR(L36-M36,"") | O36: =IFERROR(IF(ABS(M36)<Control!$B$13,"n/m",L36/M36),"n/m") | P36: =IFERROR(SLOPE(HIST_D!$CN$8:INDEX(HIST_D!$CN$8:$CN$791,Control!$B$12),HIST_D!$BV$8:INDEX(HIST_D!$BV$8:$BV$791,Control!$B$12)),"") | Q36: =IFERROR(P36*(INDEX(HIST_D!$D$8:$D$791,1)-INDEX(HIST_D!$D$8:$D$791,Control!$B$11))*100,"") | R36: =IFERROR(L36-Q36,"")
A37: Thailand | B37: EM Asia | C37: =INDEX(HIST_D!$AV$8:$AV$791,1) | D37: yes | E37: =IFERROR((INDEX(HIST_D!$AV$8:$AV$791,1)-INDEX(HIST_D!$AV$8:$AV$791,Control!$B$10))*100,"") | F37: =IFERROR((INDEX(HIST_D!$D$8:$D$791,1)-INDEX(HIST_D!$D$8:$D$791,Control!$B$10))*100,"") | G37: =IFERROR(E37-F37,"") | H37: =IFERROR(IF(ABS(F37)<Control!$B$13,"n/m",E37/F37),"n/m") | I37: =IFERROR(SLOPE(HIST_D!$CO$8:INDEX(HIST_D!$CO$8:$CO$791,Control!$B$12),HIST_D!$BV$8:INDEX(HIST_D!$BV$8:$BV$791,Control!$B$12)),"") | J37: =IFERROR(I37*(INDEX(HIST_D!$D$8:$D$791,1)-INDEX(HIST_D!$D$8:$D$791,Control!$B$10))*100,"") | K37: =IFERROR(E37-J37,"") | L37: =IFERROR((INDEX(HIST_D!$AV$8:$AV$791,1)-INDEX(HIST_D!$AV$8:$AV$791,Control!$B$11))*100,"") | M37: =IFERROR((INDEX(HIST_D!$D$8:$D$791,1)-INDEX(HIST_D!$D$8:$D$791,Control!$B$11))*100,"") | N37: =IFERROR(L37-M37,"") | O37: =IFERROR(IF(ABS(M37)<Control!$B$13,"n/m",L37/M37),"n/m") | P37: =IFERROR(SLOPE(HIST_D!$CO$8:INDEX(HIST_D!$CO$8:$CO$791,Control!$B$12),HIST_D!$BV$8:INDEX(HIST_D!$BV$8:$BV$791,Control!$B$12)),"") | Q37: =IFERROR(P37*(INDEX(HIST_D!$D$8:$D$791,1)-INDEX(HIST_D!$D$8:$D$791,Control!$B$11))*100,"") | R37: =IFERROR(L37-Q37,"")
A38: Malaysia | B38: EM Asia | C38: =INDEX(HIST_D!$AW$8:$AW$791,1) | D38: yes | E38: =IFERROR((INDEX(HIST_D!$AW$8:$AW$791,1)-INDEX(HIST_D!$AW$8:$AW$791,Control!$B$10))*100,"") | F38: =IFERROR((INDEX(HIST_D!$D$8:$D$791,1)-INDEX(HIST_D!$D$8:$D$791,Control!$B$10))*100,"") | G38: =IFERROR(E38-F38,"") | H38: =IFERROR(IF(ABS(F38)<Control!$B$13,"n/m",E38/F38),"n/m") | I38: =IFERROR(SLOPE(HIST_D!$CP$8:INDEX(HIST_D!$CP$8:$CP$791,Control!$B$12),HIST_D!$BV$8:INDEX(HIST_D!$BV$8:$BV$791,Control!$B$12)),"") | J38: =IFERROR(I38*(INDEX(HIST_D!$D$8:$D$791,1)-INDEX(HIST_D!$D$8:$D$791,Control!$B$10))*100,"") | K38: =IFERROR(E38-J38,"") | L38: =IFERROR((INDEX(HIST_D!$AW$8:$AW$791,1)-INDEX(HIST_D!$AW$8:$AW$791,Control!$B$11))*100,"") | M38: =IFERROR((INDEX(HIST_D!$D$8:$D$791,1)-INDEX(HIST_D!$D$8:$D$791,Control!$B$11))*100,"") | N38: =IFERROR(L38-M38,"") | O38: =IFERROR(IF(ABS(M38)<Control!$B$13,"n/m",L38/M38),"n/m") | P38: =IFERROR(SLOPE(HIST_D!$CP$8:INDEX(HIST_D!$CP$8:$CP$791,Control!$B$12),HIST_D!$BV$8:INDEX(HIST_D!$BV$8:$BV$791,Control!$B$12)),"") | Q38: =IFERROR(P38*(INDEX(HIST_D!$D$8:$D$791,1)-INDEX(HIST_D!$D$8:$D$791,Control!$B$11))*100,"") | R38: =IFERROR(L38-Q38,"")
A39: Philippines | B39: EM Asia | C39: =INDEX(HIST_D!$AX$8:$AX$791,1) | D39: yes | E39: =IFERROR((INDEX(HIST_D!$AX$8:$AX$791,1)-INDEX(HIST_D!$AX$8:$AX$791,Control!$B$10))*100,"") | F39: =IFERROR((INDEX(HIST_D!$D$8:$D$791,1)-INDEX(HIST_D!$D$8:$D$791,Control!$B$10))*100,"") | G39: =IFERROR(E39-F39,"") | H39: =IFERROR(IF(ABS(F39)<Control!$B$13,"n/m",E39/F39),"n/m") | I39: =IFERROR(SLOPE(HIST_D!$CQ$8:INDEX(HIST_D!$CQ$8:$CQ$791,Control!$B$12),HIST_D!$BV$8:INDEX(HIST_D!$BV$8:$BV$791,Control!$B$12)),"") | J39: =IFERROR(I39*(INDEX(HIST_D!$D$8:$D$791,1)-INDEX(HIST_D!$D$8:$D$791,Control!$B$10))*100,"") | K39: =IFERROR(E39-J39,"") | L39: =IFERROR((INDEX(HIST_D!$AX$8:$AX$791,1)-INDEX(HIST_D!$AX$8:$AX$791,Control!$B$11))*100,"") | M39: =IFERROR((INDEX(HIST_D!$D$8:$D$791,1)-INDEX(HIST_D!$D$8:$D$791,Control!$B$11))*100,"") | N39: =IFERROR(L39-M39,"") | O39: =IFERROR(IF(ABS(M39)<Control!$B$13,"n/m",L39/M39),"n/m") | P39: =IFERROR(SLOPE(HIST_D!$CQ$8:INDEX(HIST_D!$CQ$8:$CQ$791,Control!$B$12),HIST_D!$BV$8:INDEX(HIST_D!$BV$8:$BV$791,Control!$B$12)),"") | Q39: =IFERROR(P39*(INDEX(HIST_D!$D$8:$D$791,1)-INDEX(HIST_D!$D$8:$D$791,Control!$B$11))*100,"") | R39: =IFERROR(L39-Q39,"")
A40: EM Asia average | B40: n=7 | E40: =IFERROR(AVERAGE(E33,E34,E35,E36,E37,E38,E39),"") | F40: =IFERROR(AVERAGE(F33,F34,F35,F36,F37,F38,F39),"") | G40: =IFERROR(AVERAGE(G33,G34,G35,G36,G37,G38,G39),"") | H40: =IFERROR(IF(ABS(F40)<Control!$B$13,"n/m",E40/F40),"n/m") | I40: =IFERROR(AVERAGE(I33,I34,I35,I36,I37,I38,I39),"") | J40: =IFERROR(AVERAGE(J33,J34,J35,J36,J37,J38,J39),"") | K40: =IFERROR(AVERAGE(K33,K34,K35,K36,K37,K38,K39),"") | L40: =IFERROR(AVERAGE(L33,L34,L35,L36,L37,L38,L39),"") | M40: =IFERROR(AVERAGE(M33,M34,M35,M36,M37,M38,M39),"") | N40: =IFERROR(AVERAGE(N33,N34,N35,N36,N37,N38,N39),"") | O40: =IFERROR(IF(ABS(M40)<Control!$B$13,"n/m",L40/M40),"n/m") | P40: =IFERROR(AVERAGE(P33,P34,P35,P36,P37,P38,P39),"") | Q40: =IFERROR(AVERAGE(Q33,Q34,Q35,Q36,Q37,Q38,Q39),"") | R40: =IFERROR(AVERAGE(R33,R34,R35,R36,R37,R38,R39),"")
A41: =IFERROR("EM Asia: local 10Y "&TEXT($E$40,"+0;-0")&"bp on the month against UST 10Y "&TEXT($F$40,"+0;-0")&"bp, so the gap to Treasuries moved "&TEXT($G$40,"+0;-0")&"bp"&IF(ISNUMBER($H$40)," (pass-through "&TEXT($H$40,"0.00")&"x)","")&". History (2y beta "&TEXT($I$40,"0.00")&") would have predicted "&TEXT($J$40,"+0;-0")&"bp; the surprise is "&TEXT($K$40,"+0;-0")&"bp. YTD: "&TEXT($L$40,"+0;-0")&"bp against "&TEXT($M$40,"+0;-0")&"bp, gap "&TEXT($N$40,"+0;-0")&"bp"&IF(ISNUMBER($O$40)," (pass-through "&TEXT($O$40,"0.00")&"x)","")&". "&IF($K$40<-5,"The curve did better than its own history — absorbed.",IF($K$40>5,"The curve did worse than its own history — imported.","Moved in line with its own history.")),"")
A43: EM AVERAGE AND MEMO
A44: Country | B44: Region | C44: Level | D44: In avg | E44: 1M: Total move (bp) | F44: 1M: US-driven: d UST 10Y (bp) | G44: 1M: Intrinsic: d gap to UST (bp) | H44: 1M: Pass-through (total / US) | I44: 1M: Beta to UST 10Y (2y) | J44: 1M: Predicted by beta (bp) | K44: 1M: Surprise: actual less predicted (bp) | L44: YTD: Total move (bp) | M44: YTD: US-driven: d UST 10Y (bp) | N44: YTD: Intrinsic: d gap to UST (bp) | O44: YTD: Pass-through (total / US) | P44: YTD: Beta to UST 10Y (2y) | Q44: YTD: Predicted by beta (bp) | R44: YTD: Surprise: actual less predicted (bp)
A45: EM average (all flagged) | B45: n=18 | E45: =IFERROR(AVERAGE(E6,E7,E8,E9,E10,E16,E17,E18,E19,E26,E27,E33,E34,E35,E36,E37,E38,E39),"") | F45: =IFERROR(AVERAGE(F6,F7,F8,F9,F10,F16,F17,F18,F19,F26,F27,F33,F34,F35,F36,F37,F38,F39),"") | G45: =IFERROR(AVERAGE(G6,G7,G8,G9,G10,G16,G17,G18,G19,G26,G27,G33,G34,G35,G36,G37,G38,G39),"") | H45: =IFERROR(IF(ABS(F45)<Control!$B$13,"n/m",E45/F45),"n/m") | I45: =IFERROR(AVERAGE(I6,I7,I8,I9,I10,I16,I17,I18,I19,I26,I27,I33,I34,I35,I36,I37,I38,I39),"") | J45: =IFERROR(AVERAGE(J6,J7,J8,J9,J10,J16,J17,J18,J19,J26,J27,J33,J34,J35,J36,J37,J38,J39),"") | K45: =IFERROR(AVERAGE(K6,K7,K8,K9,K10,K16,K17,K18,K19,K26,K27,K33,K34,K35,K36,K37,K38,K39),"") | L45: =IFERROR(AVERAGE(L6,L7,L8,L9,L10,L16,L17,L18,L19,L26,L27,L33,L34,L35,L36,L37,L38,L39),"") | M45: =IFERROR(AVERAGE(M6,M7,M8,M9,M10,M16,M17,M18,M19,M26,M27,M33,M34,M35,M36,M37,M38,M39),"") | N45: =IFERROR(AVERAGE(N6,N7,N8,N9,N10,N16,N17,N18,N19,N26,N27,N33,N34,N35,N36,N37,N38,N39),"") | O45: =IFERROR(IF(ABS(M45)<Control!$B$13,"n/m",L45/M45),"n/m") | P45: =IFERROR(AVERAGE(P6,P7,P8,P9,P10,P16,P17,P18,P19,P26,P27,P33,P34,P35,P36,P37,P38,P39),"") | Q45: =IFERROR(AVERAGE(Q6,Q7,Q8,Q9,Q10,Q16,Q17,Q18,Q19,Q26,Q27,Q33,Q34,Q35,Q36,Q37,Q38,Q39),"") | R45: =IFERROR(AVERAGE(R6,R7,R8,R9,R10,R16,R17,R18,R19,R26,R27,R33,R34,R35,R36,R37,R38,R39),"")
A46: South Africa | B46: (memo) | C46: =INDEX(HIST_D!$AY$8:$AY$791,1) | D46: no | E46: =IFERROR((INDEX(HIST_D!$AY$8:$AY$791,1)-INDEX(HIST_D!$AY$8:$AY$791,Control!$B$10))*100,"") | F46: =IFERROR((INDEX(HIST_D!$D$8:$D$791,1)-INDEX(HIST_D!$D$8:$D$791,Control!$B$10))*100,"") | G46: =IFERROR(E46-F46,"") | H46: =IFERROR(IF(ABS(F46)<Control!$B$13,"n/m",E46/F46),"n/m") | I46: =IFERROR(SLOPE(HIST_D!$CR$8:INDEX(HIST_D!$CR$8:$CR$791,Control!$B$12),HIST_D!$BV$8:INDEX(HIST_D!$BV$8:$BV$791,Control!$B$12)),"") | J46: =IFERROR(I46*(INDEX(HIST_D!$D$8:$D$791,1)-INDEX(HIST_D!$D$8:$D$791,Control!$B$10))*100,"") | K46: =IFERROR(E46-J46,"") | L46: =IFERROR((INDEX(HIST_D!$AY$8:$AY$791,1)-INDEX(HIST_D!$AY$8:$AY$791,Control!$B$11))*100,"") | M46: =IFERROR((INDEX(HIST_D!$D$8:$D$791,1)-INDEX(HIST_D!$D$8:$D$791,Control!$B$11))*100,"") | N46: =IFERROR(L46-M46,"") | O46: =IFERROR(IF(ABS(M46)<Control!$B$13,"n/m",L46/M46),"n/m") | P46: =IFERROR(SLOPE(HIST_D!$CR$8:INDEX(HIST_D!$CR$8:$CR$791,Control!$B$12),HIST_D!$BV$8:INDEX(HIST_D!$BV$8:$BV$791,Control!$B$12)),"") | Q46: =IFERROR(P46*(INDEX(HIST_D!$D$8:$D$791,1)-INDEX(HIST_D!$D$8:$D$791,Control!$B$11))*100,"") | R46: =IFERROR(L46-Q46,"") | S46: not in any of the four regions you named; shown as a memo line, in no average
A47: =IFERROR("EM: local 10Y "&TEXT($E$45,"+0;-0")&"bp on the month against UST 10Y "&TEXT($F$45,"+0;-0")&"bp, so the gap to Treasuries moved "&TEXT($G$45,"+0;-0")&"bp"&IF(ISNUMBER($H$45)," (pass-through "&TEXT($H$45,"0.00")&"x)","")&". History (2y beta "&TEXT($I$45,"0.00")&") would have predicted "&TEXT($J$45,"+0;-0")&"bp; the surprise is "&TEXT($K$45,"+0;-0")&"bp. YTD: "&TEXT($L$45,"+0;-0")&"bp against "&TEXT($M$45,"+0;-0")&"bp, gap "&TEXT($N$45,"+0;-0")&"bp"&IF(ISNUMBER($O$45)," (pass-through "&TEXT($O$45,"0.00")&"x)","")&". "&IF($K$45<-5,"The curve did better than its own history — absorbed.",IF($K$45>5,"The curve did worse than its own history — imported.","Moved in line with its own history.")),"")

Sheet FX
A1: EM CURRENCIES — return on the currency, by country and region
A2: Return on the EM currency (prior/current - 1, so positive = EM strength) = -(DXY return) + return ex-dollar. US-driven is the dollar under a beta of one; intrinsic is what is left after the dollar. Pass-through = total / US-driven.
A4: LATAM
A5: Country | B5: Region | C5: Level | D5: In avg | E5: 1M: Total: return on EM ccy | F5: 1M: US-driven: -(DXY return) | G5: 1M: Intrinsic: return ex-dollar | H5: 1M: Pass-through (total / US) | I5: 1M: Beta to DXY (2y) | J5: 1M: Predicted by beta | K5: 1M: Surprise: actual less predicted | L5: YTD: Total: return on EM ccy | M5: YTD: US-driven: -(DXY return) | N5: YTD: Intrinsic: return ex-dollar | O5: YTD: Pass-through (total / US) | P5: YTD: Beta to DXY (2y) | Q5: YTD: Predicted by beta | R5: YTD: Surprise: actual less predicted
A6: Brazil | B6: LatAm | C6: =INDEX(HIST_D!$L$8:$L$791,1) | D6: yes | E6: =IFERROR((INDEX(HIST_D!$L$8:$L$791,Control!$B$10)/INDEX(HIST_D!$L$8:$L$791,1)-1),"") | F6: =IFERROR(-(INDEX(HIST_D!$I$8:$I$791,1)/INDEX(HIST_D!$I$8:$I$791,Control!$B$10)-1),"") | G6: =IFERROR(E6-F6,"") | H6: =IFERROR(IF(ABS(F6)<0.005,"n/m",E6/F6),"n/m") | I6: =IFERROR(SLOPE(HIST_D!$CS$8:INDEX(HIST_D!$CS$8:$CS$791,Control!$B$12),HIST_D!$BX$8:INDEX(HIST_D!$BX$8:$BX$791,Control!$B$12)),"") | J6: =IFERROR(I6*(INDEX(HIST_D!$I$8:$I$791,1)/INDEX(HIST_D!$I$8:$I$791,Control!$B$10)-1),"") | K6: =IFERROR(E6-J6,"") | L6: =IFERROR((INDEX(HIST_D!$L$8:$L$791,Control!$B$11)/INDEX(HIST_D!$L$8:$L$791,1)-1),"") | M6: =IFERROR(-(INDEX(HIST_D!$I$8:$I$791,1)/INDEX(HIST_D!$I$8:$I$791,Control!$B$11)-1),"") | N6: =IFERROR(L6-M6,"") | O6: =IFERROR(IF(ABS(M6)<0.005,"n/m",L6/M6),"n/m") | P6: =IFERROR(SLOPE(HIST_D!$CS$8:INDEX(HIST_D!$CS$8:$CS$791,Control!$B$12),HIST_D!$BX$8:INDEX(HIST_D!$BX$8:$BX$791,Control!$B$12)),"") | Q6: =IFERROR(P6*(INDEX(HIST_D!$I$8:$I$791,1)/INDEX(HIST_D!$I$8:$I$791,Control!$B$11)-1),"") | R6: =IFERROR(L6-Q6,"")
A7: Mexico | B7: LatAm | C7: =INDEX(HIST_D!$M$8:$M$791,1) | D7: yes | E7: =IFERROR((INDEX(HIST_D!$M$8:$M$791,Control!$B$10)/INDEX(HIST_D!$M$8:$M$791,1)-1),"") | F7: =IFERROR(-(INDEX(HIST_D!$I$8:$I$791,1)/INDEX(HIST_D!$I$8:$I$791,Control!$B$10)-1),"") | G7: =IFERROR(E7-F7,"") | H7: =IFERROR(IF(ABS(F7)<0.005,"n/m",E7/F7),"n/m") | I7: =IFERROR(SLOPE(HIST_D!$CT$8:INDEX(HIST_D!$CT$8:$CT$791,Control!$B$12),HIST_D!$BX$8:INDEX(HIST_D!$BX$8:$BX$791,Control!$B$12)),"") | J7: =IFERROR(I7*(INDEX(HIST_D!$I$8:$I$791,1)/INDEX(HIST_D!$I$8:$I$791,Control!$B$10)-1),"") | K7: =IFERROR(E7-J7,"") | L7: =IFERROR((INDEX(HIST_D!$M$8:$M$791,Control!$B$11)/INDEX(HIST_D!$M$8:$M$791,1)-1),"") | M7: =IFERROR(-(INDEX(HIST_D!$I$8:$I$791,1)/INDEX(HIST_D!$I$8:$I$791,Control!$B$11)-1),"") | N7: =IFERROR(L7-M7,"") | O7: =IFERROR(IF(ABS(M7)<0.005,"n/m",L7/M7),"n/m") | P7: =IFERROR(SLOPE(HIST_D!$CT$8:INDEX(HIST_D!$CT$8:$CT$791,Control!$B$12),HIST_D!$BX$8:INDEX(HIST_D!$BX$8:$BX$791,Control!$B$12)),"") | Q7: =IFERROR(P7*(INDEX(HIST_D!$I$8:$I$791,1)/INDEX(HIST_D!$I$8:$I$791,Control!$B$11)-1),"") | R7: =IFERROR(L7-Q7,"")
A8: Chile | B8: LatAm | C8: =INDEX(HIST_D!$N$8:$N$791,1) | D8: yes | E8: =IFERROR((INDEX(HIST_D!$N$8:$N$791,Control!$B$10)/INDEX(HIST_D!$N$8:$N$791,1)-1),"") | F8: =IFERROR(-(INDEX(HIST_D!$I$8:$I$791,1)/INDEX(HIST_D!$I$8:$I$791,Control!$B$10)-1),"") | G8: =IFERROR(E8-F8,"") | H8: =IFERROR(IF(ABS(F8)<0.005,"n/m",E8/F8),"n/m") | I8: =IFERROR(SLOPE(HIST_D!$CU$8:INDEX(HIST_D!$CU$8:$CU$791,Control!$B$12),HIST_D!$BX$8:INDEX(HIST_D!$BX$8:$BX$791,Control!$B$12)),"") | J8: =IFERROR(I8*(INDEX(HIST_D!$I$8:$I$791,1)/INDEX(HIST_D!$I$8:$I$791,Control!$B$10)-1),"") | K8: =IFERROR(E8-J8,"") | L8: =IFERROR((INDEX(HIST_D!$N$8:$N$791,Control!$B$11)/INDEX(HIST_D!$N$8:$N$791,1)-1),"") | M8: =IFERROR(-(INDEX(HIST_D!$I$8:$I$791,1)/INDEX(HIST_D!$I$8:$I$791,Control!$B$11)-1),"") | N8: =IFERROR(L8-M8,"") | O8: =IFERROR(IF(ABS(M8)<0.005,"n/m",L8/M8),"n/m") | P8: =IFERROR(SLOPE(HIST_D!$CU$8:INDEX(HIST_D!$CU$8:$CU$791,Control!$B$12),HIST_D!$BX$8:INDEX(HIST_D!$BX$8:$BX$791,Control!$B$12)),"") | Q8: =IFERROR(P8*(INDEX(HIST_D!$I$8:$I$791,1)/INDEX(HIST_D!$I$8:$I$791,Control!$B$11)-1),"") | R8: =IFERROR(L8-Q8,"")
A9: Colombia | B9: LatAm | C9: =INDEX(HIST_D!$O$8:$O$791,1) | D9: yes | E9: =IFERROR((INDEX(HIST_D!$O$8:$O$791,Control!$B$10)/INDEX(HIST_D!$O$8:$O$791,1)-1),"") | F9: =IFERROR(-(INDEX(HIST_D!$I$8:$I$791,1)/INDEX(HIST_D!$I$8:$I$791,Control!$B$10)-1),"") | G9: =IFERROR(E9-F9,"") | H9: =IFERROR(IF(ABS(F9)<0.005,"n/m",E9/F9),"n/m") | I9: =IFERROR(SLOPE(HIST_D!$CV$8:INDEX(HIST_D!$CV$8:$CV$791,Control!$B$12),HIST_D!$BX$8:INDEX(HIST_D!$BX$8:$BX$791,Control!$B$12)),"") | J9: =IFERROR(I9*(INDEX(HIST_D!$I$8:$I$791,1)/INDEX(HIST_D!$I$8:$I$791,Control!$B$10)-1),"") | K9: =IFERROR(E9-J9,"") | L9: =IFERROR((INDEX(HIST_D!$O$8:$O$791,Control!$B$11)/INDEX(HIST_D!$O$8:$O$791,1)-1),"") | M9: =IFERROR(-(INDEX(HIST_D!$I$8:$I$791,1)/INDEX(HIST_D!$I$8:$I$791,Control!$B$11)-1),"") | N9: =IFERROR(L9-M9,"") | O9: =IFERROR(IF(ABS(M9)<0.005,"n/m",L9/M9),"n/m") | P9: =IFERROR(SLOPE(HIST_D!$CV$8:INDEX(HIST_D!$CV$8:$CV$791,Control!$B$12),HIST_D!$BX$8:INDEX(HIST_D!$BX$8:$BX$791,Control!$B$12)),"") | Q9: =IFERROR(P9*(INDEX(HIST_D!$I$8:$I$791,1)/INDEX(HIST_D!$I$8:$I$791,Control!$B$11)-1),"") | R9: =IFERROR(L9-Q9,"")
A10: Peru | B10: LatAm | C10: =INDEX(HIST_D!$P$8:$P$791,1) | D10: yes | E10: =IFERROR((INDEX(HIST_D!$P$8:$P$791,Control!$B$10)/INDEX(HIST_D!$P$8:$P$791,1)-1),"") | F10: =IFERROR(-(INDEX(HIST_D!$I$8:$I$791,1)/INDEX(HIST_D!$I$8:$I$791,Control!$B$10)-1),"") | G10: =IFERROR(E10-F10,"") | H10: =IFERROR(IF(ABS(F10)<0.005,"n/m",E10/F10),"n/m") | I10: =IFERROR(SLOPE(HIST_D!$CW$8:INDEX(HIST_D!$CW$8:$CW$791,Control!$B$12),HIST_D!$BX$8:INDEX(HIST_D!$BX$8:$BX$791,Control!$B$12)),"") | J10: =IFERROR(I10*(INDEX(HIST_D!$I$8:$I$791,1)/INDEX(HIST_D!$I$8:$I$791,Control!$B$10)-1),"") | K10: =IFERROR(E10-J10,"") | L10: =IFERROR((INDEX(HIST_D!$P$8:$P$791,Control!$B$11)/INDEX(HIST_D!$P$8:$P$791,1)-1),"") | M10: =IFERROR(-(INDEX(HIST_D!$I$8:$I$791,1)/INDEX(HIST_D!$I$8:$I$791,Control!$B$11)-1),"") | N10: =IFERROR(L10-M10,"") | O10: =IFERROR(IF(ABS(M10)<0.005,"n/m",L10/M10),"n/m") | P10: =IFERROR(SLOPE(HIST_D!$CW$8:INDEX(HIST_D!$CW$8:$CW$791,Control!$B$12),HIST_D!$BX$8:INDEX(HIST_D!$BX$8:$BX$791,Control!$B$12)),"") | Q10: =IFERROR(P10*(INDEX(HIST_D!$I$8:$I$791,1)/INDEX(HIST_D!$I$8:$I$791,Control!$B$11)-1),"") | R10: =IFERROR(L10-Q10,"")
A11: LatAm average | B11: n=5 | E11: =IFERROR(AVERAGE(E6,E7,E8,E9,E10),"") | F11: =IFERROR(AVERAGE(F6,F7,F8,F9,F10),"") | G11: =IFERROR(AVERAGE(G6,G7,G8,G9,G10),"") | H11: =IFERROR(IF(ABS(F11)<0.005,"n/m",E11/F11),"n/m") | I11: =IFERROR(AVERAGE(I6,I7,I8,I9,I10),"") | J11: =IFERROR(AVERAGE(J6,J7,J8,J9,J10),"") | K11: =IFERROR(AVERAGE(K6,K7,K8,K9,K10),"") | L11: =IFERROR(AVERAGE(L6,L7,L8,L9,L10),"") | M11: =IFERROR(AVERAGE(M6,M7,M8,M9,M10),"") | N11: =IFERROR(AVERAGE(N6,N7,N8,N9,N10),"") | O11: =IFERROR(IF(ABS(M11)<0.005,"n/m",L11/M11),"n/m") | P11: =IFERROR(AVERAGE(P6,P7,P8,P9,P10),"") | Q11: =IFERROR(AVERAGE(Q6,Q7,Q8,Q9,Q10),"") | R11: =IFERROR(AVERAGE(R6,R7,R8,R9,R10),"")
A12: =IFERROR("LatAm: the currency returned "&TEXT($E$11,"+0.0%;-0.0%")&" on the month; a beta-of-one to the dollar implies "&TEXT($F$11,"+0.0%;-0.0%")&", so "&TEXT($G$11,"+0.0%;-0.0%")&" is ex-dollar"&IF(ISNUMBER($H$11)," (pass-through "&TEXT($H$11,"0.00")&"x)","")&". Against its 2y beta to DXY of "&TEXT($I$11,"0.00")&" the surprise is "&TEXT($K$11,"+0.0%;-0.0%")&". YTD: "&TEXT($L$11,"+0.0%;-0.0%")&", of which "&TEXT($N$11,"+0.0%;-0.0%")&" ex-dollar. "&IF($K$11>0.005,"Stronger than the dollar relationship implies — intrinsic support.",IF($K$11<-0.005,"Weaker than the dollar relationship implies — intrinsic pressure.","In line with the dollar; nothing EM-specific here.")),"")
A14: EM EUROPE
A15: Country | B15: Region | C15: Level | D15: In avg | E15: 1M: Total: return on EM ccy | F15: 1M: US-driven: -(DXY return) | G15: 1M: Intrinsic: return ex-dollar | H15: 1M: Pass-through (total / US) | I15: 1M: Beta to DXY (2y) | J15: 1M: Predicted by beta | K15: 1M: Surprise: actual less predicted | L15: YTD: Total: return on EM ccy | M15: YTD: US-driven: -(DXY return) | N15: YTD: Intrinsic: return ex-dollar | O15: YTD: Pass-through (total / US) | P15: YTD: Beta to DXY (2y) | Q15: YTD: Predicted by beta | R15: YTD: Surprise: actual less predicted
A16: Poland | B16: EM Europe | C16: =INDEX(HIST_D!$Q$8:$Q$791,1) | D16: yes | E16: =IFERROR((INDEX(HIST_D!$Q$8:$Q$791,Control!$B$10)/INDEX(HIST_D!$Q$8:$Q$791,1)-1),"") | F16: =IFERROR(-(INDEX(HIST_D!$I$8:$I$791,1)/INDEX(HIST_D!$I$8:$I$791,Control!$B$10)-1),"") | G16: =IFERROR(E16-F16,"") | H16: =IFERROR(IF(ABS(F16)<0.005,"n/m",E16/F16),"n/m") | I16: =IFERROR(SLOPE(HIST_D!$CX$8:INDEX(HIST_D!$CX$8:$CX$791,Control!$B$12),HIST_D!$BX$8:INDEX(HIST_D!$BX$8:$BX$791,Control!$B$12)),"") | J16: =IFERROR(I16*(INDEX(HIST_D!$I$8:$I$791,1)/INDEX(HIST_D!$I$8:$I$791,Control!$B$10)-1),"") | K16: =IFERROR(E16-J16,"") | L16: =IFERROR((INDEX(HIST_D!$Q$8:$Q$791,Control!$B$11)/INDEX(HIST_D!$Q$8:$Q$791,1)-1),"") | M16: =IFERROR(-(INDEX(HIST_D!$I$8:$I$791,1)/INDEX(HIST_D!$I$8:$I$791,Control!$B$11)-1),"") | N16: =IFERROR(L16-M16,"") | O16: =IFERROR(IF(ABS(M16)<0.005,"n/m",L16/M16),"n/m") | P16: =IFERROR(SLOPE(HIST_D!$CX$8:INDEX(HIST_D!$CX$8:$CX$791,Control!$B$12),HIST_D!$BX$8:INDEX(HIST_D!$BX$8:$BX$791,Control!$B$12)),"") | Q16: =IFERROR(P16*(INDEX(HIST_D!$I$8:$I$791,1)/INDEX(HIST_D!$I$8:$I$791,Control!$B$11)-1),"") | R16: =IFERROR(L16-Q16,"")
A17: Hungary | B17: EM Europe | C17: =INDEX(HIST_D!$R$8:$R$791,1) | D17: yes | E17: =IFERROR((INDEX(HIST_D!$R$8:$R$791,Control!$B$10)/INDEX(HIST_D!$R$8:$R$791,1)-1),"") | F17: =IFERROR(-(INDEX(HIST_D!$I$8:$I$791,1)/INDEX(HIST_D!$I$8:$I$791,Control!$B$10)-1),"") | G17: =IFERROR(E17-F17,"") | H17: =IFERROR(IF(ABS(F17)<0.005,"n/m",E17/F17),"n/m") | I17: =IFERROR(SLOPE(HIST_D!$CY$8:INDEX(HIST_D!$CY$8:$CY$791,Control!$B$12),HIST_D!$BX$8:INDEX(HIST_D!$BX$8:$BX$791,Control!$B$12)),"") | J17: =IFERROR(I17*(INDEX(HIST_D!$I$8:$I$791,1)/INDEX(HIST_D!$I$8:$I$791,Control!$B$10)-1),"") | K17: =IFERROR(E17-J17,"") | L17: =IFERROR((INDEX(HIST_D!$R$8:$R$791,Control!$B$11)/INDEX(HIST_D!$R$8:$R$791,1)-1),"") | M17: =IFERROR(-(INDEX(HIST_D!$I$8:$I$791,1)/INDEX(HIST_D!$I$8:$I$791,Control!$B$11)-1),"") | N17: =IFERROR(L17-M17,"") | O17: =IFERROR(IF(ABS(M17)<0.005,"n/m",L17/M17),"n/m") | P17: =IFERROR(SLOPE(HIST_D!$CY$8:INDEX(HIST_D!$CY$8:$CY$791,Control!$B$12),HIST_D!$BX$8:INDEX(HIST_D!$BX$8:$BX$791,Control!$B$12)),"") | Q17: =IFERROR(P17*(INDEX(HIST_D!$I$8:$I$791,1)/INDEX(HIST_D!$I$8:$I$791,Control!$B$11)-1),"") | R17: =IFERROR(L17-Q17,"")
A18: Czechia | B18: EM Europe | C18: =INDEX(HIST_D!$S$8:$S$791,1) | D18: yes | E18: =IFERROR((INDEX(HIST_D!$S$8:$S$791,Control!$B$10)/INDEX(HIST_D!$S$8:$S$791,1)-1),"") | F18: =IFERROR(-(INDEX(HIST_D!$I$8:$I$791,1)/INDEX(HIST_D!$I$8:$I$791,Control!$B$10)-1),"") | G18: =IFERROR(E18-F18,"") | H18: =IFERROR(IF(ABS(F18)<0.005,"n/m",E18/F18),"n/m") | I18: =IFERROR(SLOPE(HIST_D!$CZ$8:INDEX(HIST_D!$CZ$8:$CZ$791,Control!$B$12),HIST_D!$BX$8:INDEX(HIST_D!$BX$8:$BX$791,Control!$B$12)),"") | J18: =IFERROR(I18*(INDEX(HIST_D!$I$8:$I$791,1)/INDEX(HIST_D!$I$8:$I$791,Control!$B$10)-1),"") | K18: =IFERROR(E18-J18,"") | L18: =IFERROR((INDEX(HIST_D!$S$8:$S$791,Control!$B$11)/INDEX(HIST_D!$S$8:$S$791,1)-1),"") | M18: =IFERROR(-(INDEX(HIST_D!$I$8:$I$791,1)/INDEX(HIST_D!$I$8:$I$791,Control!$B$11)-1),"") | N18: =IFERROR(L18-M18,"") | O18: =IFERROR(IF(ABS(M18)<0.005,"n/m",L18/M18),"n/m") | P18: =IFERROR(SLOPE(HIST_D!$CZ$8:INDEX(HIST_D!$CZ$8:$CZ$791,Control!$B$12),HIST_D!$BX$8:INDEX(HIST_D!$BX$8:$BX$791,Control!$B$12)),"") | Q18: =IFERROR(P18*(INDEX(HIST_D!$I$8:$I$791,1)/INDEX(HIST_D!$I$8:$I$791,Control!$B$11)-1),"") | R18: =IFERROR(L18-Q18,"")
A19: Romania | B19: EM Europe | C19: =INDEX(HIST_D!$T$8:$T$791,1) | D19: yes | E19: =IFERROR((INDEX(HIST_D!$T$8:$T$791,Control!$B$10)/INDEX(HIST_D!$T$8:$T$791,1)-1),"") | F19: =IFERROR(-(INDEX(HIST_D!$I$8:$I$791,1)/INDEX(HIST_D!$I$8:$I$791,Control!$B$10)-1),"") | G19: =IFERROR(E19-F19,"") | H19: =IFERROR(IF(ABS(F19)<0.005,"n/m",E19/F19),"n/m") | I19: =IFERROR(SLOPE(HIST_D!$DA$8:INDEX(HIST_D!$DA$8:$DA$791,Control!$B$12),HIST_D!$BX$8:INDEX(HIST_D!$BX$8:$BX$791,Control!$B$12)),"") | J19: =IFERROR(I19*(INDEX(HIST_D!$I$8:$I$791,1)/INDEX(HIST_D!$I$8:$I$791,Control!$B$10)-1),"") | K19: =IFERROR(E19-J19,"") | L19: =IFERROR((INDEX(HIST_D!$T$8:$T$791,Control!$B$11)/INDEX(HIST_D!$T$8:$T$791,1)-1),"") | M19: =IFERROR(-(INDEX(HIST_D!$I$8:$I$791,1)/INDEX(HIST_D!$I$8:$I$791,Control!$B$11)-1),"") | N19: =IFERROR(L19-M19,"") | O19: =IFERROR(IF(ABS(M19)<0.005,"n/m",L19/M19),"n/m") | P19: =IFERROR(SLOPE(HIST_D!$DA$8:INDEX(HIST_D!$DA$8:$DA$791,Control!$B$12),HIST_D!$BX$8:INDEX(HIST_D!$BX$8:$BX$791,Control!$B$12)),"") | Q19: =IFERROR(P19*(INDEX(HIST_D!$I$8:$I$791,1)/INDEX(HIST_D!$I$8:$I$791,Control!$B$11)-1),"") | R19: =IFERROR(L19-Q19,"")
A20: Turkiye | B20: EM Europe | C20: =INDEX(HIST_D!$U$8:$U$791,1) | D20: no | E20: =IFERROR((INDEX(HIST_D!$U$8:$U$791,Control!$B$10)/INDEX(HIST_D!$U$8:$U$791,1)-1),"") | F20: =IFERROR(-(INDEX(HIST_D!$I$8:$I$791,1)/INDEX(HIST_D!$I$8:$I$791,Control!$B$10)-1),"") | G20: =IFERROR(E20-F20,"") | H20: =IFERROR(IF(ABS(F20)<0.005,"n/m",E20/F20),"n/m") | I20: =IFERROR(SLOPE(HIST_D!$DB$8:INDEX(HIST_D!$DB$8:$DB$791,Control!$B$12),HIST_D!$BX$8:INDEX(HIST_D!$BX$8:$BX$791,Control!$B$12)),"") | J20: =IFERROR(I20*(INDEX(HIST_D!$I$8:$I$791,1)/INDEX(HIST_D!$I$8:$I$791,Control!$B$10)-1),"") | K20: =IFERROR(E20-J20,"") | L20: =IFERROR((INDEX(HIST_D!$U$8:$U$791,Control!$B$11)/INDEX(HIST_D!$U$8:$U$791,1)-1),"") | M20: =IFERROR(-(INDEX(HIST_D!$I$8:$I$791,1)/INDEX(HIST_D!$I$8:$I$791,Control!$B$11)-1),"") | N20: =IFERROR(L20-M20,"") | O20: =IFERROR(IF(ABS(M20)<0.005,"n/m",L20/M20),"n/m") | P20: =IFERROR(SLOPE(HIST_D!$DB$8:INDEX(HIST_D!$DB$8:$DB$791,Control!$B$12),HIST_D!$BX$8:INDEX(HIST_D!$BX$8:$BX$791,Control!$B$12)),"") | Q20: =IFERROR(P20*(INDEX(HIST_D!$I$8:$I$791,1)/INDEX(HIST_D!$I$8:$I$791,Control!$B$11)-1),"") | R20: =IFERROR(L20-Q20,"") | S20: excluded from rates and FX averages: structural depreciation and a 30% curve swamp an equal weight
A21: EM Europe average | B21: n=4 | E21: =IFERROR(AVERAGE(E16,E17,E18,E19),"") | F21: =IFERROR(AVERAGE(F16,F17,F18,F19),"") | G21: =IFERROR(AVERAGE(G16,G17,G18,G19),"") | H21: =IFERROR(IF(ABS(F21)<0.005,"n/m",E21/F21),"n/m") | I21: =IFERROR(AVERAGE(I16,I17,I18,I19),"") | J21: =IFERROR(AVERAGE(J16,J17,J18,J19),"") | K21: =IFERROR(AVERAGE(K16,K17,K18,K19),"") | L21: =IFERROR(AVERAGE(L16,L17,L18,L19),"") | M21: =IFERROR(AVERAGE(M16,M17,M18,M19),"") | N21: =IFERROR(AVERAGE(N16,N17,N18,N19),"") | O21: =IFERROR(IF(ABS(M21)<0.005,"n/m",L21/M21),"n/m") | P21: =IFERROR(AVERAGE(P16,P17,P18,P19),"") | Q21: =IFERROR(AVERAGE(Q16,Q17,Q18,Q19),"") | R21: =IFERROR(AVERAGE(R16,R17,R18,R19),"")
A22: =IFERROR("EM Europe: the currency returned "&TEXT($E$21,"+0.0%;-0.0%")&" on the month; a beta-of-one to the dollar implies "&TEXT($F$21,"+0.0%;-0.0%")&", so "&TEXT($G$21,"+0.0%;-0.0%")&" is ex-dollar"&IF(ISNUMBER($H$21)," (pass-through "&TEXT($H$21,"0.00")&"x)","")&". Against its 2y beta to DXY of "&TEXT($I$21,"0.00")&" the surprise is "&TEXT($K$21,"+0.0%;-0.0%")&". YTD: "&TEXT($L$21,"+0.0%;-0.0%")&", of which "&TEXT($N$21,"+0.0%;-0.0%")&" ex-dollar. "&IF($K$21>0.005,"Stronger than the dollar relationship implies — intrinsic support.",IF($K$21<-0.005,"Weaker than the dollar relationship implies — intrinsic pressure.","In line with the dollar; nothing EM-specific here.")),"")
A24: MIDDLE EAST
A25: Country | B25: Region | C25: Level | D25: In avg | E25: 1M: Total: return on EM ccy | F25: 1M: US-driven: -(DXY return) | G25: 1M: Intrinsic: return ex-dollar | H25: 1M: Pass-through (total / US) | I25: 1M: Beta to DXY (2y) | J25: 1M: Predicted by beta | K25: 1M: Surprise: actual less predicted | L25: YTD: Total: return on EM ccy | M25: YTD: US-driven: -(DXY return) | N25: YTD: Intrinsic: return ex-dollar | O25: YTD: Pass-through (total / US) | P25: YTD: Beta to DXY (2y) | Q25: YTD: Predicted by beta | R25: YTD: Surprise: actual less predicted
A26: Israel | B26: Middle East | C26: =INDEX(HIST_D!$V$8:$V$791,1) | D26: yes | E26: =IFERROR((INDEX(HIST_D!$V$8:$V$791,Control!$B$10)/INDEX(HIST_D!$V$8:$V$791,1)-1),"") | F26: =IFERROR(-(INDEX(HIST_D!$I$8:$I$791,1)/INDEX(HIST_D!$I$8:$I$791,Control!$B$10)-1),"") | G26: =IFERROR(E26-F26,"") | H26: =IFERROR(IF(ABS(F26)<0.005,"n/m",E26/F26),"n/m") | I26: =IFERROR(SLOPE(HIST_D!$DC$8:INDEX(HIST_D!$DC$8:$DC$791,Control!$B$12),HIST_D!$BX$8:INDEX(HIST_D!$BX$8:$BX$791,Control!$B$12)),"") | J26: =IFERROR(I26*(INDEX(HIST_D!$I$8:$I$791,1)/INDEX(HIST_D!$I$8:$I$791,Control!$B$10)-1),"") | K26: =IFERROR(E26-J26,"") | L26: =IFERROR((INDEX(HIST_D!$V$8:$V$791,Control!$B$11)/INDEX(HIST_D!$V$8:$V$791,1)-1),"") | M26: =IFERROR(-(INDEX(HIST_D!$I$8:$I$791,1)/INDEX(HIST_D!$I$8:$I$791,Control!$B$11)-1),"") | N26: =IFERROR(L26-M26,"") | O26: =IFERROR(IF(ABS(M26)<0.005,"n/m",L26/M26),"n/m") | P26: =IFERROR(SLOPE(HIST_D!$DC$8:INDEX(HIST_D!$DC$8:$DC$791,Control!$B$12),HIST_D!$BX$8:INDEX(HIST_D!$BX$8:$BX$791,Control!$B$12)),"") | Q26: =IFERROR(P26*(INDEX(HIST_D!$I$8:$I$791,1)/INDEX(HIST_D!$I$8:$I$791,Control!$B$11)-1),"") | R26: =IFERROR(L26-Q26,"")
A27: Egypt | B27: Middle East | C27: =INDEX(HIST_D!$W$8:$W$791,1) | D27: no | E27: =IFERROR((INDEX(HIST_D!$W$8:$W$791,Control!$B$10)/INDEX(HIST_D!$W$8:$W$791,1)-1),"") | F27: =IFERROR(-(INDEX(HIST_D!$I$8:$I$791,1)/INDEX(HIST_D!$I$8:$I$791,Control!$B$10)-1),"") | G27: =IFERROR(E27-F27,"") | H27: =IFERROR(IF(ABS(F27)<0.005,"n/m",E27/F27),"n/m") | I27: =IFERROR(SLOPE(HIST_D!$DD$8:INDEX(HIST_D!$DD$8:$DD$791,Control!$B$12),HIST_D!$BX$8:INDEX(HIST_D!$BX$8:$BX$791,Control!$B$12)),"") | J27: =IFERROR(I27*(INDEX(HIST_D!$I$8:$I$791,1)/INDEX(HIST_D!$I$8:$I$791,Control!$B$10)-1),"") | K27: =IFERROR(E27-J27,"") | L27: =IFERROR((INDEX(HIST_D!$W$8:$W$791,Control!$B$11)/INDEX(HIST_D!$W$8:$W$791,1)-1),"") | M27: =IFERROR(-(INDEX(HIST_D!$I$8:$I$791,1)/INDEX(HIST_D!$I$8:$I$791,Control!$B$11)-1),"") | N27: =IFERROR(L27-M27,"") | O27: =IFERROR(IF(ABS(M27)<0.005,"n/m",L27/M27),"n/m") | P27: =IFERROR(SLOPE(HIST_D!$DD$8:INDEX(HIST_D!$DD$8:$DD$791,Control!$B$12),HIST_D!$BX$8:INDEX(HIST_D!$BX$8:$BX$791,Control!$B$12)),"") | Q27: =IFERROR(P27*(INDEX(HIST_D!$I$8:$I$791,1)/INDEX(HIST_D!$I$8:$I$791,Control!$B$11)-1),"") | R27: =IFERROR(L27-Q27,"") | S27: excluded from FX average: managed float with step devaluations; GTEGP10Y is Verify
A28: Middle East average | B28: n=1 | E28: =IFERROR(AVERAGE(E26),"") | F28: =IFERROR(AVERAGE(F26),"") | G28: =IFERROR(AVERAGE(G26),"") | H28: =IFERROR(IF(ABS(F28)<0.005,"n/m",E28/F28),"n/m") | I28: =IFERROR(AVERAGE(I26),"") | J28: =IFERROR(AVERAGE(J26),"") | K28: =IFERROR(AVERAGE(K26),"") | L28: =IFERROR(AVERAGE(L26),"") | M28: =IFERROR(AVERAGE(M26),"") | N28: =IFERROR(AVERAGE(N26),"") | O28: =IFERROR(IF(ABS(M28)<0.005,"n/m",L28/M28),"n/m") | P28: =IFERROR(AVERAGE(P26),"") | Q28: =IFERROR(AVERAGE(Q26),"") | R28: =IFERROR(AVERAGE(R26),"")
A29: =IFERROR("Middle East: the currency returned "&TEXT($E$28,"+0.0%;-0.0%")&" on the month; a beta-of-one to the dollar implies "&TEXT($F$28,"+0.0%;-0.0%")&", so "&TEXT($G$28,"+0.0%;-0.0%")&" is ex-dollar"&IF(ISNUMBER($H$28)," (pass-through "&TEXT($H$28,"0.00")&"x)","")&". Against its 2y beta to DXY of "&TEXT($I$28,"0.00")&" the surprise is "&TEXT($K$28,"+0.0%;-0.0%")&". YTD: "&TEXT($L$28,"+0.0%;-0.0%")&", of which "&TEXT($N$28,"+0.0%;-0.0%")&" ex-dollar. "&IF($K$28>0.005,"Stronger than the dollar relationship implies — intrinsic support.",IF($K$28<-0.005,"Weaker than the dollar relationship implies — intrinsic pressure.","In line with the dollar; nothing EM-specific here.")),"")
A31: EM ASIA
A32: Country | B32: Region | C32: Level | D32: In avg | E32: 1M: Total: return on EM ccy | F32: 1M: US-driven: -(DXY return) | G32: 1M: Intrinsic: return ex-dollar | H32: 1M: Pass-through (total / US) | I32: 1M: Beta to DXY (2y) | J32: 1M: Predicted by beta | K32: 1M: Surprise: actual less predicted | L32: YTD: Total: return on EM ccy | M32: YTD: US-driven: -(DXY return) | N32: YTD: Intrinsic: return ex-dollar | O32: YTD: Pass-through (total / US) | P32: YTD: Beta to DXY (2y) | Q32: YTD: Predicted by beta | R32: YTD: Surprise: actual less predicted
A33: China | B33: EM Asia | C33: =INDEX(HIST_D!$X$8:$X$791,1) | D33: yes | E33: =IFERROR((INDEX(HIST_D!$X$8:$X$791,Control!$B$10)/INDEX(HIST_D!$X$8:$X$791,1)-1),"") | F33: =IFERROR(-(INDEX(HIST_D!$I$8:$I$791,1)/INDEX(HIST_D!$I$8:$I$791,Control!$B$10)-1),"") | G33: =IFERROR(E33-F33,"") | H33: =IFERROR(IF(ABS(F33)<0.005,"n/m",E33/F33),"n/m") | I33: =IFERROR(SLOPE(HIST_D!$DE$8:INDEX(HIST_D!$DE$8:$DE$791,Control!$B$12),HIST_D!$BX$8:INDEX(HIST_D!$BX$8:$BX$791,Control!$B$12)),"") | J33: =IFERROR(I33*(INDEX(HIST_D!$I$8:$I$791,1)/INDEX(HIST_D!$I$8:$I$791,Control!$B$10)-1),"") | K33: =IFERROR(E33-J33,"") | L33: =IFERROR((INDEX(HIST_D!$X$8:$X$791,Control!$B$11)/INDEX(HIST_D!$X$8:$X$791,1)-1),"") | M33: =IFERROR(-(INDEX(HIST_D!$I$8:$I$791,1)/INDEX(HIST_D!$I$8:$I$791,Control!$B$11)-1),"") | N33: =IFERROR(L33-M33,"") | O33: =IFERROR(IF(ABS(M33)<0.005,"n/m",L33/M33),"n/m") | P33: =IFERROR(SLOPE(HIST_D!$DE$8:INDEX(HIST_D!$DE$8:$DE$791,Control!$B$12),HIST_D!$BX$8:INDEX(HIST_D!$BX$8:$BX$791,Control!$B$12)),"") | Q33: =IFERROR(P33*(INDEX(HIST_D!$I$8:$I$791,1)/INDEX(HIST_D!$I$8:$I$791,Control!$B$11)-1),"") | R33: =IFERROR(L33-Q33,"")
A34: India | B34: EM Asia | C34: =INDEX(HIST_D!$Y$8:$Y$791,1) | D34: yes | E34: =IFERROR((INDEX(HIST_D!$Y$8:$Y$791,Control!$B$10)/INDEX(HIST_D!$Y$8:$Y$791,1)-1),"") | F34: =IFERROR(-(INDEX(HIST_D!$I$8:$I$791,1)/INDEX(HIST_D!$I$8:$I$791,Control!$B$10)-1),"") | G34: =IFERROR(E34-F34,"") | H34: =IFERROR(IF(ABS(F34)<0.005,"n/m",E34/F34),"n/m") | I34: =IFERROR(SLOPE(HIST_D!$DF$8:INDEX(HIST_D!$DF$8:$DF$791,Control!$B$12),HIST_D!$BX$8:INDEX(HIST_D!$BX$8:$BX$791,Control!$B$12)),"") | J34: =IFERROR(I34*(INDEX(HIST_D!$I$8:$I$791,1)/INDEX(HIST_D!$I$8:$I$791,Control!$B$10)-1),"") | K34: =IFERROR(E34-J34,"") | L34: =IFERROR((INDEX(HIST_D!$Y$8:$Y$791,Control!$B$11)/INDEX(HIST_D!$Y$8:$Y$791,1)-1),"") | M34: =IFERROR(-(INDEX(HIST_D!$I$8:$I$791,1)/INDEX(HIST_D!$I$8:$I$791,Control!$B$11)-1),"") | N34: =IFERROR(L34-M34,"") | O34: =IFERROR(IF(ABS(M34)<0.005,"n/m",L34/M34),"n/m") | P34: =IFERROR(SLOPE(HIST_D!$DF$8:INDEX(HIST_D!$DF$8:$DF$791,Control!$B$12),HIST_D!$BX$8:INDEX(HIST_D!$BX$8:$BX$791,Control!$B$12)),"") | Q34: =IFERROR(P34*(INDEX(HIST_D!$I$8:$I$791,1)/INDEX(HIST_D!$I$8:$I$791,Control!$B$11)-1),"") | R34: =IFERROR(L34-Q34,"") | S34: no sovereign USD debt, no CDS — rates and FX only
A35: Indonesia | B35: EM Asia | C35: =INDEX(HIST_D!$Z$8:$Z$791,1) | D35: yes | E35: =IFERROR((INDEX(HIST_D!$Z$8:$Z$791,Control!$B$10)/INDEX(HIST_D!$Z$8:$Z$791,1)-1),"") | F35: =IFERROR(-(INDEX(HIST_D!$I$8:$I$791,1)/INDEX(HIST_D!$I$8:$I$791,Control!$B$10)-1),"") | G35: =IFERROR(E35-F35,"") | H35: =IFERROR(IF(ABS(F35)<0.005,"n/m",E35/F35),"n/m") | I35: =IFERROR(SLOPE(HIST_D!$DG$8:INDEX(HIST_D!$DG$8:$DG$791,Control!$B$12),HIST_D!$BX$8:INDEX(HIST_D!$BX$8:$BX$791,Control!$B$12)),"") | J35: =IFERROR(I35*(INDEX(HIST_D!$I$8:$I$791,1)/INDEX(HIST_D!$I$8:$I$791,Control!$B$10)-1),"") | K35: =IFERROR(E35-J35,"") | L35: =IFERROR((INDEX(HIST_D!$Z$8:$Z$791,Control!$B$11)/INDEX(HIST_D!$Z$8:$Z$791,1)-1),"") | M35: =IFERROR(-(INDEX(HIST_D!$I$8:$I$791,1)/INDEX(HIST_D!$I$8:$I$791,Control!$B$11)-1),"") | N35: =IFERROR(L35-M35,"") | O35: =IFERROR(IF(ABS(M35)<0.005,"n/m",L35/M35),"n/m") | P35: =IFERROR(SLOPE(HIST_D!$DG$8:INDEX(HIST_D!$DG$8:$DG$791,Control!$B$12),HIST_D!$BX$8:INDEX(HIST_D!$BX$8:$BX$791,Control!$B$12)),"") | Q35: =IFERROR(P35*(INDEX(HIST_D!$I$8:$I$791,1)/INDEX(HIST_D!$I$8:$I$791,Control!$B$11)-1),"") | R35: =IFERROR(L35-Q35,"")
A36: Korea | B36: EM Asia | C36: =INDEX(HIST_D!$AA$8:$AA$791,1) | D36: yes | E36: =IFERROR((INDEX(HIST_D!$AA$8:$AA$791,Control!$B$10)/INDEX(HIST_D!$AA$8:$AA$791,1)-1),"") | F36: =IFERROR(-(INDEX(HIST_D!$I$8:$I$791,1)/INDEX(HIST_D!$I$8:$I$791,Control!$B$10)-1),"") | G36: =IFERROR(E36-F36,"") | H36: =IFERROR(IF(ABS(F36)<0.005,"n/m",E36/F36),"n/m") | I36: =IFERROR(SLOPE(HIST_D!$DH$8:INDEX(HIST_D!$DH$8:$DH$791,Control!$B$12),HIST_D!$BX$8:INDEX(HIST_D!$BX$8:$BX$791,Control!$B$12)),"") | J36: =IFERROR(I36*(INDEX(HIST_D!$I$8:$I$791,1)/INDEX(HIST_D!$I$8:$I$791,Control!$B$10)-1),"") | K36: =IFERROR(E36-J36,"") | L36: =IFERROR((INDEX(HIST_D!$AA$8:$AA$791,Control!$B$11)/INDEX(HIST_D!$AA$8:$AA$791,1)-1),"") | M36: =IFERROR(-(INDEX(HIST_D!$I$8:$I$791,1)/INDEX(HIST_D!$I$8:$I$791,Control!$B$11)-1),"") | N36: =IFERROR(L36-M36,"") | O36: =IFERROR(IF(ABS(M36)<0.005,"n/m",L36/M36),"n/m") | P36: =IFERROR(SLOPE(HIST_D!$DH$8:INDEX(HIST_D!$DH$8:$DH$791,Control!$B$12),HIST_D!$BX$8:INDEX(HIST_D!$BX$8:$BX$791,Control!$B$12)),"") | Q36: =IFERROR(P36*(INDEX(HIST_D!$I$8:$I$791,1)/INDEX(HIST_D!$I$8:$I$791,Control!$B$11)-1),"") | R36: =IFERROR(L36-Q36,"")
A37: Thailand | B37: EM Asia | C37: =INDEX(HIST_D!$AB$8:$AB$791,1) | D37: yes | E37: =IFERROR((INDEX(HIST_D!$AB$8:$AB$791,Control!$B$10)/INDEX(HIST_D!$AB$8:$AB$791,1)-1),"") | F37: =IFERROR(-(INDEX(HIST_D!$I$8:$I$791,1)/INDEX(HIST_D!$I$8:$I$791,Control!$B$10)-1),"") | G37: =IFERROR(E37-F37,"") | H37: =IFERROR(IF(ABS(F37)<0.005,"n/m",E37/F37),"n/m") | I37: =IFERROR(SLOPE(HIST_D!$DI$8:INDEX(HIST_D!$DI$8:$DI$791,Control!$B$12),HIST_D!$BX$8:INDEX(HIST_D!$BX$8:$BX$791,Control!$B$12)),"") | J37: =IFERROR(I37*(INDEX(HIST_D!$I$8:$I$791,1)/INDEX(HIST_D!$I$8:$I$791,Control!$B$10)-1),"") | K37: =IFERROR(E37-J37,"") | L37: =IFERROR((INDEX(HIST_D!$AB$8:$AB$791,Control!$B$11)/INDEX(HIST_D!$AB$8:$AB$791,1)-1),"") | M37: =IFERROR(-(INDEX(HIST_D!$I$8:$I$791,1)/INDEX(HIST_D!$I$8:$I$791,Control!$B$11)-1),"") | N37: =IFERROR(L37-M37,"") | O37: =IFERROR(IF(ABS(M37)<0.005,"n/m",L37/M37),"n/m") | P37: =IFERROR(SLOPE(HIST_D!$DI$8:INDEX(HIST_D!$DI$8:$DI$791,Control!$B$12),HIST_D!$BX$8:INDEX(HIST_D!$BX$8:$BX$791,Control!$B$12)),"") | Q37: =IFERROR(P37*(INDEX(HIST_D!$I$8:$I$791,1)/INDEX(HIST_D!$I$8:$I$791,Control!$B$11)-1),"") | R37: =IFERROR(L37-Q37,"")
A38: Malaysia | B38: EM Asia | C38: =INDEX(HIST_D!$AC$8:$AC$791,1) | D38: yes | E38: =IFERROR((INDEX(HIST_D!$AC$8:$AC$791,Control!$B$10)/INDEX(HIST_D!$AC$8:$AC$791,1)-1),"") | F38: =IFERROR(-(INDEX(HIST_D!$I$8:$I$791,1)/INDEX(HIST_D!$I$8:$I$791,Control!$B$10)-1),"") | G38: =IFERROR(E38-F38,"") | H38: =IFERROR(IF(ABS(F38)<0.005,"n/m",E38/F38),"n/m") | I38: =IFERROR(SLOPE(HIST_D!$DJ$8:INDEX(HIST_D!$DJ$8:$DJ$791,Control!$B$12),HIST_D!$BX$8:INDEX(HIST_D!$BX$8:$BX$791,Control!$B$12)),"") | J38: =IFERROR(I38*(INDEX(HIST_D!$I$8:$I$791,1)/INDEX(HIST_D!$I$8:$I$791,Control!$B$10)-1),"") | K38: =IFERROR(E38-J38,"") | L38: =IFERROR((INDEX(HIST_D!$AC$8:$AC$791,Control!$B$11)/INDEX(HIST_D!$AC$8:$AC$791,1)-1),"") | M38: =IFERROR(-(INDEX(HIST_D!$I$8:$I$791,1)/INDEX(HIST_D!$I$8:$I$791,Control!$B$11)-1),"") | N38: =IFERROR(L38-M38,"") | O38: =IFERROR(IF(ABS(M38)<0.005,"n/m",L38/M38),"n/m") | P38: =IFERROR(SLOPE(HIST_D!$DJ$8:INDEX(HIST_D!$DJ$8:$DJ$791,Control!$B$12),HIST_D!$BX$8:INDEX(HIST_D!$BX$8:$BX$791,Control!$B$12)),"") | Q38: =IFERROR(P38*(INDEX(HIST_D!$I$8:$I$791,1)/INDEX(HIST_D!$I$8:$I$791,Control!$B$11)-1),"") | R38: =IFERROR(L38-Q38,"")
A39: Philippines | B39: EM Asia | C39: =INDEX(HIST_D!$AD$8:$AD$791,1) | D39: yes | E39: =IFERROR((INDEX(HIST_D!$AD$8:$AD$791,Control!$B$10)/INDEX(HIST_D!$AD$8:$AD$791,1)-1),"") | F39: =IFERROR(-(INDEX(HIST_D!$I$8:$I$791,1)/INDEX(HIST_D!$I$8:$I$791,Control!$B$10)-1),"") | G39: =IFERROR(E39-F39,"") | H39: =IFERROR(IF(ABS(F39)<0.005,"n/m",E39/F39),"n/m") | I39: =IFERROR(SLOPE(HIST_D!$DK$8:INDEX(HIST_D!$DK$8:$DK$791,Control!$B$12),HIST_D!$BX$8:INDEX(HIST_D!$BX$8:$BX$791,Control!$B$12)),"") | J39: =IFERROR(I39*(INDEX(HIST_D!$I$8:$I$791,1)/INDEX(HIST_D!$I$8:$I$791,Control!$B$10)-1),"") | K39: =IFERROR(E39-J39,"") | L39: =IFERROR((INDEX(HIST_D!$AD$8:$AD$791,Control!$B$11)/INDEX(HIST_D!$AD$8:$AD$791,1)-1),"") | M39: =IFERROR(-(INDEX(HIST_D!$I$8:$I$791,1)/INDEX(HIST_D!$I$8:$I$791,Control!$B$11)-1),"") | N39: =IFERROR(L39-M39,"") | O39: =IFERROR(IF(ABS(M39)<0.005,"n/m",L39/M39),"n/m") | P39: =IFERROR(SLOPE(HIST_D!$DK$8:INDEX(HIST_D!$DK$8:$DK$791,Control!$B$12),HIST_D!$BX$8:INDEX(HIST_D!$BX$8:$BX$791,Control!$B$12)),"") | Q39: =IFERROR(P39*(INDEX(HIST_D!$I$8:$I$791,1)/INDEX(HIST_D!$I$8:$I$791,Control!$B$11)-1),"") | R39: =IFERROR(L39-Q39,"")
A40: EM Asia average | B40: n=7 | E40: =IFERROR(AVERAGE(E33,E34,E35,E36,E37,E38,E39),"") | F40: =IFERROR(AVERAGE(F33,F34,F35,F36,F37,F38,F39),"") | G40: =IFERROR(AVERAGE(G33,G34,G35,G36,G37,G38,G39),"") | H40: =IFERROR(IF(ABS(F40)<0.005,"n/m",E40/F40),"n/m") | I40: =IFERROR(AVERAGE(I33,I34,I35,I36,I37,I38,I39),"") | J40: =IFERROR(AVERAGE(J33,J34,J35,J36,J37,J38,J39),"") | K40: =IFERROR(AVERAGE(K33,K34,K35,K36,K37,K38,K39),"") | L40: =IFERROR(AVERAGE(L33,L34,L35,L36,L37,L38,L39),"") | M40: =IFERROR(AVERAGE(M33,M34,M35,M36,M37,M38,M39),"") | N40: =IFERROR(AVERAGE(N33,N34,N35,N36,N37,N38,N39),"") | O40: =IFERROR(IF(ABS(M40)<0.005,"n/m",L40/M40),"n/m") | P40: =IFERROR(AVERAGE(P33,P34,P35,P36,P37,P38,P39),"") | Q40: =IFERROR(AVERAGE(Q33,Q34,Q35,Q36,Q37,Q38,Q39),"") | R40: =IFERROR(AVERAGE(R33,R34,R35,R36,R37,R38,R39),"")
A41: =IFERROR("EM Asia: the currency returned "&TEXT($E$40,"+0.0%;-0.0%")&" on the month; a beta-of-one to the dollar implies "&TEXT($F$40,"+0.0%;-0.0%")&", so "&TEXT($G$40,"+0.0%;-0.0%")&" is ex-dollar"&IF(ISNUMBER($H$40)," (pass-through "&TEXT($H$40,"0.00")&"x)","")&". Against its 2y beta to DXY of "&TEXT($I$40,"0.00")&" the surprise is "&TEXT($K$40,"+0.0%;-0.0%")&". YTD: "&TEXT($L$40,"+0.0%;-0.0%")&", of which "&TEXT($N$40,"+0.0%;-0.0%")&" ex-dollar. "&IF($K$40>0.005,"Stronger than the dollar relationship implies — intrinsic support.",IF($K$40<-0.005,"Weaker than the dollar relationship implies — intrinsic pressure.","In line with the dollar; nothing EM-specific here.")),"")
A43: EM AVERAGE AND MEMO
A44: Country | B44: Region | C44: Level | D44: In avg | E44: 1M: Total: return on EM ccy | F44: 1M: US-driven: -(DXY return) | G44: 1M: Intrinsic: return ex-dollar | H44: 1M: Pass-through (total / US) | I44: 1M: Beta to DXY (2y) | J44: 1M: Predicted by beta | K44: 1M: Surprise: actual less predicted | L44: YTD: Total: return on EM ccy | M44: YTD: US-driven: -(DXY return) | N44: YTD: Intrinsic: return ex-dollar | O44: YTD: Pass-through (total / US) | P44: YTD: Beta to DXY (2y) | Q44: YTD: Predicted by beta | R44: YTD: Surprise: actual less predicted
A45: EM average (all flagged) | B45: n=17 | E45: =IFERROR(AVERAGE(E6,E7,E8,E9,E10,E16,E17,E18,E19,E26,E33,E34,E35,E36,E37,E38,E39),"") | F45: =IFERROR(AVERAGE(F6,F7,F8,F9,F10,F16,F17,F18,F19,F26,F33,F34,F35,F36,F37,F38,F39),"") | G45: =IFERROR(AVERAGE(G6,G7,G8,G9,G10,G16,G17,G18,G19,G26,G33,G34,G35,G36,G37,G38,G39),"") | H45: =IFERROR(IF(ABS(F45)<0.005,"n/m",E45/F45),"n/m") | I45: =IFERROR(AVERAGE(I6,I7,I8,I9,I10,I16,I17,I18,I19,I26,I33,I34,I35,I36,I37,I38,I39),"") | J45: =IFERROR(AVERAGE(J6,J7,J8,J9,J10,J16,J17,J18,J19,J26,J33,J34,J35,J36,J37,J38,J39),"") | K45: =IFERROR(AVERAGE(K6,K7,K8,K9,K10,K16,K17,K18,K19,K26,K33,K34,K35,K36,K37,K38,K39),"") | L45: =IFERROR(AVERAGE(L6,L7,L8,L9,L10,L16,L17,L18,L19,L26,L33,L34,L35,L36,L37,L38,L39),"") | M45: =IFERROR(AVERAGE(M6,M7,M8,M9,M10,M16,M17,M18,M19,M26,M33,M34,M35,M36,M37,M38,M39),"") | N45: =IFERROR(AVERAGE(N6,N7,N8,N9,N10,N16,N17,N18,N19,N26,N33,N34,N35,N36,N37,N38,N39),"") | O45: =IFERROR(IF(ABS(M45)<0.005,"n/m",L45/M45),"n/m") | P45: =IFERROR(AVERAGE(P6,P7,P8,P9,P10,P16,P17,P18,P19,P26,P33,P34,P35,P36,P37,P38,P39),"") | Q45: =IFERROR(AVERAGE(Q6,Q7,Q8,Q9,Q10,Q16,Q17,Q18,Q19,Q26,Q33,Q34,Q35,Q36,Q37,Q38,Q39),"") | R45: =IFERROR(AVERAGE(R6,R7,R8,R9,R10,R16,R17,R18,R19,R26,R33,R34,R35,R36,R37,R38,R39),"")
A46: South Africa | B46: (memo) | C46: =INDEX(HIST_D!$AE$8:$AE$791,1) | D46: no | E46: =IFERROR((INDEX(HIST_D!$AE$8:$AE$791,Control!$B$10)/INDEX(HIST_D!$AE$8:$AE$791,1)-1),"") | F46: =IFERROR(-(INDEX(HIST_D!$I$8:$I$791,1)/INDEX(HIST_D!$I$8:$I$791,Control!$B$10)-1),"") | G46: =IFERROR(E46-F46,"") | H46: =IFERROR(IF(ABS(F46)<0.005,"n/m",E46/F46),"n/m") | I46: =IFERROR(SLOPE(HIST_D!$DL$8:INDEX(HIST_D!$DL$8:$DL$791,Control!$B$12),HIST_D!$BX$8:INDEX(HIST_D!$BX$8:$BX$791,Control!$B$12)),"") | J46: =IFERROR(I46*(INDEX(HIST_D!$I$8:$I$791,1)/INDEX(HIST_D!$I$8:$I$791,Control!$B$10)-1),"") | K46: =IFERROR(E46-J46,"") | L46: =IFERROR((INDEX(HIST_D!$AE$8:$AE$791,Control!$B$11)/INDEX(HIST_D!$AE$8:$AE$791,1)-1),"") | M46: =IFERROR(-(INDEX(HIST_D!$I$8:$I$791,1)/INDEX(HIST_D!$I$8:$I$791,Control!$B$11)-1),"") | N46: =IFERROR(L46-M46,"") | O46: =IFERROR(IF(ABS(M46)<0.005,"n/m",L46/M46),"n/m") | P46: =IFERROR(SLOPE(HIST_D!$DL$8:INDEX(HIST_D!$DL$8:$DL$791,Control!$B$12),HIST_D!$BX$8:INDEX(HIST_D!$BX$8:$BX$791,Control!$B$12)),"") | Q46: =IFERROR(P46*(INDEX(HIST_D!$I$8:$I$791,1)/INDEX(HIST_D!$I$8:$I$791,Control!$B$11)-1),"") | R46: =IFERROR(L46-Q46,"") | S46: not in any of the four regions you named; shown as a memo line, in no average
A47: =IFERROR("EM: the currency returned "&TEXT($E$45,"+0.0%;-0.0%")&" on the month; a beta-of-one to the dollar implies "&TEXT($F$45,"+0.0%;-0.0%")&", so "&TEXT($G$45,"+0.0%;-0.0%")&" is ex-dollar"&IF(ISNUMBER($H$45)," (pass-through "&TEXT($H$45,"0.00")&"x)","")&". Against its 2y beta to DXY of "&TEXT($I$45,"0.00")&" the surprise is "&TEXT($K$45,"+0.0%;-0.0%")&". YTD: "&TEXT($L$45,"+0.0%;-0.0%")&", of which "&TEXT($N$45,"+0.0%;-0.0%")&" ex-dollar. "&IF($K$45>0.005,"Stronger than the dollar relationship implies — intrinsic support.",IF($K$45<-0.005,"Weaker than the dollar relationship implies — intrinsic pressure.","In line with the dollar; nothing EM-specific here.")),"")

Sheet Credit
A1: EM USD SOVEREIGN CREDIT — 5y CDS as the spread, by country and region
A2: A 5y USD sovereign yield is UST 5Y + spread, so d(yield) = d(UST 5Y) + d(CDS 5Y). This split is exact: US-driven is Treasuries, intrinsic is the spread. US share = Treasuries / total yield move.
A4: LATAM
A5: Country | B5: Region | C5: Level | D5: In avg | E5: 1M: Total: d(UST 5Y + CDS) (bp) | F5: 1M: US-driven: d UST 5Y (bp) | G5: 1M: Intrinsic: d CDS 5Y (bp) | H5: 1M: US share (UST / total) | I5: 1M: Spread beta to UST 5Y (2y) | J5: 1M: Predicted d spread (bp) | K5: 1M: Spread surprise: actual less predicted (bp) | L5: YTD: Total: d(UST 5Y + CDS) (bp) | M5: YTD: US-driven: d UST 5Y (bp) | N5: YTD: Intrinsic: d CDS 5Y (bp) | O5: YTD: US share (UST / total) | P5: YTD: Spread beta to UST 5Y (2y) | Q5: YTD: Predicted d spread (bp) | R5: YTD: Spread surprise: actual less predicted (bp)
A6: Brazil | B6: LatAm | C6: =INDEX(HIST_D!$AZ$8:$AZ$791,1) | D6: yes | E6: =IFERROR((INDEX(HIST_D!$C$8:$C$791,1)-INDEX(HIST_D!$C$8:$C$791,Control!$B$10))*100+(INDEX(HIST_D!$AZ$8:$AZ$791,1)-INDEX(HIST_D!$AZ$8:$AZ$791,Control!$B$10)),"") | F6: =IFERROR((INDEX(HIST_D!$C$8:$C$791,1)-INDEX(HIST_D!$C$8:$C$791,Control!$B$10))*100,"") | G6: =IFERROR((INDEX(HIST_D!$AZ$8:$AZ$791,1)-INDEX(HIST_D!$AZ$8:$AZ$791,Control!$B$10)),"") | H6: =IFERROR(IF(ABS(E6)<1,"n/m",F6/E6),"n/m") | I6: =IFERROR(SLOPE(HIST_D!$DM$8:INDEX(HIST_D!$DM$8:$DM$791,Control!$B$12),HIST_D!$BW$8:INDEX(HIST_D!$BW$8:$BW$791,Control!$B$12)),"") | J6: =IFERROR(I6*(INDEX(HIST_D!$C$8:$C$791,1)-INDEX(HIST_D!$C$8:$C$791,Control!$B$10))*100,"") | K6: =IFERROR(G6-J6,"") | L6: =IFERROR((INDEX(HIST_D!$C$8:$C$791,1)-INDEX(HIST_D!$C$8:$C$791,Control!$B$11))*100+(INDEX(HIST_D!$AZ$8:$AZ$791,1)-INDEX(HIST_D!$AZ$8:$AZ$791,Control!$B$11)),"") | M6: =IFERROR((INDEX(HIST_D!$C$8:$C$791,1)-INDEX(HIST_D!$C$8:$C$791,Control!$B$11))*100,"") | N6: =IFERROR((INDEX(HIST_D!$AZ$8:$AZ$791,1)-INDEX(HIST_D!$AZ$8:$AZ$791,Control!$B$11)),"") | O6: =IFERROR(IF(ABS(L6)<1,"n/m",M6/L6),"n/m") | P6: =IFERROR(SLOPE(HIST_D!$DM$8:INDEX(HIST_D!$DM$8:$DM$791,Control!$B$12),HIST_D!$BW$8:INDEX(HIST_D!$BW$8:$BW$791,Control!$B$12)),"") | Q6: =IFERROR(P6*(INDEX(HIST_D!$C$8:$C$791,1)-INDEX(HIST_D!$C$8:$C$791,Control!$B$11))*100,"") | R6: =IFERROR(N6-Q6,"")
A7: Mexico | B7: LatAm | C7: =INDEX(HIST_D!$BA$8:$BA$791,1) | D7: yes | E7: =IFERROR((INDEX(HIST_D!$C$8:$C$791,1)-INDEX(HIST_D!$C$8:$C$791,Control!$B$10))*100+(INDEX(HIST_D!$BA$8:$BA$791,1)-INDEX(HIST_D!$BA$8:$BA$791,Control!$B$10)),"") | F7: =IFERROR((INDEX(HIST_D!$C$8:$C$791,1)-INDEX(HIST_D!$C$8:$C$791,Control!$B$10))*100,"") | G7: =IFERROR((INDEX(HIST_D!$BA$8:$BA$791,1)-INDEX(HIST_D!$BA$8:$BA$791,Control!$B$10)),"") | H7: =IFERROR(IF(ABS(E7)<1,"n/m",F7/E7),"n/m") | I7: =IFERROR(SLOPE(HIST_D!$DN$8:INDEX(HIST_D!$DN$8:$DN$791,Control!$B$12),HIST_D!$BW$8:INDEX(HIST_D!$BW$8:$BW$791,Control!$B$12)),"") | J7: =IFERROR(I7*(INDEX(HIST_D!$C$8:$C$791,1)-INDEX(HIST_D!$C$8:$C$791,Control!$B$10))*100,"") | K7: =IFERROR(G7-J7,"") | L7: =IFERROR((INDEX(HIST_D!$C$8:$C$791,1)-INDEX(HIST_D!$C$8:$C$791,Control!$B$11))*100+(INDEX(HIST_D!$BA$8:$BA$791,1)-INDEX(HIST_D!$BA$8:$BA$791,Control!$B$11)),"") | M7: =IFERROR((INDEX(HIST_D!$C$8:$C$791,1)-INDEX(HIST_D!$C$8:$C$791,Control!$B$11))*100,"") | N7: =IFERROR((INDEX(HIST_D!$BA$8:$BA$791,1)-INDEX(HIST_D!$BA$8:$BA$791,Control!$B$11)),"") | O7: =IFERROR(IF(ABS(L7)<1,"n/m",M7/L7),"n/m") | P7: =IFERROR(SLOPE(HIST_D!$DN$8:INDEX(HIST_D!$DN$8:$DN$791,Control!$B$12),HIST_D!$BW$8:INDEX(HIST_D!$BW$8:$BW$791,Control!$B$12)),"") | Q7: =IFERROR(P7*(INDEX(HIST_D!$C$8:$C$791,1)-INDEX(HIST_D!$C$8:$C$791,Control!$B$11))*100,"") | R7: =IFERROR(N7-Q7,"")
A8: Chile | B8: LatAm | C8: =INDEX(HIST_D!$BB$8:$BB$791,1) | D8: yes | E8: =IFERROR((INDEX(HIST_D!$C$8:$C$791,1)-INDEX(HIST_D!$C$8:$C$791,Control!$B$10))*100+(INDEX(HIST_D!$BB$8:$BB$791,1)-INDEX(HIST_D!$BB$8:$BB$791,Control!$B$10)),"") | F8: =IFERROR((INDEX(HIST_D!$C$8:$C$791,1)-INDEX(HIST_D!$C$8:$C$791,Control!$B$10))*100,"") | G8: =IFERROR((INDEX(HIST_D!$BB$8:$BB$791,1)-INDEX(HIST_D!$BB$8:$BB$791,Control!$B$10)),"") | H8: =IFERROR(IF(ABS(E8)<1,"n/m",F8/E8),"n/m") | I8: =IFERROR(SLOPE(HIST_D!$DO$8:INDEX(HIST_D!$DO$8:$DO$791,Control!$B$12),HIST_D!$BW$8:INDEX(HIST_D!$BW$8:$BW$791,Control!$B$12)),"") | J8: =IFERROR(I8*(INDEX(HIST_D!$C$8:$C$791,1)-INDEX(HIST_D!$C$8:$C$791,Control!$B$10))*100,"") | K8: =IFERROR(G8-J8,"") | L8: =IFERROR((INDEX(HIST_D!$C$8:$C$791,1)-INDEX(HIST_D!$C$8:$C$791,Control!$B$11))*100+(INDEX(HIST_D!$BB$8:$BB$791,1)-INDEX(HIST_D!$BB$8:$BB$791,Control!$B$11)),"") | M8: =IFERROR((INDEX(HIST_D!$C$8:$C$791,1)-INDEX(HIST_D!$C$8:$C$791,Control!$B$11))*100,"") | N8: =IFERROR((INDEX(HIST_D!$BB$8:$BB$791,1)-INDEX(HIST_D!$BB$8:$BB$791,Control!$B$11)),"") | O8: =IFERROR(IF(ABS(L8)<1,"n/m",M8/L8),"n/m") | P8: =IFERROR(SLOPE(HIST_D!$DO$8:INDEX(HIST_D!$DO$8:$DO$791,Control!$B$12),HIST_D!$BW$8:INDEX(HIST_D!$BW$8:$BW$791,Control!$B$12)),"") | Q8: =IFERROR(P8*(INDEX(HIST_D!$C$8:$C$791,1)-INDEX(HIST_D!$C$8:$C$791,Control!$B$11))*100,"") | R8: =IFERROR(N8-Q8,"")
A9: Colombia | B9: LatAm | C9: =INDEX(HIST_D!$BC$8:$BC$791,1) | D9: yes | E9: =IFERROR((INDEX(HIST_D!$C$8:$C$791,1)-INDEX(HIST_D!$C$8:$C$791,Control!$B$10))*100+(INDEX(HIST_D!$BC$8:$BC$791,1)-INDEX(HIST_D!$BC$8:$BC$791,Control!$B$10)),"") | F9: =IFERROR((INDEX(HIST_D!$C$8:$C$791,1)-INDEX(HIST_D!$C$8:$C$791,Control!$B$10))*100,"") | G9: =IFERROR((INDEX(HIST_D!$BC$8:$BC$791,1)-INDEX(HIST_D!$BC$8:$BC$791,Control!$B$10)),"") | H9: =IFERROR(IF(ABS(E9)<1,"n/m",F9/E9),"n/m") | I9: =IFERROR(SLOPE(HIST_D!$DP$8:INDEX(HIST_D!$DP$8:$DP$791,Control!$B$12),HIST_D!$BW$8:INDEX(HIST_D!$BW$8:$BW$791,Control!$B$12)),"") | J9: =IFERROR(I9*(INDEX(HIST_D!$C$8:$C$791,1)-INDEX(HIST_D!$C$8:$C$791,Control!$B$10))*100,"") | K9: =IFERROR(G9-J9,"") | L9: =IFERROR((INDEX(HIST_D!$C$8:$C$791,1)-INDEX(HIST_D!$C$8:$C$791,Control!$B$11))*100+(INDEX(HIST_D!$BC$8:$BC$791,1)-INDEX(HIST_D!$BC$8:$BC$791,Control!$B$11)),"") | M9: =IFERROR((INDEX(HIST_D!$C$8:$C$791,1)-INDEX(HIST_D!$C$8:$C$791,Control!$B$11))*100,"") | N9: =IFERROR((INDEX(HIST_D!$BC$8:$BC$791,1)-INDEX(HIST_D!$BC$8:$BC$791,Control!$B$11)),"") | O9: =IFERROR(IF(ABS(L9)<1,"n/m",M9/L9),"n/m") | P9: =IFERROR(SLOPE(HIST_D!$DP$8:INDEX(HIST_D!$DP$8:$DP$791,Control!$B$12),HIST_D!$BW$8:INDEX(HIST_D!$BW$8:$BW$791,Control!$B$12)),"") | Q9: =IFERROR(P9*(INDEX(HIST_D!$C$8:$C$791,1)-INDEX(HIST_D!$C$8:$C$791,Control!$B$11))*100,"") | R9: =IFERROR(N9-Q9,"")
A10: Peru | B10: LatAm | C10: =INDEX(HIST_D!$BD$8:$BD$791,1) | D10: yes | E10: =IFERROR((INDEX(HIST_D!$C$8:$C$791,1)-INDEX(HIST_D!$C$8:$C$791,Control!$B$10))*100+(INDEX(HIST_D!$BD$8:$BD$791,1)-INDEX(HIST_D!$BD$8:$BD$791,Control!$B$10)),"") | F10: =IFERROR((INDEX(HIST_D!$C$8:$C$791,1)-INDEX(HIST_D!$C$8:$C$791,Control!$B$10))*100,"") | G10: =IFERROR((INDEX(HIST_D!$BD$8:$BD$791,1)-INDEX(HIST_D!$BD$8:$BD$791,Control!$B$10)),"") | H10: =IFERROR(IF(ABS(E10)<1,"n/m",F10/E10),"n/m") | I10: =IFERROR(SLOPE(HIST_D!$DQ$8:INDEX(HIST_D!$DQ$8:$DQ$791,Control!$B$12),HIST_D!$BW$8:INDEX(HIST_D!$BW$8:$BW$791,Control!$B$12)),"") | J10: =IFERROR(I10*(INDEX(HIST_D!$C$8:$C$791,1)-INDEX(HIST_D!$C$8:$C$791,Control!$B$10))*100,"") | K10: =IFERROR(G10-J10,"") | L10: =IFERROR((INDEX(HIST_D!$C$8:$C$791,1)-INDEX(HIST_D!$C$8:$C$791,Control!$B$11))*100+(INDEX(HIST_D!$BD$8:$BD$791,1)-INDEX(HIST_D!$BD$8:$BD$791,Control!$B$11)),"") | M10: =IFERROR((INDEX(HIST_D!$C$8:$C$791,1)-INDEX(HIST_D!$C$8:$C$791,Control!$B$11))*100,"") | N10: =IFERROR((INDEX(HIST_D!$BD$8:$BD$791,1)-INDEX(HIST_D!$BD$8:$BD$791,Control!$B$11)),"") | O10: =IFERROR(IF(ABS(L10)<1,"n/m",M10/L10),"n/m") | P10: =IFERROR(SLOPE(HIST_D!$DQ$8:INDEX(HIST_D!$DQ$8:$DQ$791,Control!$B$12),HIST_D!$BW$8:INDEX(HIST_D!$BW$8:$BW$791,Control!$B$12)),"") | Q10: =IFERROR(P10*(INDEX(HIST_D!$C$8:$C$791,1)-INDEX(HIST_D!$C$8:$C$791,Control!$B$11))*100,"") | R10: =IFERROR(N10-Q10,"")
A11: LatAm average | B11: n=5 | E11: =IFERROR(AVERAGE(E6,E7,E8,E9,E10),"") | F11: =IFERROR(AVERAGE(F6,F7,F8,F9,F10),"") | G11: =IFERROR(AVERAGE(G6,G7,G8,G9,G10),"") | H11: =IFERROR(IF(ABS(E11)<1,"n/m",F11/E11),"n/m") | I11: =IFERROR(AVERAGE(I6,I7,I8,I9,I10),"") | J11: =IFERROR(AVERAGE(J6,J7,J8,J9,J10),"") | K11: =IFERROR(AVERAGE(K6,K7,K8,K9,K10),"") | L11: =IFERROR(AVERAGE(L6,L7,L8,L9,L10),"") | M11: =IFERROR(AVERAGE(M6,M7,M8,M9,M10),"") | N11: =IFERROR(AVERAGE(N6,N7,N8,N9,N10),"") | O11: =IFERROR(IF(ABS(L11)<1,"n/m",M11/L11),"n/m") | P11: =IFERROR(AVERAGE(P6,P7,P8,P9,P10),"") | Q11: =IFERROR(AVERAGE(Q6,Q7,Q8,Q9,Q10),"") | R11: =IFERROR(AVERAGE(R6,R7,R8,R9,R10),"")
A12: =IFERROR("LatAm: the 5y USD yield proxy moved "&TEXT($E$11,"+0;-0")&"bp on the month — "&TEXT($F$11,"+0;-0")&"bp Treasuries, "&TEXT($G$11,"+0;-0")&"bp spread"&IF(ISNUMBER($H$11),", so "&TEXT($H$11,"0%")&" of the move is the US","")&". YTD "&TEXT($L$11,"+0;-0")&"bp: "&TEXT($M$11,"+0;-0")&"bp Treasuries, "&TEXT($N$11,"+0;-0")&"bp spread. "&IF($G$11<=0,"Spreads did not widen into the Treasury move — the loss here is duration, not credit.",IF($G$11<$F$11*0.5,"Spreads widened, but by less than half the Treasury move — mostly a duration story.","Spreads widened by a comparable amount to Treasuries — this is being repriced for credit, not just rates.")),"")
A14: EM EUROPE
A15: Country | B15: Region | C15: Level | D15: In avg | E15: 1M: Total: d(UST 5Y + CDS) (bp) | F15: 1M: US-driven: d UST 5Y (bp) | G15: 1M: Intrinsic: d CDS 5Y (bp) | H15: 1M: US share (UST / total) | I15: 1M: Spread beta to UST 5Y (2y) | J15: 1M: Predicted d spread (bp) | K15: 1M: Spread surprise: actual less predicted (bp) | L15: YTD: Total: d(UST 5Y + CDS) (bp) | M15: YTD: US-driven: d UST 5Y (bp) | N15: YTD: Intrinsic: d CDS 5Y (bp) | O15: YTD: US share (UST / total) | P15: YTD: Spread beta to UST 5Y (2y) | Q15: YTD: Predicted d spread (bp) | R15: YTD: Spread surprise: actual less predicted (bp)
A16: Poland | B16: EM Europe | C16: =INDEX(HIST_D!$BE$8:$BE$791,1) | D16: yes | E16: =IFERROR((INDEX(HIST_D!$C$8:$C$791,1)-INDEX(HIST_D!$C$8:$C$791,Control!$B$10))*100+(INDEX(HIST_D!$BE$8:$BE$791,1)-INDEX(HIST_D!$BE$8:$BE$791,Control!$B$10)),"") | F16: =IFERROR((INDEX(HIST_D!$C$8:$C$791,1)-INDEX(HIST_D!$C$8:$C$791,Control!$B$10))*100,"") | G16: =IFERROR((INDEX(HIST_D!$BE$8:$BE$791,1)-INDEX(HIST_D!$BE$8:$BE$791,Control!$B$10)),"") | H16: =IFERROR(IF(ABS(E16)<1,"n/m",F16/E16),"n/m") | I16: =IFERROR(SLOPE(HIST_D!$DR$8:INDEX(HIST_D!$DR$8:$DR$791,Control!$B$12),HIST_D!$BW$8:INDEX(HIST_D!$BW$8:$BW$791,Control!$B$12)),"") | J16: =IFERROR(I16*(INDEX(HIST_D!$C$8:$C$791,1)-INDEX(HIST_D!$C$8:$C$791,Control!$B$10))*100,"") | K16: =IFERROR(G16-J16,"") | L16: =IFERROR((INDEX(HIST_D!$C$8:$C$791,1)-INDEX(HIST_D!$C$8:$C$791,Control!$B$11))*100+(INDEX(HIST_D!$BE$8:$BE$791,1)-INDEX(HIST_D!$BE$8:$BE$791,Control!$B$11)),"") | M16: =IFERROR((INDEX(HIST_D!$C$8:$C$791,1)-INDEX(HIST_D!$C$8:$C$791,Control!$B$11))*100,"") | N16: =IFERROR((INDEX(HIST_D!$BE$8:$BE$791,1)-INDEX(HIST_D!$BE$8:$BE$791,Control!$B$11)),"") | O16: =IFERROR(IF(ABS(L16)<1,"n/m",M16/L16),"n/m") | P16: =IFERROR(SLOPE(HIST_D!$DR$8:INDEX(HIST_D!$DR$8:$DR$791,Control!$B$12),HIST_D!$BW$8:INDEX(HIST_D!$BW$8:$BW$791,Control!$B$12)),"") | Q16: =IFERROR(P16*(INDEX(HIST_D!$C$8:$C$791,1)-INDEX(HIST_D!$C$8:$C$791,Control!$B$11))*100,"") | R16: =IFERROR(N16-Q16,"")
A17: Hungary | B17: EM Europe | C17: =INDEX(HIST_D!$BF$8:$BF$791,1) | D17: yes | E17: =IFERROR((INDEX(HIST_D!$C$8:$C$791,1)-INDEX(HIST_D!$C$8:$C$791,Control!$B$10))*100+(INDEX(HIST_D!$BF$8:$BF$791,1)-INDEX(HIST_D!$BF$8:$BF$791,Control!$B$10)),"") | F17: =IFERROR((INDEX(HIST_D!$C$8:$C$791,1)-INDEX(HIST_D!$C$8:$C$791,Control!$B$10))*100,"") | G17: =IFERROR((INDEX(HIST_D!$BF$8:$BF$791,1)-INDEX(HIST_D!$BF$8:$BF$791,Control!$B$10)),"") | H17: =IFERROR(IF(ABS(E17)<1,"n/m",F17/E17),"n/m") | I17: =IFERROR(SLOPE(HIST_D!$DS$8:INDEX(HIST_D!$DS$8:$DS$791,Control!$B$12),HIST_D!$BW$8:INDEX(HIST_D!$BW$8:$BW$791,Control!$B$12)),"") | J17: =IFERROR(I17*(INDEX(HIST_D!$C$8:$C$791,1)-INDEX(HIST_D!$C$8:$C$791,Control!$B$10))*100,"") | K17: =IFERROR(G17-J17,"") | L17: =IFERROR((INDEX(HIST_D!$C$8:$C$791,1)-INDEX(HIST_D!$C$8:$C$791,Control!$B$11))*100+(INDEX(HIST_D!$BF$8:$BF$791,1)-INDEX(HIST_D!$BF$8:$BF$791,Control!$B$11)),"") | M17: =IFERROR((INDEX(HIST_D!$C$8:$C$791,1)-INDEX(HIST_D!$C$8:$C$791,Control!$B$11))*100,"") | N17: =IFERROR((INDEX(HIST_D!$BF$8:$BF$791,1)-INDEX(HIST_D!$BF$8:$BF$791,Control!$B$11)),"") | O17: =IFERROR(IF(ABS(L17)<1,"n/m",M17/L17),"n/m") | P17: =IFERROR(SLOPE(HIST_D!$DS$8:INDEX(HIST_D!$DS$8:$DS$791,Control!$B$12),HIST_D!$BW$8:INDEX(HIST_D!$BW$8:$BW$791,Control!$B$12)),"") | Q17: =IFERROR(P17*(INDEX(HIST_D!$C$8:$C$791,1)-INDEX(HIST_D!$C$8:$C$791,Control!$B$11))*100,"") | R17: =IFERROR(N17-Q17,"")
A18: Czechia | B18: EM Europe | C18: =INDEX(HIST_D!$BG$8:$BG$791,1) | D18: yes | E18: =IFERROR((INDEX(HIST_D!$C$8:$C$791,1)-INDEX(HIST_D!$C$8:$C$791,Control!$B$10))*100+(INDEX(HIST_D!$BG$8:$BG$791,1)-INDEX(HIST_D!$BG$8:$BG$791,Control!$B$10)),"") | F18: =IFERROR((INDEX(HIST_D!$C$8:$C$791,1)-INDEX(HIST_D!$C$8:$C$791,Control!$B$10))*100,"") | G18: =IFERROR((INDEX(HIST_D!$BG$8:$BG$791,1)-INDEX(HIST_D!$BG$8:$BG$791,Control!$B$10)),"") | H18: =IFERROR(IF(ABS(E18)<1,"n/m",F18/E18),"n/m") | I18: =IFERROR(SLOPE(HIST_D!$DT$8:INDEX(HIST_D!$DT$8:$DT$791,Control!$B$12),HIST_D!$BW$8:INDEX(HIST_D!$BW$8:$BW$791,Control!$B$12)),"") | J18: =IFERROR(I18*(INDEX(HIST_D!$C$8:$C$791,1)-INDEX(HIST_D!$C$8:$C$791,Control!$B$10))*100,"") | K18: =IFERROR(G18-J18,"") | L18: =IFERROR((INDEX(HIST_D!$C$8:$C$791,1)-INDEX(HIST_D!$C$8:$C$791,Control!$B$11))*100+(INDEX(HIST_D!$BG$8:$BG$791,1)-INDEX(HIST_D!$BG$8:$BG$791,Control!$B$11)),"") | M18: =IFERROR((INDEX(HIST_D!$C$8:$C$791,1)-INDEX(HIST_D!$C$8:$C$791,Control!$B$11))*100,"") | N18: =IFERROR((INDEX(HIST_D!$BG$8:$BG$791,1)-INDEX(HIST_D!$BG$8:$BG$791,Control!$B$11)),"") | O18: =IFERROR(IF(ABS(L18)<1,"n/m",M18/L18),"n/m") | P18: =IFERROR(SLOPE(HIST_D!$DT$8:INDEX(HIST_D!$DT$8:$DT$791,Control!$B$12),HIST_D!$BW$8:INDEX(HIST_D!$BW$8:$BW$791,Control!$B$12)),"") | Q18: =IFERROR(P18*(INDEX(HIST_D!$C$8:$C$791,1)-INDEX(HIST_D!$C$8:$C$791,Control!$B$11))*100,"") | R18: =IFERROR(N18-Q18,"")
A19: Romania | B19: EM Europe | C19: =INDEX(HIST_D!$BH$8:$BH$791,1) | D19: yes | E19: =IFERROR((INDEX(HIST_D!$C$8:$C$791,1)-INDEX(HIST_D!$C$8:$C$791,Control!$B$10))*100+(INDEX(HIST_D!$BH$8:$BH$791,1)-INDEX(HIST_D!$BH$8:$BH$791,Control!$B$10)),"") | F19: =IFERROR((INDEX(HIST_D!$C$8:$C$791,1)-INDEX(HIST_D!$C$8:$C$791,Control!$B$10))*100,"") | G19: =IFERROR((INDEX(HIST_D!$BH$8:$BH$791,1)-INDEX(HIST_D!$BH$8:$BH$791,Control!$B$10)),"") | H19: =IFERROR(IF(ABS(E19)<1,"n/m",F19/E19),"n/m") | I19: =IFERROR(SLOPE(HIST_D!$DU$8:INDEX(HIST_D!$DU$8:$DU$791,Control!$B$12),HIST_D!$BW$8:INDEX(HIST_D!$BW$8:$BW$791,Control!$B$12)),"") | J19: =IFERROR(I19*(INDEX(HIST_D!$C$8:$C$791,1)-INDEX(HIST_D!$C$8:$C$791,Control!$B$10))*100,"") | K19: =IFERROR(G19-J19,"") | L19: =IFERROR((INDEX(HIST_D!$C$8:$C$791,1)-INDEX(HIST_D!$C$8:$C$791,Control!$B$11))*100+(INDEX(HIST_D!$BH$8:$BH$791,1)-INDEX(HIST_D!$BH$8:$BH$791,Control!$B$11)),"") | M19: =IFERROR((INDEX(HIST_D!$C$8:$C$791,1)-INDEX(HIST_D!$C$8:$C$791,Control!$B$11))*100,"") | N19: =IFERROR((INDEX(HIST_D!$BH$8:$BH$791,1)-INDEX(HIST_D!$BH$8:$BH$791,Control!$B$11)),"") | O19: =IFERROR(IF(ABS(L19)<1,"n/m",M19/L19),"n/m") | P19: =IFERROR(SLOPE(HIST_D!$DU$8:INDEX(HIST_D!$DU$8:$DU$791,Control!$B$12),HIST_D!$BW$8:INDEX(HIST_D!$BW$8:$BW$791,Control!$B$12)),"") | Q19: =IFERROR(P19*(INDEX(HIST_D!$C$8:$C$791,1)-INDEX(HIST_D!$C$8:$C$791,Control!$B$11))*100,"") | R19: =IFERROR(N19-Q19,"")
A20: Turkiye | B20: EM Europe | C20: =INDEX(HIST_D!$BI$8:$BI$791,1) | D20: yes | E20: =IFERROR((INDEX(HIST_D!$C$8:$C$791,1)-INDEX(HIST_D!$C$8:$C$791,Control!$B$10))*100+(INDEX(HIST_D!$BI$8:$BI$791,1)-INDEX(HIST_D!$BI$8:$BI$791,Control!$B$10)),"") | F20: =IFERROR((INDEX(HIST_D!$C$8:$C$791,1)-INDEX(HIST_D!$C$8:$C$791,Control!$B$10))*100,"") | G20: =IFERROR((INDEX(HIST_D!$BI$8:$BI$791,1)-INDEX(HIST_D!$BI$8:$BI$791,Control!$B$10)),"") | H20: =IFERROR(IF(ABS(E20)<1,"n/m",F20/E20),"n/m") | I20: =IFERROR(SLOPE(HIST_D!$DV$8:INDEX(HIST_D!$DV$8:$DV$791,Control!$B$12),HIST_D!$BW$8:INDEX(HIST_D!$BW$8:$BW$791,Control!$B$12)),"") | J20: =IFERROR(I20*(INDEX(HIST_D!$C$8:$C$791,1)-INDEX(HIST_D!$C$8:$C$791,Control!$B$10))*100,"") | K20: =IFERROR(G20-J20,"") | L20: =IFERROR((INDEX(HIST_D!$C$8:$C$791,1)-INDEX(HIST_D!$C$8:$C$791,Control!$B$11))*100+(INDEX(HIST_D!$BI$8:$BI$791,1)-INDEX(HIST_D!$BI$8:$BI$791,Control!$B$11)),"") | M20: =IFERROR((INDEX(HIST_D!$C$8:$C$791,1)-INDEX(HIST_D!$C$8:$C$791,Control!$B$11))*100,"") | N20: =IFERROR((INDEX(HIST_D!$BI$8:$BI$791,1)-INDEX(HIST_D!$BI$8:$BI$791,Control!$B$11)),"") | O20: =IFERROR(IF(ABS(L20)<1,"n/m",M20/L20),"n/m") | P20: =IFERROR(SLOPE(HIST_D!$DV$8:INDEX(HIST_D!$DV$8:$DV$791,Control!$B$12),HIST_D!$BW$8:INDEX(HIST_D!$BW$8:$BW$791,Control!$B$12)),"") | Q20: =IFERROR(P20*(INDEX(HIST_D!$C$8:$C$791,1)-INDEX(HIST_D!$C$8:$C$791,Control!$B$11))*100,"") | R20: =IFERROR(N20-Q20,"") | S20: excluded from rates and FX averages: structural depreciation and a 30% curve swamp an equal weight
A21: EM Europe average | B21: n=5 | E21: =IFERROR(AVERAGE(E16,E17,E18,E19,E20),"") | F21: =IFERROR(AVERAGE(F16,F17,F18,F19,F20),"") | G21: =IFERROR(AVERAGE(G16,G17,G18,G19,G20),"") | H21: =IFERROR(IF(ABS(E21)<1,"n/m",F21/E21),"n/m") | I21: =IFERROR(AVERAGE(I16,I17,I18,I19,I20),"") | J21: =IFERROR(AVERAGE(J16,J17,J18,J19,J20),"") | K21: =IFERROR(AVERAGE(K16,K17,K18,K19,K20),"") | L21: =IFERROR(AVERAGE(L16,L17,L18,L19,L20),"") | M21: =IFERROR(AVERAGE(M16,M17,M18,M19,M20),"") | N21: =IFERROR(AVERAGE(N16,N17,N18,N19,N20),"") | O21: =IFERROR(IF(ABS(L21)<1,"n/m",M21/L21),"n/m") | P21: =IFERROR(AVERAGE(P16,P17,P18,P19,P20),"") | Q21: =IFERROR(AVERAGE(Q16,Q17,Q18,Q19,Q20),"") | R21: =IFERROR(AVERAGE(R16,R17,R18,R19,R20),"")
A22: =IFERROR("EM Europe: the 5y USD yield proxy moved "&TEXT($E$21,"+0;-0")&"bp on the month — "&TEXT($F$21,"+0;-0")&"bp Treasuries, "&TEXT($G$21,"+0;-0")&"bp spread"&IF(ISNUMBER($H$21),", so "&TEXT($H$21,"0%")&" of the move is the US","")&". YTD "&TEXT($L$21,"+0;-0")&"bp: "&TEXT($M$21,"+0;-0")&"bp Treasuries, "&TEXT($N$21,"+0;-0")&"bp spread. "&IF($G$21<=0,"Spreads did not widen into the Treasury move — the loss here is duration, not credit.",IF($G$21<$F$21*0.5,"Spreads widened, but by less than half the Treasury move — mostly a duration story.","Spreads widened by a comparable amount to Treasuries — this is being repriced for credit, not just rates.")),"")
A24: MIDDLE EAST
A25: Country | B25: Region | C25: Level | D25: In avg | E25: 1M: Total: d(UST 5Y + CDS) (bp) | F25: 1M: US-driven: d UST 5Y (bp) | G25: 1M: Intrinsic: d CDS 5Y (bp) | H25: 1M: US share (UST / total) | I25: 1M: Spread beta to UST 5Y (2y) | J25: 1M: Predicted d spread (bp) | K25: 1M: Spread surprise: actual less predicted (bp) | L25: YTD: Total: d(UST 5Y + CDS) (bp) | M25: YTD: US-driven: d UST 5Y (bp) | N25: YTD: Intrinsic: d CDS 5Y (bp) | O25: YTD: US share (UST / total) | P25: YTD: Spread beta to UST 5Y (2y) | Q25: YTD: Predicted d spread (bp) | R25: YTD: Spread surprise: actual less predicted (bp)
A26: Saudi Arabia | B26: Middle East | C26: =INDEX(HIST_D!$BJ$8:$BJ$791,1) | D26: yes | E26: =IFERROR((INDEX(HIST_D!$C$8:$C$791,1)-INDEX(HIST_D!$C$8:$C$791,Control!$B$10))*100+(INDEX(HIST_D!$BJ$8:$BJ$791,1)-INDEX(HIST_D!$BJ$8:$BJ$791,Control!$B$10)),"") | F26: =IFERROR((INDEX(HIST_D!$C$8:$C$791,1)-INDEX(HIST_D!$C$8:$C$791,Control!$B$10))*100,"") | G26: =IFERROR((INDEX(HIST_D!$BJ$8:$BJ$791,1)-INDEX(HIST_D!$BJ$8:$BJ$791,Control!$B$10)),"") | H26: =IFERROR(IF(ABS(E26)<1,"n/m",F26/E26),"n/m") | I26: =IFERROR(SLOPE(HIST_D!$DW$8:INDEX(HIST_D!$DW$8:$DW$791,Control!$B$12),HIST_D!$BW$8:INDEX(HIST_D!$BW$8:$BW$791,Control!$B$12)),"") | J26: =IFERROR(I26*(INDEX(HIST_D!$C$8:$C$791,1)-INDEX(HIST_D!$C$8:$C$791,Control!$B$10))*100,"") | K26: =IFERROR(G26-J26,"") | L26: =IFERROR((INDEX(HIST_D!$C$8:$C$791,1)-INDEX(HIST_D!$C$8:$C$791,Control!$B$11))*100+(INDEX(HIST_D!$BJ$8:$BJ$791,1)-INDEX(HIST_D!$BJ$8:$BJ$791,Control!$B$11)),"") | M26: =IFERROR((INDEX(HIST_D!$C$8:$C$791,1)-INDEX(HIST_D!$C$8:$C$791,Control!$B$11))*100,"") | N26: =IFERROR((INDEX(HIST_D!$BJ$8:$BJ$791,1)-INDEX(HIST_D!$BJ$8:$BJ$791,Control!$B$11)),"") | O26: =IFERROR(IF(ABS(L26)<1,"n/m",M26/L26),"n/m") | P26: =IFERROR(SLOPE(HIST_D!$DW$8:INDEX(HIST_D!$DW$8:$DW$791,Control!$B$12),HIST_D!$BW$8:INDEX(HIST_D!$BW$8:$BW$791,Control!$B$12)),"") | Q26: =IFERROR(P26*(INDEX(HIST_D!$C$8:$C$791,1)-INDEX(HIST_D!$C$8:$C$791,Control!$B$11))*100,"") | R26: =IFERROR(N26-Q26,"") | S26: pegged; no local generic — credit only
A27: UAE (Abu Dhabi) | B27: Middle East | C27: =INDEX(HIST_D!$BK$8:$BK$791,1) | D27: yes | E27: =IFERROR((INDEX(HIST_D!$C$8:$C$791,1)-INDEX(HIST_D!$C$8:$C$791,Control!$B$10))*100+(INDEX(HIST_D!$BK$8:$BK$791,1)-INDEX(HIST_D!$BK$8:$BK$791,Control!$B$10)),"") | F27: =IFERROR((INDEX(HIST_D!$C$8:$C$791,1)-INDEX(HIST_D!$C$8:$C$791,Control!$B$10))*100,"") | G27: =IFERROR((INDEX(HIST_D!$BK$8:$BK$791,1)-INDEX(HIST_D!$BK$8:$BK$791,Control!$B$10)),"") | H27: =IFERROR(IF(ABS(E27)<1,"n/m",F27/E27),"n/m") | I27: =IFERROR(SLOPE(HIST_D!$DX$8:INDEX(HIST_D!$DX$8:$DX$791,Control!$B$12),HIST_D!$BW$8:INDEX(HIST_D!$BW$8:$BW$791,Control!$B$12)),"") | J27: =IFERROR(I27*(INDEX(HIST_D!$C$8:$C$791,1)-INDEX(HIST_D!$C$8:$C$791,Control!$B$10))*100,"") | K27: =IFERROR(G27-J27,"") | L27: =IFERROR((INDEX(HIST_D!$C$8:$C$791,1)-INDEX(HIST_D!$C$8:$C$791,Control!$B$11))*100+(INDEX(HIST_D!$BK$8:$BK$791,1)-INDEX(HIST_D!$BK$8:$BK$791,Control!$B$11)),"") | M27: =IFERROR((INDEX(HIST_D!$C$8:$C$791,1)-INDEX(HIST_D!$C$8:$C$791,Control!$B$11))*100,"") | N27: =IFERROR((INDEX(HIST_D!$BK$8:$BK$791,1)-INDEX(HIST_D!$BK$8:$BK$791,Control!$B$11)),"") | O27: =IFERROR(IF(ABS(L27)<1,"n/m",M27/L27),"n/m") | P27: =IFERROR(SLOPE(HIST_D!$DX$8:INDEX(HIST_D!$DX$8:$DX$791,Control!$B$12),HIST_D!$BW$8:INDEX(HIST_D!$BW$8:$BW$791,Control!$B$12)),"") | Q27: =IFERROR(P27*(INDEX(HIST_D!$C$8:$C$791,1)-INDEX(HIST_D!$C$8:$C$791,Control!$B$11))*100,"") | R27: =IFERROR(N27-Q27,"") | S27: pegged; no local generic — credit only
A28: Qatar | B28: Middle East | C28: =INDEX(HIST_D!$BL$8:$BL$791,1) | D28: yes | E28: =IFERROR((INDEX(HIST_D!$C$8:$C$791,1)-INDEX(HIST_D!$C$8:$C$791,Control!$B$10))*100+(INDEX(HIST_D!$BL$8:$BL$791,1)-INDEX(HIST_D!$BL$8:$BL$791,Control!$B$10)),"") | F28: =IFERROR((INDEX(HIST_D!$C$8:$C$791,1)-INDEX(HIST_D!$C$8:$C$791,Control!$B$10))*100,"") | G28: =IFERROR((INDEX(HIST_D!$BL$8:$BL$791,1)-INDEX(HIST_D!$BL$8:$BL$791,Control!$B$10)),"") | H28: =IFERROR(IF(ABS(E28)<1,"n/m",F28/E28),"n/m") | I28: =IFERROR(SLOPE(HIST_D!$DY$8:INDEX(HIST_D!$DY$8:$DY$791,Control!$B$12),HIST_D!$BW$8:INDEX(HIST_D!$BW$8:$BW$791,Control!$B$12)),"") | J28: =IFERROR(I28*(INDEX(HIST_D!$C$8:$C$791,1)-INDEX(HIST_D!$C$8:$C$791,Control!$B$10))*100,"") | K28: =IFERROR(G28-J28,"") | L28: =IFERROR((INDEX(HIST_D!$C$8:$C$791,1)-INDEX(HIST_D!$C$8:$C$791,Control!$B$11))*100+(INDEX(HIST_D!$BL$8:$BL$791,1)-INDEX(HIST_D!$BL$8:$BL$791,Control!$B$11)),"") | M28: =IFERROR((INDEX(HIST_D!$C$8:$C$791,1)-INDEX(HIST_D!$C$8:$C$791,Control!$B$11))*100,"") | N28: =IFERROR((INDEX(HIST_D!$BL$8:$BL$791,1)-INDEX(HIST_D!$BL$8:$BL$791,Control!$B$11)),"") | O28: =IFERROR(IF(ABS(L28)<1,"n/m",M28/L28),"n/m") | P28: =IFERROR(SLOPE(HIST_D!$DY$8:INDEX(HIST_D!$DY$8:$DY$791,Control!$B$12),HIST_D!$BW$8:INDEX(HIST_D!$BW$8:$BW$791,Control!$B$12)),"") | Q28: =IFERROR(P28*(INDEX(HIST_D!$C$8:$C$791,1)-INDEX(HIST_D!$C$8:$C$791,Control!$B$11))*100,"") | R28: =IFERROR(N28-Q28,"") | S28: pegged; no local generic — credit only
A29: Israel | B29: Middle East | C29: =INDEX(HIST_D!$BM$8:$BM$791,1) | D29: yes | E29: =IFERROR((INDEX(HIST_D!$C$8:$C$791,1)-INDEX(HIST_D!$C$8:$C$791,Control!$B$10))*100+(INDEX(HIST_D!$BM$8:$BM$791,1)-INDEX(HIST_D!$BM$8:$BM$791,Control!$B$10)),"") | F29: =IFERROR((INDEX(HIST_D!$C$8:$C$791,1)-INDEX(HIST_D!$C$8:$C$791,Control!$B$10))*100,"") | G29: =IFERROR((INDEX(HIST_D!$BM$8:$BM$791,1)-INDEX(HIST_D!$BM$8:$BM$791,Control!$B$10)),"") | H29: =IFERROR(IF(ABS(E29)<1,"n/m",F29/E29),"n/m") | I29: =IFERROR(SLOPE(HIST_D!$DZ$8:INDEX(HIST_D!$DZ$8:$DZ$791,Control!$B$12),HIST_D!$BW$8:INDEX(HIST_D!$BW$8:$BW$791,Control!$B$12)),"") | J29: =IFERROR(I29*(INDEX(HIST_D!$C$8:$C$791,1)-INDEX(HIST_D!$C$8:$C$791,Control!$B$10))*100,"") | K29: =IFERROR(G29-J29,"") | L29: =IFERROR((INDEX(HIST_D!$C$8:$C$791,1)-INDEX(HIST_D!$C$8:$C$791,Control!$B$11))*100+(INDEX(HIST_D!$BM$8:$BM$791,1)-INDEX(HIST_D!$BM$8:$BM$791,Control!$B$11)),"") | M29: =IFERROR((INDEX(HIST_D!$C$8:$C$791,1)-INDEX(HIST_D!$C$8:$C$791,Control!$B$11))*100,"") | N29: =IFERROR((INDEX(HIST_D!$BM$8:$BM$791,1)-INDEX(HIST_D!$BM$8:$BM$791,Control!$B$11)),"") | O29: =IFERROR(IF(ABS(L29)<1,"n/m",M29/L29),"n/m") | P29: =IFERROR(SLOPE(HIST_D!$DZ$8:INDEX(HIST_D!$DZ$8:$DZ$791,Control!$B$12),HIST_D!$BW$8:INDEX(HIST_D!$BW$8:$BW$791,Control!$B$12)),"") | Q29: =IFERROR(P29*(INDEX(HIST_D!$C$8:$C$791,1)-INDEX(HIST_D!$C$8:$C$791,Control!$B$11))*100,"") | R29: =IFERROR(N29-Q29,"")
A30: Egypt | B30: Middle East | C30: =INDEX(HIST_D!$BN$8:$BN$791,1) | D30: yes | E30: =IFERROR((INDEX(HIST_D!$C$8:$C$791,1)-INDEX(HIST_D!$C$8:$C$791,Control!$B$10))*100+(INDEX(HIST_D!$BN$8:$BN$791,1)-INDEX(HIST_D!$BN$8:$BN$791,Control!$B$10)),"") | F30: =IFERROR((INDEX(HIST_D!$C$8:$C$791,1)-INDEX(HIST_D!$C$8:$C$791,Control!$B$10))*100,"") | G30: =IFERROR((INDEX(HIST_D!$BN$8:$BN$791,1)-INDEX(HIST_D!$BN$8:$BN$791,Control!$B$10)),"") | H30: =IFERROR(IF(ABS(E30)<1,"n/m",F30/E30),"n/m") | I30: =IFERROR(SLOPE(HIST_D!$EA$8:INDEX(HIST_D!$EA$8:$EA$791,Control!$B$12),HIST_D!$BW$8:INDEX(HIST_D!$BW$8:$BW$791,Control!$B$12)),"") | J30: =IFERROR(I30*(INDEX(HIST_D!$C$8:$C$791,1)-INDEX(HIST_D!$C$8:$C$791,Control!$B$10))*100,"") | K30: =IFERROR(G30-J30,"") | L30: =IFERROR((INDEX(HIST_D!$C$8:$C$791,1)-INDEX(HIST_D!$C$8:$C$791,Control!$B$11))*100+(INDEX(HIST_D!$BN$8:$BN$791,1)-INDEX(HIST_D!$BN$8:$BN$791,Control!$B$11)),"") | M30: =IFERROR((INDEX(HIST_D!$C$8:$C$791,1)-INDEX(HIST_D!$C$8:$C$791,Control!$B$11))*100,"") | N30: =IFERROR((INDEX(HIST_D!$BN$8:$BN$791,1)-INDEX(HIST_D!$BN$8:$BN$791,Control!$B$11)),"") | O30: =IFERROR(IF(ABS(L30)<1,"n/m",M30/L30),"n/m") | P30: =IFERROR(SLOPE(HIST_D!$EA$8:INDEX(HIST_D!$EA$8:$EA$791,Control!$B$12),HIST_D!$BW$8:INDEX(HIST_D!$BW$8:$BW$791,Control!$B$12)),"") | Q30: =IFERROR(P30*(INDEX(HIST_D!$C$8:$C$791,1)-INDEX(HIST_D!$C$8:$C$791,Control!$B$11))*100,"") | R30: =IFERROR(N30-Q30,"") | S30: excluded from FX average: managed float with step devaluations; GTEGP10Y is Verify
A31: Middle East average | B31: n=5 | E31: =IFERROR(AVERAGE(E26,E27,E28,E29,E30),"") | F31: =IFERROR(AVERAGE(F26,F27,F28,F29,F30),"") | G31: =IFERROR(AVERAGE(G26,G27,G28,G29,G30),"") | H31: =IFERROR(IF(ABS(E31)<1,"n/m",F31/E31),"n/m") | I31: =IFERROR(AVERAGE(I26,I27,I28,I29,I30),"") | J31: =IFERROR(AVERAGE(J26,J27,J28,J29,J30),"") | K31: =IFERROR(AVERAGE(K26,K27,K28,K29,K30),"") | L31: =IFERROR(AVERAGE(L26,L27,L28,L29,L30),"") | M31: =IFERROR(AVERAGE(M26,M27,M28,M29,M30),"") | N31: =IFERROR(AVERAGE(N26,N27,N28,N29,N30),"") | O31: =IFERROR(IF(ABS(L31)<1,"n/m",M31/L31),"n/m") | P31: =IFERROR(AVERAGE(P26,P27,P28,P29,P30),"") | Q31: =IFERROR(AVERAGE(Q26,Q27,Q28,Q29,Q30),"") | R31: =IFERROR(AVERAGE(R26,R27,R28,R29,R30),"")
A32: =IFERROR("Middle East: the 5y USD yield proxy moved "&TEXT($E$31,"+0;-0")&"bp on the month — "&TEXT($F$31,"+0;-0")&"bp Treasuries, "&TEXT($G$31,"+0;-0")&"bp spread"&IF(ISNUMBER($H$31),", so "&TEXT($H$31,"0%")&" of the move is the US","")&". YTD "&TEXT($L$31,"+0;-0")&"bp: "&TEXT($M$31,"+0;-0")&"bp Treasuries, "&TEXT($N$31,"+0;-0")&"bp spread. "&IF($G$31<=0,"Spreads did not widen into the Treasury move — the loss here is duration, not credit.",IF($G$31<$F$31*0.5,"Spreads widened, but by less than half the Treasury move — mostly a duration story.","Spreads widened by a comparable amount to Treasuries — this is being repriced for credit, not just rates.")),"")
A34: EM ASIA
A35: Country | B35: Region | C35: Level | D35: In avg | E35: 1M: Total: d(UST 5Y + CDS) (bp) | F35: 1M: US-driven: d UST 5Y (bp) | G35: 1M: Intrinsic: d CDS 5Y (bp) | H35: 1M: US share (UST / total) | I35: 1M: Spread beta to UST 5Y (2y) | J35: 1M: Predicted d spread (bp) | K35: 1M: Spread surprise: actual less predicted (bp) | L35: YTD: Total: d(UST 5Y + CDS) (bp) | M35: YTD: US-driven: d UST 5Y (bp) | N35: YTD: Intrinsic: d CDS 5Y (bp) | O35: YTD: US share (UST / total) | P35: YTD: Spread beta to UST 5Y (2y) | Q35: YTD: Predicted d spread (bp) | R35: YTD: Spread surprise: actual less predicted (bp)
A36: China | B36: EM Asia | C36: =INDEX(HIST_D!$BO$8:$BO$791,1) | D36: yes | E36: =IFERROR((INDEX(HIST_D!$C$8:$C$791,1)-INDEX(HIST_D!$C$8:$C$791,Control!$B$10))*100+(INDEX(HIST_D!$BO$8:$BO$791,1)-INDEX(HIST_D!$BO$8:$BO$791,Control!$B$10)),"") | F36: =IFERROR((INDEX(HIST_D!$C$8:$C$791,1)-INDEX(HIST_D!$C$8:$C$791,Control!$B$10))*100,"") | G36: =IFERROR((INDEX(HIST_D!$BO$8:$BO$791,1)-INDEX(HIST_D!$BO$8:$BO$791,Control!$B$10)),"") | H36: =IFERROR(IF(ABS(E36)<1,"n/m",F36/E36),"n/m") | I36: =IFERROR(SLOPE(HIST_D!$EB$8:INDEX(HIST_D!$EB$8:$EB$791,Control!$B$12),HIST_D!$BW$8:INDEX(HIST_D!$BW$8:$BW$791,Control!$B$12)),"") | J36: =IFERROR(I36*(INDEX(HIST_D!$C$8:$C$791,1)-INDEX(HIST_D!$C$8:$C$791,Control!$B$10))*100,"") | K36: =IFERROR(G36-J36,"") | L36: =IFERROR((INDEX(HIST_D!$C$8:$C$791,1)-INDEX(HIST_D!$C$8:$C$791,Control!$B$11))*100+(INDEX(HIST_D!$BO$8:$BO$791,1)-INDEX(HIST_D!$BO$8:$BO$791,Control!$B$11)),"") | M36: =IFERROR((INDEX(HIST_D!$C$8:$C$791,1)-INDEX(HIST_D!$C$8:$C$791,Control!$B$11))*100,"") | N36: =IFERROR((INDEX(HIST_D!$BO$8:$BO$791,1)-INDEX(HIST_D!$BO$8:$BO$791,Control!$B$11)),"") | O36: =IFERROR(IF(ABS(L36)<1,"n/m",M36/L36),"n/m") | P36: =IFERROR(SLOPE(HIST_D!$EB$8:INDEX(HIST_D!$EB$8:$EB$791,Control!$B$12),HIST_D!$BW$8:INDEX(HIST_D!$BW$8:$BW$791,Control!$B$12)),"") | Q36: =IFERROR(P36*(INDEX(HIST_D!$C$8:$C$791,1)-INDEX(HIST_D!$C$8:$C$791,Control!$B$11))*100,"") | R36: =IFERROR(N36-Q36,"")
A37: Indonesia | B37: EM Asia | C37: =INDEX(HIST_D!$BP$8:$BP$791,1) | D37: yes | E37: =IFERROR((INDEX(HIST_D!$C$8:$C$791,1)-INDEX(HIST_D!$C$8:$C$791,Control!$B$10))*100+(INDEX(HIST_D!$BP$8:$BP$791,1)-INDEX(HIST_D!$BP$8:$BP$791,Control!$B$10)),"") | F37: =IFERROR((INDEX(HIST_D!$C$8:$C$791,1)-INDEX(HIST_D!$C$8:$C$791,Control!$B$10))*100,"") | G37: =IFERROR((INDEX(HIST_D!$BP$8:$BP$791,1)-INDEX(HIST_D!$BP$8:$BP$791,Control!$B$10)),"") | H37: =IFERROR(IF(ABS(E37)<1,"n/m",F37/E37),"n/m") | I37: =IFERROR(SLOPE(HIST_D!$EC$8:INDEX(HIST_D!$EC$8:$EC$791,Control!$B$12),HIST_D!$BW$8:INDEX(HIST_D!$BW$8:$BW$791,Control!$B$12)),"") | J37: =IFERROR(I37*(INDEX(HIST_D!$C$8:$C$791,1)-INDEX(HIST_D!$C$8:$C$791,Control!$B$10))*100,"") | K37: =IFERROR(G37-J37,"") | L37: =IFERROR((INDEX(HIST_D!$C$8:$C$791,1)-INDEX(HIST_D!$C$8:$C$791,Control!$B$11))*100+(INDEX(HIST_D!$BP$8:$BP$791,1)-INDEX(HIST_D!$BP$8:$BP$791,Control!$B$11)),"") | M37: =IFERROR((INDEX(HIST_D!$C$8:$C$791,1)-INDEX(HIST_D!$C$8:$C$791,Control!$B$11))*100,"") | N37: =IFERROR((INDEX(HIST_D!$BP$8:$BP$791,1)-INDEX(HIST_D!$BP$8:$BP$791,Control!$B$11)),"") | O37: =IFERROR(IF(ABS(L37)<1,"n/m",M37/L37),"n/m") | P37: =IFERROR(SLOPE(HIST_D!$EC$8:INDEX(HIST_D!$EC$8:$EC$791,Control!$B$12),HIST_D!$BW$8:INDEX(HIST_D!$BW$8:$BW$791,Control!$B$12)),"") | Q37: =IFERROR(P37*(INDEX(HIST_D!$C$8:$C$791,1)-INDEX(HIST_D!$C$8:$C$791,Control!$B$11))*100,"") | R37: =IFERROR(N37-Q37,"")
A38: Korea | B38: EM Asia | C38: =INDEX(HIST_D!$BQ$8:$BQ$791,1) | D38: yes | E38: =IFERROR((INDEX(HIST_D!$C$8:$C$791,1)-INDEX(HIST_D!$C$8:$C$791,Control!$B$10))*100+(INDEX(HIST_D!$BQ$8:$BQ$791,1)-INDEX(HIST_D!$BQ$8:$BQ$791,Control!$B$10)),"") | F38: =IFERROR((INDEX(HIST_D!$C$8:$C$791,1)-INDEX(HIST_D!$C$8:$C$791,Control!$B$10))*100,"") | G38: =IFERROR((INDEX(HIST_D!$BQ$8:$BQ$791,1)-INDEX(HIST_D!$BQ$8:$BQ$791,Control!$B$10)),"") | H38: =IFERROR(IF(ABS(E38)<1,"n/m",F38/E38),"n/m") | I38: =IFERROR(SLOPE(HIST_D!$ED$8:INDEX(HIST_D!$ED$8:$ED$791,Control!$B$12),HIST_D!$BW$8:INDEX(HIST_D!$BW$8:$BW$791,Control!$B$12)),"") | J38: =IFERROR(I38*(INDEX(HIST_D!$C$8:$C$791,1)-INDEX(HIST_D!$C$8:$C$791,Control!$B$10))*100,"") | K38: =IFERROR(G38-J38,"") | L38: =IFERROR((INDEX(HIST_D!$C$8:$C$791,1)-INDEX(HIST_D!$C$8:$C$791,Control!$B$11))*100+(INDEX(HIST_D!$BQ$8:$BQ$791,1)-INDEX(HIST_D!$BQ$8:$BQ$791,Control!$B$11)),"") | M38: =IFERROR((INDEX(HIST_D!$C$8:$C$791,1)-INDEX(HIST_D!$C$8:$C$791,Control!$B$11))*100,"") | N38: =IFERROR((INDEX(HIST_D!$BQ$8:$BQ$791,1)-INDEX(HIST_D!$BQ$8:$BQ$791,Control!$B$11)),"") | O38: =IFERROR(IF(ABS(L38)<1,"n/m",M38/L38),"n/m") | P38: =IFERROR(SLOPE(HIST_D!$ED$8:INDEX(HIST_D!$ED$8:$ED$791,Control!$B$12),HIST_D!$BW$8:INDEX(HIST_D!$BW$8:$BW$791,Control!$B$12)),"") | Q38: =IFERROR(P38*(INDEX(HIST_D!$C$8:$C$791,1)-INDEX(HIST_D!$C$8:$C$791,Control!$B$11))*100,"") | R38: =IFERROR(N38-Q38,"")
A39: Thailand | B39: EM Asia | C39: =INDEX(HIST_D!$BR$8:$BR$791,1) | D39: yes | E39: =IFERROR((INDEX(HIST_D!$C$8:$C$791,1)-INDEX(HIST_D!$C$8:$C$791,Control!$B$10))*100+(INDEX(HIST_D!$BR$8:$BR$791,1)-INDEX(HIST_D!$BR$8:$BR$791,Control!$B$10)),"") | F39: =IFERROR((INDEX(HIST_D!$C$8:$C$791,1)-INDEX(HIST_D!$C$8:$C$791,Control!$B$10))*100,"") | G39: =IFERROR((INDEX(HIST_D!$BR$8:$BR$791,1)-INDEX(HIST_D!$BR$8:$BR$791,Control!$B$10)),"") | H39: =IFERROR(IF(ABS(E39)<1,"n/m",F39/E39),"n/m") | I39: =IFERROR(SLOPE(HIST_D!$EE$8:INDEX(HIST_D!$EE$8:$EE$791,Control!$B$12),HIST_D!$BW$8:INDEX(HIST_D!$BW$8:$BW$791,Control!$B$12)),"") | J39: =IFERROR(I39*(INDEX(HIST_D!$C$8:$C$791,1)-INDEX(HIST_D!$C$8:$C$791,Control!$B$10))*100,"") | K39: =IFERROR(G39-J39,"") | L39: =IFERROR((INDEX(HIST_D!$C$8:$C$791,1)-INDEX(HIST_D!$C$8:$C$791,Control!$B$11))*100+(INDEX(HIST_D!$BR$8:$BR$791,1)-INDEX(HIST_D!$BR$8:$BR$791,Control!$B$11)),"") | M39: =IFERROR((INDEX(HIST_D!$C$8:$C$791,1)-INDEX(HIST_D!$C$8:$C$791,Control!$B$11))*100,"") | N39: =IFERROR((INDEX(HIST_D!$BR$8:$BR$791,1)-INDEX(HIST_D!$BR$8:$BR$791,Control!$B$11)),"") | O39: =IFERROR(IF(ABS(L39)<1,"n/m",M39/L39),"n/m") | P39: =IFERROR(SLOPE(HIST_D!$EE$8:INDEX(HIST_D!$EE$8:$EE$791,Control!$B$12),HIST_D!$BW$8:INDEX(HIST_D!$BW$8:$BW$791,Control!$B$12)),"") | Q39: =IFERROR(P39*(INDEX(HIST_D!$C$8:$C$791,1)-INDEX(HIST_D!$C$8:$C$791,Control!$B$11))*100,"") | R39: =IFERROR(N39-Q39,"")
A40: Malaysia | B40: EM Asia | C40: =INDEX(HIST_D!$BS$8:$BS$791,1) | D40: yes | E40: =IFERROR((INDEX(HIST_D!$C$8:$C$791,1)-INDEX(HIST_D!$C$8:$C$791,Control!$B$10))*100+(INDEX(HIST_D!$BS$8:$BS$791,1)-INDEX(HIST_D!$BS$8:$BS$791,Control!$B$10)),"") | F40: =IFERROR((INDEX(HIST_D!$C$8:$C$791,1)-INDEX(HIST_D!$C$8:$C$791,Control!$B$10))*100,"") | G40: =IFERROR((INDEX(HIST_D!$BS$8:$BS$791,1)-INDEX(HIST_D!$BS$8:$BS$791,Control!$B$10)),"") | H40: =IFERROR(IF(ABS(E40)<1,"n/m",F40/E40),"n/m") | I40: =IFERROR(SLOPE(HIST_D!$EF$8:INDEX(HIST_D!$EF$8:$EF$791,Control!$B$12),HIST_D!$BW$8:INDEX(HIST_D!$BW$8:$BW$791,Control!$B$12)),"") | J40: =IFERROR(I40*(INDEX(HIST_D!$C$8:$C$791,1)-INDEX(HIST_D!$C$8:$C$791,Control!$B$10))*100,"") | K40: =IFERROR(G40-J40,"") | L40: =IFERROR((INDEX(HIST_D!$C$8:$C$791,1)-INDEX(HIST_D!$C$8:$C$791,Control!$B$11))*100+(INDEX(HIST_D!$BS$8:$BS$791,1)-INDEX(HIST_D!$BS$8:$BS$791,Control!$B$11)),"") | M40: =IFERROR((INDEX(HIST_D!$C$8:$C$791,1)-INDEX(HIST_D!$C$8:$C$791,Control!$B$11))*100,"") | N40: =IFERROR((INDEX(HIST_D!$BS$8:$BS$791,1)-INDEX(HIST_D!$BS$8:$BS$791,Control!$B$11)),"") | O40: =IFERROR(IF(ABS(L40)<1,"n/m",M40/L40),"n/m") | P40: =IFERROR(SLOPE(HIST_D!$EF$8:INDEX(HIST_D!$EF$8:$EF$791,Control!$B$12),HIST_D!$BW$8:INDEX(HIST_D!$BW$8:$BW$791,Control!$B$12)),"") | Q40: =IFERROR(P40*(INDEX(HIST_D!$C$8:$C$791,1)-INDEX(HIST_D!$C$8:$C$791,Control!$B$11))*100,"") | R40: =IFERROR(N40-Q40,"")
A41: Philippines | B41: EM Asia | C41: =INDEX(HIST_D!$BT$8:$BT$791,1) | D41: yes | E41: =IFERROR((INDEX(HIST_D!$C$8:$C$791,1)-INDEX(HIST_D!$C$8:$C$791,Control!$B$10))*100+(INDEX(HIST_D!$BT$8:$BT$791,1)-INDEX(HIST_D!$BT$8:$BT$791,Control!$B$10)),"") | F41: =IFERROR((INDEX(HIST_D!$C$8:$C$791,1)-INDEX(HIST_D!$C$8:$C$791,Control!$B$10))*100,"") | G41: =IFERROR((INDEX(HIST_D!$BT$8:$BT$791,1)-INDEX(HIST_D!$BT$8:$BT$791,Control!$B$10)),"") | H41: =IFERROR(IF(ABS(E41)<1,"n/m",F41/E41),"n/m") | I41: =IFERROR(SLOPE(HIST_D!$EG$8:INDEX(HIST_D!$EG$8:$EG$791,Control!$B$12),HIST_D!$BW$8:INDEX(HIST_D!$BW$8:$BW$791,Control!$B$12)),"") | J41: =IFERROR(I41*(INDEX(HIST_D!$C$8:$C$791,1)-INDEX(HIST_D!$C$8:$C$791,Control!$B$10))*100,"") | K41: =IFERROR(G41-J41,"") | L41: =IFERROR((INDEX(HIST_D!$C$8:$C$791,1)-INDEX(HIST_D!$C$8:$C$791,Control!$B$11))*100+(INDEX(HIST_D!$BT$8:$BT$791,1)-INDEX(HIST_D!$BT$8:$BT$791,Control!$B$11)),"") | M41: =IFERROR((INDEX(HIST_D!$C$8:$C$791,1)-INDEX(HIST_D!$C$8:$C$791,Control!$B$11))*100,"") | N41: =IFERROR((INDEX(HIST_D!$BT$8:$BT$791,1)-INDEX(HIST_D!$BT$8:$BT$791,Control!$B$11)),"") | O41: =IFERROR(IF(ABS(L41)<1,"n/m",M41/L41),"n/m") | P41: =IFERROR(SLOPE(HIST_D!$EG$8:INDEX(HIST_D!$EG$8:$EG$791,Control!$B$12),HIST_D!$BW$8:INDEX(HIST_D!$BW$8:$BW$791,Control!$B$12)),"") | Q41: =IFERROR(P41*(INDEX(HIST_D!$C$8:$C$791,1)-INDEX(HIST_D!$C$8:$C$791,Control!$B$11))*100,"") | R41: =IFERROR(N41-Q41,"")
A42: EM Asia average | B42: n=6 | E42: =IFERROR(AVERAGE(E36,E37,E38,E39,E40,E41),"") | F42: =IFERROR(AVERAGE(F36,F37,F38,F39,F40,F41),"") | G42: =IFERROR(AVERAGE(G36,G37,G38,G39,G40,G41),"") | H42: =IFERROR(IF(ABS(E42)<1,"n/m",F42/E42),"n/m") | I42: =IFERROR(AVERAGE(I36,I37,I38,I39,I40,I41),"") | J42: =IFERROR(AVERAGE(J36,J37,J38,J39,J40,J41),"") | K42: =IFERROR(AVERAGE(K36,K37,K38,K39,K40,K41),"") | L42: =IFERROR(AVERAGE(L36,L37,L38,L39,L40,L41),"") | M42: =IFERROR(AVERAGE(M36,M37,M38,M39,M40,M41),"") | N42: =IFERROR(AVERAGE(N36,N37,N38,N39,N40,N41),"") | O42: =IFERROR(IF(ABS(L42)<1,"n/m",M42/L42),"n/m") | P42: =IFERROR(AVERAGE(P36,P37,P38,P39,P40,P41),"") | Q42: =IFERROR(AVERAGE(Q36,Q37,Q38,Q39,Q40,Q41),"") | R42: =IFERROR(AVERAGE(R36,R37,R38,R39,R40,R41),"")
A43: =IFERROR("EM Asia: the 5y USD yield proxy moved "&TEXT($E$42,"+0;-0")&"bp on the month — "&TEXT($F$42,"+0;-0")&"bp Treasuries, "&TEXT($G$42,"+0;-0")&"bp spread"&IF(ISNUMBER($H$42),", so "&TEXT($H$42,"0%")&" of the move is the US","")&". YTD "&TEXT($L$42,"+0;-0")&"bp: "&TEXT($M$42,"+0;-0")&"bp Treasuries, "&TEXT($N$42,"+0;-0")&"bp spread. "&IF($G$42<=0,"Spreads did not widen into the Treasury move — the loss here is duration, not credit.",IF($G$42<$F$42*0.5,"Spreads widened, but by less than half the Treasury move — mostly a duration story.","Spreads widened by a comparable amount to Treasuries — this is being repriced for credit, not just rates.")),"")
A45: EM AVERAGE AND MEMO
A46: Country | B46: Region | C46: Level | D46: In avg | E46: 1M: Total: d(UST 5Y + CDS) (bp) | F46: 1M: US-driven: d UST 5Y (bp) | G46: 1M: Intrinsic: d CDS 5Y (bp) | H46: 1M: US share (UST / total) | I46: 1M: Spread beta to UST 5Y (2y) | J46: 1M: Predicted d spread (bp) | K46: 1M: Spread surprise: actual less predicted (bp) | L46: YTD: Total: d(UST 5Y + CDS) (bp) | M46: YTD: US-driven: d UST 5Y (bp) | N46: YTD: Intrinsic: d CDS 5Y (bp) | O46: YTD: US share (UST / total) | P46: YTD: Spread beta to UST 5Y (2y) | Q46: YTD: Predicted d spread (bp) | R46: YTD: Spread surprise: actual less predicted (bp)
A47: EM average (all flagged) | B47: n=21 | E47: =IFERROR(AVERAGE(E6,E7,E8,E9,E10,E16,E17,E18,E19,E20,E26,E27,E28,E29,E30,E36,E37,E38,E39,E40,E41),"") | F47: =IFERROR(AVERAGE(F6,F7,F8,F9,F10,F16,F17,F18,F19,F20,F26,F27,F28,F29,F30,F36,F37,F38,F39,F40,F41),"") | G47: =IFERROR(AVERAGE(G6,G7,G8,G9,G10,G16,G17,G18,G19,G20,G26,G27,G28,G29,G30,G36,G37,G38,G39,G40,G41),"") | H47: =IFERROR(IF(ABS(E47)<1,"n/m",F47/E47),"n/m") | I47: =IFERROR(AVERAGE(I6,I7,I8,I9,I10,I16,I17,I18,I19,I20,I26,I27,I28,I29,I30,I36,I37,I38,I39,I40,I41),"") | J47: =IFERROR(AVERAGE(J6,J7,J8,J9,J10,J16,J17,J18,J19,J20,J26,J27,J28,J29,J30,J36,J37,J38,J39,J40,J41),"") | K47: =IFERROR(AVERAGE(K6,K7,K8,K9,K10,K16,K17,K18,K19,K20,K26,K27,K28,K29,K30,K36,K37,K38,K39,K40,K41),"") | L47: =IFERROR(AVERAGE(L6,L7,L8,L9,L10,L16,L17,L18,L19,L20,L26,L27,L28,L29,L30,L36,L37,L38,L39,L40,L41),"") | M47: =IFERROR(AVERAGE(M6,M7,M8,M9,M10,M16,M17,M18,M19,M20,M26,M27,M28,M29,M30,M36,M37,M38,M39,M40,M41),"") | N47: =IFERROR(AVERAGE(N6,N7,N8,N9,N10,N16,N17,N18,N19,N20,N26,N27,N28,N29,N30,N36,N37,N38,N39,N40,N41),"") | O47: =IFERROR(IF(ABS(L47)<1,"n/m",M47/L47),"n/m") | P47: =IFERROR(AVERAGE(P6,P7,P8,P9,P10,P16,P17,P18,P19,P20,P26,P27,P28,P29,P30,P36,P37,P38,P39,P40,P41),"") | Q47: =IFERROR(AVERAGE(Q6,Q7,Q8,Q9,Q10,Q16,Q17,Q18,Q19,Q20,Q26,Q27,Q28,Q29,Q30,Q36,Q37,Q38,Q39,Q40,Q41),"") | R47: =IFERROR(AVERAGE(R6,R7,R8,R9,R10,R16,R17,R18,R19,R20,R26,R27,R28,R29,R30,R36,R37,R38,R39,R40,R41),"")
A48: South Africa | B48: (memo) | C48: =INDEX(HIST_D!$BU$8:$BU$791,1) | D48: no | E48: =IFERROR((INDEX(HIST_D!$C$8:$C$791,1)-INDEX(HIST_D!$C$8:$C$791,Control!$B$10))*100+(INDEX(HIST_D!$BU$8:$BU$791,1)-INDEX(HIST_D!$BU$8:$BU$791,Control!$B$10)),"") | F48: =IFERROR((INDEX(HIST_D!$C$8:$C$791,1)-INDEX(HIST_D!$C$8:$C$791,Control!$B$10))*100,"") | G48: =IFERROR((INDEX(HIST_D!$BU$8:$BU$791,1)-INDEX(HIST_D!$BU$8:$BU$791,Control!$B$10)),"") | H48: =IFERROR(IF(ABS(E48)<1,"n/m",F48/E48),"n/m") | I48: =IFERROR(SLOPE(HIST_D!$EH$8:INDEX(HIST_D!$EH$8:$EH$791,Control!$B$12),HIST_D!$BW$8:INDEX(HIST_D!$BW$8:$BW$791,Control!$B$12)),"") | J48: =IFERROR(I48*(INDEX(HIST_D!$C$8:$C$791,1)-INDEX(HIST_D!$C$8:$C$791,Control!$B$10))*100,"") | K48: =IFERROR(G48-J48,"") | L48: =IFERROR((INDEX(HIST_D!$C$8:$C$791,1)-INDEX(HIST_D!$C$8:$C$791,Control!$B$11))*100+(INDEX(HIST_D!$BU$8:$BU$791,1)-INDEX(HIST_D!$BU$8:$BU$791,Control!$B$11)),"") | M48: =IFERROR((INDEX(HIST_D!$C$8:$C$791,1)-INDEX(HIST_D!$C$8:$C$791,Control!$B$11))*100,"") | N48: =IFERROR((INDEX(HIST_D!$BU$8:$BU$791,1)-INDEX(HIST_D!$BU$8:$BU$791,Control!$B$11)),"") | O48: =IFERROR(IF(ABS(L48)<1,"n/m",M48/L48),"n/m") | P48: =IFERROR(SLOPE(HIST_D!$EH$8:INDEX(HIST_D!$EH$8:$EH$791,Control!$B$12),HIST_D!$BW$8:INDEX(HIST_D!$BW$8:$BW$791,Control!$B$12)),"") | Q48: =IFERROR(P48*(INDEX(HIST_D!$C$8:$C$791,1)-INDEX(HIST_D!$C$8:$C$791,Control!$B$11))*100,"") | R48: =IFERROR(N48-Q48,"") | S48: not in any of the four regions you named; shown as a memo line, in no average
A49: =IFERROR("EM: the 5y USD yield proxy moved "&TEXT($E$47,"+0;-0")&"bp on the month — "&TEXT($F$47,"+0;-0")&"bp Treasuries, "&TEXT($G$47,"+0;-0")&"bp spread"&IF(ISNUMBER($H$47),", so "&TEXT($H$47,"0%")&" of the move is the US","")&". YTD "&TEXT($L$47,"+0;-0")&"bp: "&TEXT($M$47,"+0;-0")&"bp Treasuries, "&TEXT($N$47,"+0;-0")&"bp spread. "&IF($G$47<=0,"Spreads did not widen into the Treasury move — the loss here is duration, not credit.",IF($G$47<$F$47*0.5,"Spreads widened, but by less than half the Treasury move — mostly a duration story.","Spreads widened by a comparable amount to Treasuries — this is being repriced for credit, not just rates.")),"")

Sheet Tickers
A1: TICKERS — single source of truth
A2: Every pull reads column B here. CDS tickers follow '<SOVR> CDS USD SR 5Y D14 Corp' and are all Verify; confirm each in SECF.
A5: Series | B5: Bloomberg ticker | C5: Field | D5: Unit | E5: Confidence | F5: Note
A6: UST 2Y | B6: USGG2YR Index | C6: PX_LAST | D6: % | E6: High
A7: UST 5Y | B7: USGG5YR Index | C7: PX_LAST | D7: % | E7: High | F7: credit benchmark (5y CDS)
A8: UST 10Y | B8: USGG10YR Index | C8: PX_LAST | D8: % | E8: High | F8: rates benchmark
A9: UST 30Y | B9: USGG30YR Index | C9: PX_LAST | D9: % | E9: High
A10: UST 10Y real | B10: USGGT10Y Index | C10: PX_LAST | D10: % | E10: High
A11: Breakeven 10Y | B11: USGGBE10 Index | C11: PX_LAST | D11: % | E11: High
A12: ACM term premium 10Y | B12: ACMTP10 Index | C12: PX_LAST | D12: % | E12: Verify | F12: NY Fed; publication lag
A13: DXY | B13: DXY Curncy | C13: PX_LAST | D13: pt | E13: High | F13: FX benchmark
A14: EM USD Aggregate OAS | B14: EMUSOAS Index | C14: PX_LAST | D14: bp | E14: Verify | F14: Bbg; aggregate spread cross-check
A15: EM USD Aggregate TR idx | B15: EMUSTRUU Index | C15: PX_LAST | D15: idx | E15: Verify | F15: realised index return
A16: Brazil FX | B16: USDBRL Curncy | C16: PX_LAST | D16: fx | E16: High | F16: LatAm
A17: Mexico FX | B17: USDMXN Curncy | C17: PX_LAST | D17: fx | E17: High | F17: LatAm
A18: Chile FX | B18: USDCLP Curncy | C18: PX_LAST | D18: fx | E18: High | F18: LatAm
A19: Colombia FX | B19: USDCOP Curncy | C19: PX_LAST | D19: fx | E19: High | F19: LatAm
A20: Peru FX | B20: USDPEN Curncy | C20: PX_LAST | D20: fx | E20: High | F20: LatAm
A21: Poland FX | B21: USDPLN Curncy | C21: PX_LAST | D21: fx | E21: High | F21: EM Europe
A22: Hungary FX | B22: USDHUF Curncy | C22: PX_LAST | D22: fx | E22: High | F22: EM Europe
A23: Czechia FX | B23: USDCZK Curncy | C23: PX_LAST | D23: fx | E23: High | F23: EM Europe
... A77: South Africa CDS 5Y | B77: SOAF CDS USD SR 5Y D14 Corp | C77: PX_LAST | D77: bp | E77: Verify | F77: (memo)

Sheet HIST_D
A1: DAILY HISTORY — 3y weekday block, newest first
A2: One BDH per series, row 8 = most recent. Column A/B come from one BDH with Dts=S; every other pulled column uses Dts=H.
A4: Pulled from Bloomberg
A5: Date | B5: UST 2Y | C5: UST 5Y | D5: UST 10Y | E5: UST 30Y | F5: UST 10Y real | G5: Breakeven 10Y | H5: ACM term premium 10Y | I5: DXY | J5: EM USD Aggregate OAS | K5: EM USD Aggregate TR idx | L5: Brazil FX | M5: Mexico FX | N5: Chile FX | O5: Colombia FX | P5: Peru FX | Q5: Poland FX | R5: Hungary FX | S5: Czechia FX | T5: Romania FX | U5: Turkiye FX | V5: Israel FX | W5: Egypt FX | X5: China FX | Y5: India FX | Z5: Indonesia FX | AA5: Korea FX | AB5: Thailand FX | AC5: Malaysia FX | AD5: Philippines FX | AE5: South Africa FX | AF5: Brazil 10Y | AG5: Mexico 10Y | AH5: Chile 10Y | AI5: Colombia 10Y | AJ5: Peru 10Y | AK5: Poland 10Y | AL5: Hungary 10Y | AM5: Czechia 10Y | AN5: Romania 10Y | AO5: Turkiye 10Y | AP5: Israel 10Y | AQ5: Egypt 10Y | AR5: China 10Y | AS5: India 10Y | AT5: Indonesia 10Y | AU5: Korea 10Y | AV5: Thailand 10Y | AW5: Malaysia 10Y | AX5: Philippines 10Y | AY5: South Africa 10Y | AZ5: Brazil CDS 5Y | BA5: Mexico CDS 5Y | BB5: Chile CDS 5Y | BC5: Colombia CDS 5Y | BD5: Peru CDS 5Y | BE5: Poland CDS 5Y | BF5: Hungary CDS 5Y | BG5: Czechia CDS 5Y | BH5: Romania CDS 5Y | BI5: Turkiye CDS 5Y | BJ5: Saudi Arabia CDS 5Y | BK5: UAE (Abu Dhabi) CDS 5Y | BL5: Qatar CDS 5Y | BM5: Israel CDS 5Y | BN5: Egypt CDS 5Y | BO5: China CDS 5Y | BP5: Indonesia CDS 5Y | BQ5: Korea CDS 5Y | BR5: Thailand CDS 5Y | BS5: Malaysia CDS 5Y | BT5: Philippines CDS 5Y | BU5: South Africa CDS 5Y | BV5: d UST 10Y (1d) | BW5: d UST 5Y (1d) | BX5: DXY return (1d) | BY5: d Brazil 10Y (1d) | BZ5: d Mexico 10Y (1d) | CA5: d Chile 10Y (1d) | CB5: d Colombia 10Y (1d) | CC5: d Peru 10Y (1d) | CD5: d Poland 10Y (1d) | CE5: d Hungary 10Y (1d) | CF5: d Czechia 10Y (1d) | CG5: d Romania 10Y (1d) | CH5: d Turkiye 10Y (1d) | CI5: d Israel 10Y (1d) | CJ5: d Egypt 10Y (1d) | CK5: d China 10Y (1d) | CL5: d India 10Y (1d) | CM5: d Indonesia 10Y (1d) | CN5: d Korea 10Y (1d) | CO5: d Thailand 10Y (1d) | CP5: d Malaysia 10Y (1d) | CQ5: d Philippines 10Y (1d) | CR5: d South Africa 10Y (1d) | CS5: Brazil ccy return (1d) | CT5: Mexico ccy return (1d) | CU5: Chile ccy return (1d) | CV5: Colombia ccy return (1d) | CW5: Peru ccy return (1d) | CX5: Poland ccy return (1d) | CY5: Hungary ccy return (1d) | CZ5: Czechia ccy return (1d) | DA5: Romania ccy return (1d) | DB5: Turkiye ccy return (1d) | DC5: Israel ccy return (1d) | DD5: Egypt ccy return (1d) | DE5: China ccy return (1d) | DF5: India ccy return (1d) | DG5: Indonesia ccy return (1d) | DH5: Korea ccy return (1d) | DI5: Thailand ccy return (1d) | DJ5: Malaysia ccy return (1d) | DK5: Philippines ccy return (1d) | DL5: South Africa ccy return (1d) | DM5: d Brazil CDS (1d) | DN5: d Mexico CDS (1d) | DO5: d Chile CDS (1d) | DP5: d Colombia CDS (1d) | DQ5: d Peru CDS (1d) | DR5: d Poland CDS (1d) | DS5: d Hungary CDS (1d) | DT5: d Czechia CDS (1d) | DU5: d Romania CDS (1d) | DV5: d Turkiye CDS (1d) | DW5: d Saudi Arabia CDS (1d) | DX5: d UAE (Abu Dhabi) CDS (1d) | DY5: d Qatar CDS (1d) | DZ5: d Israel CDS (1d) | EA5: d Egypt CDS (1d) | EB5: d China CDS (1d) | EC5: d Indonesia CDS (1d) | ED5: d Korea CDS (1d) | EE5: d Thailand CDS (1d) | EF5: d Malaysia CDS (1d) | EG5: d Philippines CDS (1d) | EH5: d South Africa CDS (1d)
B6: =Tickers!$B$6 | C6: =Tickers!$B$7 | D6: =Tickers!$B$8 | E6: =Tickers!$B$9 | F6: =Tickers!$B$10 | G6: =Tickers!$B$11 | H6: =Tickers!$B$12 | I6: =Tickers!$B$13 | J6: =Tickers!$B$14 | K6: =Tickers!$B$15 | L6: =Tickers!$B$16 | M6: =Tickers!$B$17 | N6: =Tickers!$B$18 | O6: =Tickers!$B$19 | P6: =Tickers!$B$20 | Q6: =Tickers!$B$21 | R6: =Tickers!$B$22 | S6: =Tickers!$B$23 | T6: =Tickers!$B$24 | U6: =Tickers!$B$25 | V6: =Tickers!$B$26 | W6: =Tickers!$B$27 | X6: =Tickers!$B$28 | Y6: =Tickers!$B$29 | Z6: =Tickers!$B$30 | AA6: =Tickers!$B$31 | AB6: =Tickers!$B$32 | AC6: =Tickers!$B$33 | AD6: =Tickers!$B$34 | AE6: =Tickers!$B$35 | AF6: =Tickers!$B$36 | AG6: =Tickers!$B$37 | AH6: =Tickers!$B$38 | AI6: =Tickers!$B$39 | AJ6: =Tickers!$B$40 | AK6: =Tickers!$B$41 | AL6: =Tickers!$B$42 | AM6: =Tickers!$B$43 | AN6: =Tickers!$B$44 | AO6: =Tickers!$B$45 | AP6: =Tickers!$B$46 | AQ6: =Tickers!$B$47 | AR6: =Tickers!$B$48 | AS6: =Tickers!$B$49 | AT6: =Tickers!$B$50 | AU6: =Tickers!$B$51 | AV6: =Tickers!$B$52 | AW6: =Tickers!$B$53 | AX6: =Tickers!$B$54 | AY6: =Tickers!$B$55 | AZ6: =Tickers!$B$56 | BA6: =Tickers!$B$57 | BB6: =Tickers!$B$58 | BC6: =Tickers!$B$59 | BD6: =Tickers!$B$60 | BE6: =Tickers!$B$61 | BF6: =Tickers!$B$62 | BG6: =Tickers!$B$63 | BH6: =Tickers!$B$64 | BI6: =Tickers!$B$65 | BJ6: =Tickers!$B$66 | BK6: =Tickers!$B$67 | BL6: =Tickers!$B$68 | BM6: =Tickers!$B$69 | BN6: =Tickers!$B$70 | BO6: =Tickers!$B$71 | BP6: =Tickers!$B$72 | BQ6: =Tickers!$B$73 | BR6: =Tickers!$B$74 | BS6: =Tickers!$B$75 | BT6: =Tickers!$B$76 | BU6: =Tickers!$B$77 | BV6: derived | BW6: derived | BX6: derived | BY6: derived | BZ6: derived | CA6: derived | CB6: derived | CC6: derived | CD6: derived | CE6: derived | CF6: derived | CG6: derived | CH6: derived | CI6: derived | CJ6: derived | CK6: derived | CL6: derived | CM6: derived | CN6: derived | CO6: derived | CP6: derived | CQ6: derived | CR6: derived | CS6: derived | CT6: derived | CU6: derived | CV6: derived | CW6: derived | CX6: derived | CY6: derived | CZ6: derived | DA6: derived | DB6: derived | DC6: derived | DD6: derived | DE6: derived | DF6: derived | DG6: derived | DH6: derived | DI6: derived | DJ6: derived | DK6: derived | DL6: derived | DM6: derived | DN6: derived | DO6: derived | DP6: derived | DQ6: derived | DR6: derived | DS6: derived | DT6: derived | DU6: derived | DV6: derived | DW6: derived | DX6: derived | DY6: derived | DZ6: derived | EA6: derived | EB6: derived | EC6: derived | ED6: derived | EE6: derived | EF6: derived | EG6: derived | EH6: derived
A7: date | B7: % | C7: % | D7: % | E7: % | F7: % | G7: % | H7: % | I7: pt | J7: bp | K7: idx | L7: fx | M7: fx | N7: fx | O7: fx | P7: fx | Q7: fx | R7: fx | S7: fx | T7: fx | U7: fx | V7: fx | W7: fx | X7: fx | Y7: fx | Z7: fx | AA7: fx | AB7: fx | AC7: fx | AD7: fx | AE7: fx | AF7: % | AG7: % | AH7: % | AI7: % | AJ7: % | AK7: % | AL7: % | AM7: % | AN7: % | AO7: % | AP7: % | AQ7: % | AR7: % | AS7: % | AT7: % | AU7: % | AV7: % | AW7: % | AX7: % | AY7: % | AZ7: bp | BA7: bp | BB7: bp | BC7: bp | BD7: bp | BE7: bp | BF7: bp | BG7: bp | BH7: bp | BI7: bp | BJ7: bp | BK7: bp | BL7: bp | BM7: bp | BN7: bp | BO7: bp | BP7: bp | BQ7: bp | BR7: bp | BS7: bp | BT7: bp | BU7: bp | BV7: bp | BW7: bp | BX7: ret | BY7: bp | BZ7: bp | CA7: bp | CB7: bp | CC7: bp | CD7: bp | CE7: bp | CF7: bp | CG7: bp | CH7: bp | CI7: bp | CJ7: bp | CK7: bp | CL7: bp | CM7: bp | CN7: bp | CO7: bp | CP7: bp | CQ7: bp | CR7: bp | CS7: ret | CT7: ret | CU7: ret | CV7: ret | CW7: ret | CX7: ret | CY7: ret | CZ7: ret | DA7: ret | DB7: ret | DC7: ret | DD7: ret | DE7: ret | DF7: ret | DG7: ret | DH7: ret | DI7: ret | DJ7: ret | DK7: ret | DL7: ret | DM7: bp | DN7: bp | DO7: bp | DP7: bp | DQ7: bp | DR7: bp | DS7: bp | DT7: bp | DU7: bp | DV7: bp | DW7: bp | DX7: bp | DY7: bp | DZ7: bp | EA7: bp | EB7: bp | EC7: bp | ED7: bp | EE7: bp | EF7: bp | EG7: bp | EH7: bp
A8: =BDH(Tickers!$B$6,Tickers!$C$6,Control!$B$6,Control!$B$7,"Dir=V","Sort=D","Days=W","Fill=P","Dts=S") | C8: =BDH(Tickers!$B$7,Tickers!$C$7,Control!$B$6,Control!$B$7,"Dir=V","Sort=D","Days=W","Fill=P","Dts=H") | D8: =BDH(Tickers!$B$8,Tickers!$C$8,Control!$B$6,Control!$B$7,"Dir=V","Sort=D","Days=W","Fill=P","Dts=H") | E8: =BDH(Tickers!$B$9,Tickers!$C$9,Control!$B$6,Control!$B$7,"Dir=V","Sort=D","Days=W","Fill=P","Dts=H") | F8: =BDH(Tickers!$B$10,Tickers!$C$10,Control!$B$6,Control!$B$7,"Dir=V","Sort=D","Days=W","Fill=P","Dts=H") | G8: =BDH(Tickers!$B$11,Tickers!$C$11,Control!$B$6,Control!$B$7,"Dir=V","Sort=D","Days=W","Fill=P","Dts=H") | H8: =BDH(Tickers!$B$12,Tickers!$C$12,Control!$B$6,Control!$B$7,"Dir=V","Sort=D","Days=W","Fill=P","Dts=H") | I8: =BDH(Tickers!$B$13,Tickers!$C$13,Control!$B$6,Control!$B$7,"Dir=V","Sort=D","Days=W","Fill=P","Dts=H") | J8: =BDH(Tickers!$B$14,Tickers!$C$14,Control!$B$6,Control!$B$7,"Dir=V","Sort=D","Days=W","Fill=P","Dts=H") | K8: =BDH(Tickers!$B$15,Tickers!$C$15,Control!$B$6,Control!$B$7,"Dir=V","Sort=D","Days=W","Fill=P","Dts=H") | L8: =BDH(Tickers!$B$16,Tickers!$C$16,Control!$B$6,Control!$B$7,"Dir=V","Sort=D","Days=W","Fill=P","Dts=H") | M8: =BDH(Tickers!$B$17,Tickers!$C$17,Control!$B$6,Control!$B$7,"Dir=V","Sort=D","Days=W","Fill=P","Dts=H") | N8: =BDH(Tickers!$B$18,Tickers!$C$18,Control!$B$6,Control!$B$7,"Dir=V","Sort=D","Days=W","Fill=P","Dts=H") | O8: =BDH(Tickers!$B$19,Tickers!$C$19,Control!$B$6,Control!$B$7,"Dir=V","Sort=D","Days=W","Fill=P","Dts=H") | P8: =BDH(Tickers!$B$20,Tickers!$C$20,Control!$B$6,Control!$B$7,"Dir=V","Sort=D","Days=W","Fill=P","Dts=H") | Q8: =BDH(Tickers!$B$21,Tickers!$C$21,Control!$B$6,Control!$B$7,"Dir=V","Sort=D","Days=W","Fill=P","Dts=H") | R8: =BDH(Tickers!$B$22,Tickers!$C$22,Control!$B$6,Control!$B$7,"Dir=V","Sort=D","Days=W","Fill=P","Dts=H") | S8: =BDH(Tickers!$B$23,Tickers!$C$23,Control!$B$6,Control!$B$7,"Dir=V","Sort=D","Days=W","Fill=P","Dts=H") | T8: =BDH(Tickers!$B$24,Tickers!$C$24,Control!$B$6,Control!$B$7,"Dir=V","Sort=D","Days=W","Fill=P","Dts=H") | U8: =BDH(Tickers!$B$25,Tickers!$C$25,Control!$B$6,Control!$B$7,"Dir=V","Sort=D","Days=W","Fill=P","Dts=H") | V8: =BDH(Tickers!$B$26,Tickers!$C$26,Control!$B$6,Control!$B$7,"Dir=V","Sort=D","Days=W","Fill=P","Dts=H") | W8: =BDH(Tickers!$B$27,Tickers!$C$27,Control!$B$6,Control!$B$7,"Dir=V","Sort=D","Days=W","Fill=P","Dts=H") | X8: =BDH(Tickers!$B$28,Tickers!$C$28,Control!$B$6,Control!$B$7,"Dir=V","Sort=D","Days=W","Fill=P","Dts=H") | Y8: =BDH(Tickers!$B$29,Tickers!$C$29,Control!$B$6,Control!$B$7,"Dir=V","Sort=D","Days=W","Fill=P","Dts=H") | Z8: =BDH(Tickers!$B$30,Tickers!$C$30,Control!$B$6,Control!$B$7,"Dir=V","Sort=D","Days=W","Fill=P","Dts=H") | AA8: =BDH(Tickers!$B$31,Tickers!$C$31,Control!$B$6,Control!$B$7,"Dir=V","Sort=D","Days=W","Fill=P","Dts=H") | AB8: =BDH(Tickers!$B$32,Tickers!$C$32,Control!$B$6,Control!$B$7,"Dir=V","Sort=D","Days=W","Fill=P","Dts=H") | AC8: =BDH(Tickers!$B$33,Tickers!$C$33,Control!$B$6,Control!$B$7,"Dir=V","Sort=D","Days=W","Fill=P","Dts=H") | AD8: =BDH(Tickers!$B$34,Tickers!$C$34,Control!$B$6,Control!$B$7,"Dir=V","Sort=D","Days=W","Fill=P","Dts=H") | AE8: =BDH(Tickers!$B$35,Tickers!$C$35,Control!$B$6,Control!$B$7,"Dir=V","Sort=D","Days=W","Fill=P","Dts=H") | AF8: =BDH(Tickers!$B$36,Tickers!$C$36,Control!$B$6,Control!$B$7,"Dir=V","Sort=D","Days=W","Fill=P","Dts=H") | AG8: =BDH(Tickers!$B$37,Tickers!$C$37,Control!$B$6,Control!$B$7,"Dir=V","Sort=D","Days=W","Fill=P","Dts=H") | AH8: =BDH(Tickers!$B$38,Tickers!$C$38,Control!$B$6,Control!$B$7,"Dir=V","Sort=D","Days=W","Fill=P","Dts=H") | AI8: =BDH(Tickers!$B$39,Tickers!$C$39,Control!$B$6,Control!$B$7,"Dir=V","Sort=D","Days=W","Fill=P","Dts=H") | AJ8: =BDH(Tickers!$B$40,Tickers!$C$40,Control!$B$6,Control!$B$7,"Dir=V","Sort=D","Days=W","Fill=P","Dts=H") | AK8: =BDH(Tickers!$B$41,Tickers!$C$41,Control!$B$6,Control!$B$7,"Dir=V","Sort=D","Days=W","Fill=P","Dts=H") | AL8: =BDH(Tickers!$B$42,Tickers!$C$42,Control!$B$6,Control!$B$7,"Dir=V","Sort=D","Days=W","Fill=P","Dts=H") | AM8: =BDH(Tickers!$B$43,Tickers!$C$43,Control!$B$6,Control!$B$7,"Dir=V","Sort=D","Days=W","Fill=P","Dts=H") | AN8: =BDH(Tickers!$B$44,Tickers!$C$44,Control!$B$6,Control!$B$7,"Dir=V","Sort=D","Days=W","Fill=P","Dts=H") | AO8: =BDH(Tickers!$B$45,Tickers!$C$45,Control!$B$6,Control!$B$7,"Dir=V","Sort=D","Days=W","Fill=P","Dts=H") | AP8: =BDH(Tickers!$B$46,Tickers!$C$46,Control!$B$6,Control!$B$7,"Dir=V","Sort=D","Days=W","Fill=P","Dts=H") | AQ8: =BDH(Tickers!$B$47,Tickers!$C$47,Control!$B$6,Control!$B$7,"Dir=V","Sort=D","Days=W","Fill=P","Dts=H") | AR8: =BDH(Tickers!$B$48,Tickers!$C$48,Control!$B$6,Control!$B$7,"Dir=V","Sort=D","Days=W","Fill=P","Dts=H") | AS8: =BDH(Tickers!$B$49,Tickers!$C$49,Control!$B$6,Control!$B$7,"Dir=V","Sort=D","Days=W","Fill=P","Dts=H") | AT8: =BDH(Tickers!$B$50,Tickers!$C$50,Control!$B$6,Control!$B$7,"Dir=V","Sort=D","Days=W","Fill=P","Dts=H") | AU8: =BDH(Tickers!$B$51,Tickers!$C$51,Control!$B$6,Control!$B$7,"Dir=V","Sort=D","Days=W","Fill=P","Dts=H") | AV8: =BDH(Tickers!$B$52,Tickers!$C$52,Control!$B$6,Control!$B$7,"Dir=V","Sort=D","Days=W","Fill=P","Dts=H") | AW8: =BDH(Tickers!$B$53,Tickers!$C$53,Control!$B$6,Control!$B$7,"Dir=V","Sort=D","Days=W","Fill=P","Dts=H") | AX8: =BDH(Tickers!$B$54,Tickers!$C$54,Control!$B$6,Control!$B$7,"Dir=V","Sort=D","Days=W","Fill=P","Dts=H") | AY8: =BDH(Tickers!$B$55,Tickers!$C$55,Control!$B$6,Control!$B$7,"Dir=V","Sort=D","Days=W","Fill=P","Dts=H") | AZ8: =BDH(Tickers!$B$56,Tickers!$C$56,Control!$B$6,Control!$B$7,"Dir=V","Sort=D","Days=W","Fill=P","Dts=H") | BA8: =BDH(Tickers!$B$57,Tickers!$C$57,Control!$B$6,Control!$B$7,"Dir=V","Sort=D","Days=W","Fill=P","Dts=H") | BB8: =BDH(Tickers!$B$58,Tickers!$C$58,Control!$B$6,Control!$B$7,"Dir=V","Sort=D","Days=W","Fill=P","Dts=H") | BC8: =BDH(Tickers!$B$59,Tickers!$C$59,Control!$B$6,Control!$B$7,"Dir=V","Sort=D","Days=W","Fill=P","Dts=H") | BD8: =BDH(Tickers!$B$60,Tickers!$C$60,Control!$B$6,Control!$B$7,"Dir=V","Sort=D","Days=W","Fill=P","Dts=H") | BE8: =BDH(Tickers!$B$61,Tickers!$C$61,Control!$B$6,Control!$B$7,"Dir=V","Sort=D","Days=W","Fill=P","Dts=H") | BF8: =BDH(Tickers!$B$62,Tickers!$C$62,Control!$B$6,Control!$B$7,"Dir=V","Sort=D","Days=W","Fill=P","Dts=H") | BG8: =BDH(Tickers!$B$63,Tickers!$C$63,Control!$B$6,Control!$B$7,"Dir=V","Sort=D","Days=W","Fill=P","Dts=H") | BH8: =BDH(Tickers!$B$64,Tickers!$C$64,Control!$B$6,Control!$B$7,"Dir=V","Sort=D","Days=W","Fill=P","Dts=H") | BI8: =BDH(Tickers!$B$65,Tickers!$C$65,Control!$B$6,Control!$B$7,"Dir=V","Sort=D","Days=W","Fill=P","Dts=H") | BJ8: =BDH(Tickers!$B$66,Tickers!$C$66,Control!$B$6,Control!$B$7,"Dir=V","Sort=D","Days=W","Fill=P","Dts=H") | BK8: =BDH(Tickers!$B$67,Tickers!$C$67,Control!$B$6,Control!$B$7,"Dir=V","Sort=D","Days=W","Fill=P","Dts=H") | BL8: =BDH(Tickers!$B$68,Tickers!$C$68,Control!$B$6,Control!$B$7,"Dir=V","Sort=D","Days=W","Fill=P","Dts=H") | BM8: =BDH(Tickers!$B$69,Tickers!$C$69,Control!$B$6,Control!$B$7,"Dir=V","Sort=D","Days=W","Fill=P","Dts=H") | BN8: =BDH(Tickers!$B$70,Tickers!$C$70,Control!$B$6,Control!$B$7,"Dir=V","Sort=D","Days=W","Fill=P","Dts=H") | BO8: =BDH(Tickers!$B$71,Tickers!$C$71,Control!$B$6,Control!$B$7,"Dir=V","Sort=D","Days=W","Fill=P","Dts=H") | BP8: =BDH(Tickers!$B$72,Tickers!$C$72,Control!$B$6,Control!$B$7,"Dir=V","Sort=D","Days=W","Fill=P","Dts=H") | BQ8: =BDH(Tickers!$B$73,Tickers!$C$73,Control!$B$6,Control!$B$7,"Dir=V","Sort=D","Days=W","Fill=P","Dts=H") | BR8: =BDH(Tickers!$B$74,Tickers!$C$74,Control!$B$6,Control!$B$7,"Dir=V","Sort=D","Days=W","Fill=P","Dts=H") | BS8: =BDH(Tickers!$B$75,Tickers!$C$75,Control!$B$6,Control!$B$7,"Dir=V","Sort=D","Days=W","Fill=P","Dts=H") | BT8: =BDH(Tickers!$B$76,Tickers!$C$76,Control!$B$6,Control!$B$7,"Dir=V","Sort=D","Days=W","Fill=P","Dts=H") | BU8: =BDH(Tickers!$B$77,Tickers!$C$77,Control!$B$6,Control!$B$7,"Dir=V","Sort=D","Days=W","Fill=P","Dts=H") | BV8: =($D8-$D9)*100 | BW8: =($C8-$C9)*100 | BX8: =IFERROR($I8/$I9-1,"") | BY8: =($AF8-$AF9)*100 | BZ8: =($AG8-$AG9)*100 | CA8: =($AH8-$AH9)*100 | CB8: =($AI8-$AI9)*100 | CC8: =($AJ8-$AJ9)*100 | CD8: =($AK8-$AK9)*100 | CE8: =($AL8-$AL9)*100 | CF8: =($AM8-$AM9)*100 | CG8: =($AN8-$AN9)*100 | CH8: =($AO8-$AO9)*100 | CI8: =($AP8-$AP9)*100 | CJ8: =($AQ8-$AQ9)*100 | CK8: =($AR8-$AR9)*100 | CL8: =($AS8-$AS9)*100 | CM8: =($AT8-$AT9)*100 | CN8: =($AU8-$AU9)*100 | CO8: =($AV8-$AV9)*100 | CP8: =($AW8-$AW9)*100 | CQ8: =($AX8-$AX9)*100 | CR8: =($AY8-$AY9)*100 | CS8: =IFERROR($L9/$L8-1,"") | CT8: =IFERROR($M9/$M8-1,"") | CU8: =IFERROR($N9/$N8-1,"") | CV8: =IFERROR($O9/$O8-1,"") | CW8: =IFERROR($P9/$P8-1,"") | CX8: =IFERROR($Q9/$Q8-1,"") | CY8: =IFERROR($R9/$R8-1,"") | CZ8: =IFERROR($S9/$S8-1,"") | DA8: =IFERROR($T9/$T8-1,"") | DB8: =IFERROR($U9/$U8-1,"") | DC8: =IFERROR($V9/$V8-1,"") | DD8: =IFERROR($W9/$W8-1,"") | DE8: =IFERROR($X9/$X8-1,"") | DF8: =IFERROR($Y9/$Y8-1,"") | DG8: =IFERROR($Z9/$Z8-1,"") | DH8: =IFERROR($AA9/$AA8-1,"") | DI8: =IFERROR($AB9/$AB8-1,"") | DJ8: =IFERROR($AC9/$AC8-1,"") | DK8: =IFERROR($AD9/$AD8-1,"") | DL8: =IFERROR($AE9/$AE8-1,"") | DM8: =$AZ8-$AZ9 | DN8: =$BA8-$BA9 | DO8: =$BB8-$BB9 | DP8: =$BC8-$BC9 | DQ8: =$BD8-$BD9 | DR8: =$BE8-$BE9 | DS8: =$BF8-$BF9 | DT8: =$BG8-$BG9 | DU8: =$BH8-$BH9 | DV8: =$BI8-$BI9 | DW8: =$BJ8-$BJ9 | DX8: =$BK8-$BK9 | DY8: =$BL8-$BL9 | DZ8: =$BM8-$BM9 | EA8: =$BN8-$BN9 | EB8: =$BO8-$BO9 | EC8: =$BP8-$BP9 | ED8: =$BQ8-$BQ9 | EE8: =$BR8-$BR9 | EF8: =$BS8-$BS9 | EG8: =$BT8-$BT9 | EH8: =$BU8-$BU9
BV9: =($D9-$D10)*100 | BW9: =($C9-$C10)*100 | BX9: =IFERROR($I9/$I10-1,"") | BY9: =($AF9-$AF10)*100 | BZ9: =($AG9-$AG10)*100 | CA9: =($AH9-$AH10)*100 | CB9: =($AI9-$AI10)*100 | CC9: =($AJ9-$AJ10)*100 | CD9: =($AK9-$AK10)*100 | CE9: =($AL9-$AL10)*100 | CF9: =($AM9-$AM10)*100 | CG9: =($AN9-$AN10)*100 | CH9: =($AO9-$AO10)*100 | CI9: =($AP9-$AP10)*100 | CJ9: =($AQ9-$AQ10)*100 | CK9: =($AR9-$AR10)*100 | CL9: =($AS9-$AS10)*100 | CM9: =($AT9-$AT10)*100 | CN9: =($AU9-$AU10)*100 | CO9: =($AV9-$AV10)*100 | CP9: =($AW9-$AW10)*100 | CQ9: =($AX9-$AX10)*100 | CR9: =($AY9-$AY10)*100 | CS9: =IFERROR($L10/$L9-1,"") | CT9: =IFERROR($M10/$M9-1,"") | CU9: =IFERROR($N10/$N9-1,"") | CV9: =IFERROR($O10/$O9-1,"") | CW9: =IFERROR($P10/$P9-1,"") | CX9: =IFERROR($Q10/$Q9-1,"") | CY9: =IFERROR($R10/$R9-1,"") | CZ9: =IFERROR($S10/$S9-1,"") | DA9: =IFERROR($T10/$T9-1,"") | DB9: =IFERROR($U10/$U9-1,"") | DC9: =IFERROR($V10/$V9-1,"") | DD9: =IFERROR($W10/$W9-1,"") | DE9: =IFERROR($X10/$X9-1,"") | DF9: =IFERROR($Y10/$Y9-1,"") | DG9: =IFERROR($Z10/$Z9-1,"") | DH9: =IFERROR($AA10/$AA9-1,"") | DI9: =IFERROR($AB10/$AB9-1,"") | DJ9: =IFERROR($AC10/$AC9-1,"") | DK9: =IFERROR($AD10/$AD9-1,"") | DL9: =IFERROR($AE10/$AE9-1,"") | DM9: =$AZ9-$AZ10 | DN9: =$BA9-$BA10 | DO9: =$BB9-$BB10 | DP9: =$BC9-$BC10 | DQ9: =$BD9-$BD10 | DR9: =$BE9-$BE10 | DS9: =$BF9-$BF10 | DT9: =$BG9-$BG10 | DU9: =$BH9-$BH10 | DV9: =$BI9-$BI10 | DW9: =$BJ9-$BJ10 | DX9: =$BK9-$BK10 | DY9: =$BL9-$BL10 | DZ9: =$BM9-$BM10 | EA9: =$BN9-$BN10 | EB9: =$BO9-$BO10 | EC9: =$BP9-$BP10 | ED9: =$BQ9-$BQ10 | EE9: =$BR9-$BR10 | EF9: =$BS9-$BS10 | EG9: =$BT9-$BT10 | EH9: =$BU9-$BU10
BV10: =($D10-$D11)*100 | BW10: =($C10-$C11)*100 | BX10: =IFERROR($I10/$I11-1,"") | BY10: =($AF10-$AF11)*100 | BZ10: =($AG10-$AG11)*100 | CA10: =($AH10-$AH11)*100 | CB10: =($AI10-$AI11)*100 | CC10: =($AJ10-$AJ11)*100 | CD10: =($AK10-$AK11)*100 | CE10: =($AL10-$AL11)*100 | CF10: =($AM10-$AM11)*100 | CG10: =($AN10-$AN11)*100 | CH10: =($AO10-$AO11)*100 | CI10: =($AP10-$AP11)*100 | CJ10: =($AQ10-$AQ11)*100 | CK10: =($AR10-$AR11)*100 | CL10: =($AS10-$AS11)*100 | CM10: =($AT10-$AT11)*100 | CN10: =($AU10-$AU11)*100 | CO10: =($AV10-$AV11)*100 | CP10: =($AW10-$AW11)*100 | CQ10: =($AX10-$AX11)*100 | CR10: =($AY10-$AY11)*100 | CS10: =IFERROR($L11/$L10-1,"") | CT10: =IFERROR($M11/$M10-1,"") | CU10: =IFERROR($N11/$N10-1,"") | CV10: =IFERROR($O11/$O10-1,"") | CW10: =IFERROR($P11/$P10-1,"") | CX10: =IFERROR($Q11/$Q10-1,"") | CY10: =IFERROR($R11/$R10-1,"") | CZ10: =IFERROR($S11/$S10-1,"") | DA10: =IFERROR($T11/$T10-1,"") | DB10: =IFERROR($U11/$U10-1,"") | DC10: =IFERROR($V11/$V10-1,"") | DD10: =IFERROR($W11/$W10-1,"") | DE10: =IFERROR($X11/$X10-1,"") | DF10: =IFERROR($Y11/$Y10-1,"") | DG10: =IFERROR($Z11/$Z10-1,"") | DH10: =IFERROR($AA11/$AA10-1,"") | DI10: =IFERROR($AB11/$AB10-1,"") | DJ10: =IFERROR($AC11/$AC10-1,"") | DK10: =IFERROR($AD11/$AD10-1,"") | DL10: =IFERROR($AE11/$AE10-1,"") | DM10: =$AZ10-$AZ11 | DN10: =$BA10-$BA11 | DO10: =$BB10-$BB11 | DP10: =$BC10-$BC11 | DQ10: =$BD10-$BD11 | DR10: =$BE10-$BE11 | DS10: =$BF10-$BF11 | DT10: =$BG10-$BG11 | DU10: =$BH10-$BH11 | DV10: =$BI10-$BI11 | DW10: =$BJ10-$BJ11 | DX10: =$BK10-$BK11 | DY10: =$BL10-$BL11 | DZ10: =$BM10-$BM11 | EA10: =$BN10-$BN11 | EB10: =$BO10-$BO11 | EC10: =$BP10-$BP11 | ED10: =$BQ10-$BQ11 | EE10: =$BR10-$BR11 | EF10: =$BS10-$BS11 | EG10: =$BT10-$BT11 | EH10: =$BU10-$BU11
BV11: =($D11-$D12)*100 | BW11: =($C11-$C12)*100 | BX11: =IFERROR($I11/$I12-1,"") | BY11: =($AF11-$AF12)*100 | BZ11: =($AG11-$AG12)*100 | CA11: =($AH11-$AH12)*100 | CB11: =($AI11-$AI12)*100 | CC11: =($AJ11-$AJ12)*100 | CD11: =($AK11-$AK12)*100 | CE11: =($AL11-$AL12)*100 | CF11: =($AM11-$AM12)*100 | CG11: =($AN11-$AN12)*100 | CH11: =($AO11-$AO12)*100 | CI11: =($AP11-$AP12)*100 | CJ11: =($AQ11-$AQ12)*100 | CK11: =($AR11-$AR12)*100 | CL11: =($AS11-$AS12)*100 | CM11: =($AT11-$AT12)*100 | CN11: =($AU11-$AU12)*100 | CO11: =($AV11-$AV12)*100 | CP11: =($AW11-$AW12)*100 | CQ11: =($AX11-$AX12)*100 | CR11: =($AY11-$AY12)*100 | CS11: =IFERROR($L12/$L11-1,"") | CT11: =IFERROR($M12/$M11-1,"") | CU11: =IFERROR($N12/$N11-1,"") | CV11: =IFERROR($O12/$O11-1,"") | CW11: =IFERROR($P12/$P11-1,"") | CX11: =IFERROR($Q12/$Q11-1,"") | CY11: =IFERROR($R12/$R11-1,"") | CZ11: =IFERROR($S12/$S11-1,"") | DA11: =IFERROR($T12/$T11-1,"") | DB11: =IFERROR($U12/$U11-1,"") | DC11: =IFERROR($V12/$V11-1,"") | DD11: =IFERROR($W12/$W11-1,"") | DE11: =IFERROR($X12/$X11-1,"") | DF11: =IFERROR($Y12/$Y11-1,"") | DG11: =IFERROR($Z12/$Z11-1,"") | DH11: =IFERROR($AA12/$AA11-1,"") | DI11: =IFERROR($AB12/$AB11-1,"") | DJ11: =IFERROR($AC12/$AC11-1,"") | DK11: =IFERROR($AD12/$AD11-1,"") | DL11: =IFERROR($AE12/$AE11-1,"") | DM11: =$AZ11-$AZ12 | DN11: =$BA11-$BA12 | DO11: =$BB11-$BB12 | DP11: =$BC11-$BC12 | DQ11: =$BD11-$BD12 | DR11: =$BE11-$BE12 | DS11: =$BF11-$BF12 | DT11: =$BG11-$BG12 | DU11: =$BH11-$BH12 | DV11: =$BI11-$BI12 | DW11: =$BJ11-$BJ12 | DX11: =$BK11-$BK12 | DY11: =$BL11-$BL12 | DZ11: =$BM11-$BM12 | EA11: =$BN11-$BN12 | EB11: =$BO11-$BO12 | EC11: =$BP11-$BP12 | ED11: =$BQ11-$BQ12 | EE11: =$BR11-$BR12 | EF11: =$BS11-$BS12 | EG11: =$BT11-$BT12 | EH11: =$BU11-$BU12
BV12: =($D12-$D13)*100 | BW12: =($C12-$C13)*100 | BX12: =IFERROR($I12/$I13-1,"") | BY12: =($AF12-$AF13)*100 | BZ12: =($AG12-$AG13)*100 | CA12: =($AH12-$AH13)*100 | CB12: =($AI12-$AI13)*100 | CC12: =($AJ12-$AJ13)*100 | CD12: =($AK12-$AK13)*100 | CE12: =($AL12-$AL13)*100 | CF12: =($AM12-$AM13)*100 | CG12: =($AN12-$AN13)*100 | CH12: =($AO12-$AO13)*100 | CI12: =($AP12-$AP13)*100 | CJ12: =($AQ12-$AQ13)*100 | CK12: =($AR12-$AR13)*100 | CL12: =($AS12-$AS13)*100 | CM12: =($AT12-$AT13)*100 | CN12: =($AU12-$AU13)*100 | CO12: =($AV12-$AV13)*100 | CP12: =($AW12-$AW13)*100 | CQ12: =($AX12-$AX13)*100 | CR12: =($AY12-$AY13)*100 | CS12: =IFERROR($L13/$L12-1,"") | CT12: =IFERROR($M13/$M12-1,"") | CU12: =IFERROR($N13/$N12-1,"") | CV12: =IFERROR($O13/$O12-1,"") | CW12: =IFERROR($P13/$P12-1,"") | CX12: =IFERROR($Q13/$Q12-1,"") | CY12: =IFERROR($R13/$R12-1,"") | CZ12: =IFERROR($S13/$S12-1,"") | DA12: =IFERROR($T13/$T12-1,"") | DB12: =IFERROR($U13/$U12-1,"") | DC12: =IFERROR($V13/$V12-1,"") | DD12: =IFERROR($W13/$W12-1,"") | DE12: =IFERROR($X13/$X12-1,"") | DF12: =IFERROR($Y13/$Y12-1,"") | DG12: =IFERROR($Z13/$Z12-1,"") | DH12: =IFERROR($AA13/$AA12-1,"") | DI12: =IFERROR($AB13/$AB12-1,"") | DJ12: =IFERROR($AC13/$AC12-1,"") | DK12: =IFERROR($AD13/$AD12-1,"") | DL12: =IFERROR($AE13/$AE12-1,"") | DM12: =$AZ12-$AZ13 | DN12: =$BA12-$BA13 | DO12: =$BB12-$BB13 | DP12: =$BC12-$BC13 | DQ12: =$BD12-$BD13 | DR12: =$BE12-$BE13 | DS12: =$BF12-$BF13 | DT12: =$BG12-$BG13 | DU12: =$BH12-$BH13 | DV12: =$BI12-$BI13 | DW12: =$BJ12-$BJ13 | DX12: =$BK12-$BK13 | DY12: =$BL12-$BL13 | DZ12: =$BM12-$BM13 | EA12: =$BN12-$BN13 | EB12: =$BO12-$BO13 | EC12: =$BP12-$BP13 | ED12: =$BQ12-$BQ13 | EE12: =$BR12-$BR13 | EF12: =$BS12-$BS13 | EG12: =$BT12-$BT13 | EH12: =$BU12-$BU13
BV13: =($D13-$D14)*100 | BW13: =($C13-$C14)*100 | BX13: =IFERROR($I13/$I14-1,"") | BY13: =($AF13-$AF14)*100 | BZ13: =($AG13-$AG14)*100 | CA13: =($AH13-$AH14)*100 | CB13: =($AI13-$AI14)*100 | CC13: =($AJ13-$AJ14)*100 | CD13: =($AK13-$AK14)*100 | CE13: =($AL13-$AL14)*100 | CF13: =($AM13-$AM14)*100 | CG13: =($AN13-$AN14)*100 | CH13: =($AO13-$AO14)*100 | CI13: =($AP13-$AP14)*100 | CJ13: =($AQ13-$AQ14)*100 | CK13: =($AR13-$AR14)*100 | CL13: =($AS13-$AS14)*100 | CM13: =($AT13-$AT14)*100 | CN13: =($AU13-$AU14)*100 | CO13: =($AV13-$AV14)*100 | CP13: =($AW13-$AW14)*100 | CQ13: =($AX13-$AX14)*100 | CR13: =($AY13-$AY14)*100 | CS13: =IFERROR($L14/$L13-1,"") | CT13: =IFERROR($M14/$M13-1,"") | CU13: =IFERROR($N14/$N13-1,"") | CV13: =IFERROR($O14/$O13-1,"") | CW13: =IFERROR($P14/$P13-1,"") | CX13: =IFERROR($Q14/$Q13-1,"") | CY13: =IFERROR($R14/$R13-1,"") | CZ13: =IFERROR($S14/$S13-1,"") | DA13: =IFERROR($T14/$T13-1,"") | DB13: =IFERROR($U14/$U13-1,"") | DC13: =IFERROR($V14/$V13-1,"") | DD13: =IFERROR($W14/$W13-1,"") | DE13: =IFERROR($X14/$X13-1,"") | DF13: =IFERROR($Y14/$Y13-1,"") | DG13: =IFERROR($Z14/$Z13-1,"") | DH13: =IFERROR($AA14/$AA13-1,"") | DI13: =IFERROR($AB14/$AB13-1,"") | DJ13: =IFERROR($AC14/$AC13-1,"") | DK13: =IFERROR($AD14/$AD13-1,"") | DL13: =IFERROR($AE14/$AE13-1,"") | DM13: =$AZ13-$AZ14 | DN13: =$BA13-$BA14 | DO13: =$BB13-$BB14 | DP13: =$BC13-$BC14 | DQ13: =$BD13-$BD14 | DR13: =$BE13-$BE14 | DS13: =$BF13-$BF14 | DT13: =$BG13-$BG14 | DU13: =$BH13-$BH14 | DV13: =$BI13-$BI14 | DW13: =$BJ13-$BJ14 | DX13: =$BK13-$BK14 | DY13: =$BL13-$BL14 | DZ13: =$BM13-$BM14 | EA13: =$BN13-$BN14 | EB13: =$BO13-$BO14 | EC13: =$BP13-$BP14 | ED13: =$BQ13-$BQ14 | EE13: =$BR13-$BR14 | EF13: =$BS13-$BS14 | EG13: =$BT13-$BT14 | EH13: =$BU13-$BU14
BV14: =($D14-$D15)*100 | BW14: =($C14-$C15)*100 | BX14: =IFERROR($I14/$I15-1,"") | BY14: =($AF14-$AF15)*100 | BZ14: =($AG14-$AG15)*100 | CA14: =($AH14-$AH15)*100 | CB14: =($AI14-$AI15)*100 | CC14: =($AJ14-$AJ15)*100 | CD14: =($AK14-$AK15)*100 | CE14: =($AL14-$AL15)*100 | CF14: =($AM14-$AM15)*100 | CG14: =($AN14-$AN15)*100 | CH14: =($AO14-$AO15)*100 | CI14: =($AP14-$AP15)*100 | CJ14: =($AQ14-$AQ15)*100 | CK14: =($AR14-$AR15)*100 | CL14: =($AS14-$AS15)*100 | CM14: =($AT14-$AT15)*100 | CN14: =($AU14-$AU15)*100 | CO14: =($AV14-$AV15)*100 | CP14: =($AW14-$AW15)*100 | CQ14: =($AX14-$AX15)*100 | CR14: =($AY14-$AY15)*100 | CS14: =IFERROR($L15/$L14-1,"") | CT14: =IFERROR($M15/$M14-1,"") | CU14: =IFERROR($N15/$N14-1,"") | CV14: =IFERROR($O15/$O14-1,"") | CW14: =IFERROR($P15/$P14-1,"") | CX14: =IFERROR($Q15/$Q14-1,"") | CY14: =IFERROR($R15/$R14-1,"") | CZ14: =IFERROR($S15/$S14-1,"") | DA14: =IFERROR($T15/$T14-1,"") | DB14: =IFERROR($U15/$U14-1,"") | DC14: =IFERROR($V15/$V14-1,"") | DD14: =IFERROR($W15/$W14-1,"") | DE14: =IFERROR($X15/$X14-1,"") | DF14: =IFERROR($Y15/$Y14-1,"") | DG14: =IFERROR($Z15/$Z14-1,"") | DH14: =IFERROR($AA15/$AA14-1,"") | DI14: =IFERROR($AB15/$AB14-1,"") | DJ14: =IFERROR($AC15/$AC14-1,"") | DK14: =IFERROR($AD15/$AD14-1,"") | DL14: =IFERROR($AE15/$AE14-1,"") | DM14: =$AZ14-$AZ15 | DN14: =$BA14-$BA15 | DO14: =$BB14-$BB15 | DP14: =$BC14-$BC15 | DQ14: =$BD14-$BD15 | DR14: =$BE14-$BE15 | DS14: =$BF14-$BF15 | DT14: =$BG14-$BG15 | DU14: =$BH14-$BH15 | DV14: =$BI14-$BI15 | DW14: =$BJ14-$BJ15 | DX14: =$BK14-$BK15 | DY14: =$BL14-$BL15 | DZ14: =$BM14-$BM15 | EA14: =$BN14-$BN15 | EB14: =$BO14-$BO15 | EC14: =$BP14-$BP15 | ED14: =$BQ14-$BQ15 | EE14: =$BR14-$BR15 | EF14: =$BS14-$BS15 | EG14: =$BT14-$BT15 | EH14: =$BU14-$BU15
BV15: =($D15-$D16)*100 | BW15: =($C15-$C16)*100 | BX15: =IFERROR($I15/$I16-1,"") | BY15: =($AF15-$AF16)*100 | BZ15: =($AG15-$AG16)*100 | CA15: =($AH15-$AH16)*100 | CB15: =($AI15-$AI16)*100 | CC15: =($AJ15-$AJ16)*100 | CD15: =($AK15-$AK16)*100 | CE15: =($AL15-$AL16)*100 | CF15: =($AM15-$AM16)*100 | CG15: =($AN15-$AN16)*100 | CH15: =($AO15-$AO16)*100 | CI15: =($AP15-$AP16)*100 | CJ15: =($AQ15-$AQ16)*100 | CK15: =($AR15-$AR16)*100 | CL15: =($AS15-$AS16)*100 | CM15: =($AT15-$AT16)*100 | CN15: =($AU15-$AU16)*100 | CO15: =($AV15-$AV16)*100 | CP15: =($AW15-$AW16)*100 | CQ15: =($AX15-$AX16)*100 | CR15: =($AY15-$AY16)*100 | CS15: =IFERROR($L16/$L15-1,"") | CT15: =IFERROR($M16/$M15-1,"") | CU15: =IFERROR($N16/$N15-1,"") | CV15: =IFERROR($O16/$O15-1,"") | CW15: =IFERROR($P16/$P15-1,"") | CX15: =IFERROR($Q16/$Q15-1,"") | CY15: =IFERROR($R16/$R15-1,"") | CZ15: =IFERROR($S16/$S15-1,"") | DA15: =IFERROR($T16/$T15-1,"") | DB15: =IFERROR($U16/$U15-1,"") | DC15: =IFERROR($V16/$V15-1,"") | DD15: =IFERROR($W16/$W15-1,"") | DE15: =IFERROR($X16/$X15-1,"") | DF15: =IFERROR($Y16/$Y15-1,"") | DG15: =IFERROR($Z16/$Z15-1,"") | DH15: =IFERROR($AA16/$AA15-1,"") | DI15: =IFERROR($AB16/$AB15-1,"") | DJ15: =IFERROR($AC16/$AC15-1,"") | DK15: =IFERROR($AD16/$AD15-1,"") | DL15: =IFERROR($AE16/$AE15-1,"") | DM15: =$AZ15-$AZ16 | DN15: =$BA15-$BA16 | DO15: =$BB15-$BB16 | DP15: =$BC15-$BC16 | DQ15: =$BD15-$BD16 | DR15: =$BE15-$BE16 | DS15: =$BF15-$BF16 | DT15: =$BG15-$BG16 | DU15: =$BH15-$BH16 | DV15: =$BI15-$BI16 | DW15: =$BJ15-$BJ16 | DX15: =$BK15-$BK16 | DY15: =$BL15-$BL16 | DZ15: =$BM15-$BM16 | EA15: =$BN15-$BN16 | EB15: =$BO15-$BO16 | EC15: =$BP15-$BP16 | ED15: =$BQ15-$BQ16 | EE15: =$BR15-$BR16 | EF15: =$BS15-$BS16 | EG15: =$BT15-$BT16 | EH15: =$BU15-$BU16
BV16: =($D16-$D17)*100 | BW16: =($C16-$C17)*100 | BX16: =IFERROR($I16/$I17-1,"") | BY16: =($AF16-$AF17)*100 | BZ16: =($AG16-$AG17)*100 | CA16: =($AH16-$AH17)*100 | CB16: =($AI16-$AI17)*100 | CC16: =($AJ16-$AJ17)*100 | CD16: =($AK16-$AK17)*100 | CE16: =($AL16-$AL17)*100 | CF16: =($AM16-$AM17)*100 | CG16: =($AN16-$AN17)*100 | CH16: =($AO16-$AO17)*100 | CI16: =($AP16-$AP17)*100 | CJ16: =($AQ16-$AQ17)*100 | CK16: =($AR16-$AR17)*100 | CL16: =($AS16-$AS17)*100 | CM16: =($AT16-$AT17)*100 | CN16: =($AU16-$AU17)*100 | CO16: =($AV16-$AV17)*100 | CP16: =($AW16-$AW17)*100 | CQ16: =($AX16-$AX17)*100 | CR16: =($AY16-$AY17)*100 | CS16: =IFERROR($L17/$L16-1,"") | CT16: =IFERROR($M17/$M16-1,"") | CU16: =IFERROR($N17/$N16-1,"") | CV16: =IFERROR($O17/$O16-1,"") | CW16: =IFERROR($P17/$P16-1,"") | CX16: =IFERROR($Q17/$Q16-1,"") | CY16: =IFERROR($R17/$R16-1,"") | CZ16: =IFERROR($S17/$S16-1,"") | DA16: =IFERROR($T17/$T16-1,"") | DB16: =IFERROR($U17/$U16-1,"") | DC16: =IFERROR($V17/$V16-1,"") | DD16: =IFERROR($W17/$W16-1,"") | DE16: =IFERROR($X17/$X16-1,"") | DF16: =IFERROR($Y17/$Y16-1,"") | DG16: =IFERROR($Z17/$Z16-1,"") | DH16: =IFERROR($AA17/$AA16-1,"") | DI16: =IFERROR($AB17/$AB16-1,"") | DJ16: =IFERROR($AC17/$AC16-1,"") | DK16: =IFERROR($AD17/$AD16-1,"") | DL16: =IFERROR($AE17/$AE16-1,"") | DM16: =$AZ16-$AZ17 | DN16: =$BA16-$BA17 | DO16: =$BB16-$BB17 | DP16: =$BC16-$BC17 | DQ16: =$BD16-$BD17 | DR16: =$BE16-$BE17 | DS16: =$BF16-$BF17 | DT16: =$BG16-$BG17 | DU16: =$BH16-$BH17 | DV16: =$BI16-$BI17 | DW16: =$BJ16-$BJ17 | DX16: =$BK16-$BK17 | DY16: =$BL16-$BL17 | DZ16: =$BM16-$BM17 | EA16: =$BN16-$BN17 | EB16: =$BO16-$BO17 | EC16: =$BP16-$BP17 | ED16: =$BQ16-$BQ17 | EE16: =$BR16-$BR17 | EF16: =$BS16-$BS17 | EG16: =$BT16-$BT17 | EH16: =$BU16-$BU17
BV17: =($D17-$D18)*100 | BW17: =($C17-$C18)*100 | BX17: =IFERROR($I17/$I18-1,"") | BY17: =($AF17-$AF18)*100 | BZ17: =($AG17-$AG18)*100 | CA17: =($AH17-$AH18)*100 | CB17: =($AI17-$AI18)*100 | CC17: =($AJ17-$AJ18)*100 | CD17: =($AK17-$AK18)*100 | CE17: =($AL17-$AL18)*100 | CF17: =($AM17-$AM18)*100 | CG17: =($AN17-$AN18)*100 | CH17: =($AO17-$AO18)*100 | CI17: =($AP17-$AP18)*100 | CJ17: =($AQ17-$AQ18)*100 | CK17: =($AR17-$AR18)*100 | CL17: =($AS17-$AS18)*100 | CM17: =($AT17-$AT18)*100 | CN17: =($AU17-$AU18)*100 | CO17: =($AV17-$AV18)*100 | CP17: =($AW17-$AW18)*100 | CQ17: =($AX17-$AX18)*100 | CR17: =($AY17-$AY18)*100 | CS17: =IFERROR($L18/$L17-1,"") | CT17: =IFERROR($M18/$M17-1,"") | CU17: =IFERROR($N18/$N17-1,"") | CV17: =IFERROR($O18/$O17-1,"") | CW17: =IFERROR($P18/$P17-1,"") | CX17: =IFERROR($Q18/$Q17-1,"") | CY17: =IFERROR($R18/$R17-1,"") | CZ17: =IFERROR($S18/$S17-1,"") | DA17: =IFERROR($T18/$T17-1,"") | DB17: =IFERROR($U18/$U17-1,"") | DC17: =IFERROR($V18/$V17-1,"") | DD17: =IFERROR($W18/$W17-1,"") | DE17: =IFERROR($X18/$X17-1,"") | DF17: =IFERROR($Y18/$Y17-1,"") | DG17: =IFERROR($Z18/$Z17-1,"") | DH17: =IFERROR($AA18/$AA17-1,"") | DI17: =IFERROR($AB18/$AB17-1,"") | DJ17: =IFERROR($AC18/$AC17-1,"") | DK17: =IFERROR($AD18/$AD17-1,"") | DL17: =IFERROR($AE18/$AE17-1,"") | DM17: =$AZ17-$AZ18 | DN17: =$BA17-$BA18 | DO17: =$BB17-$BB18 | DP17: =$BC17-$BC18 | DQ17: =$BD17-$BD18 | DR17: =$BE17-$BE18 | DS17: =$BF17-$BF18 | DT17: =$BG17-$BG18 | DU17: =$BH17-$BH18 | DV17: =$BI17-$BI18 | DW17: =$BJ17-$BJ18 | DX17: =$BK17-$BK18 | DY17: =$BL17-$BL18 | DZ17: =$BM17-$BM18 | EA17: =$BN17-$BN18 | EB17: =$BO17-$BO18 | EC17: =$BP17-$BP18 | ED17: =$BQ17-$BQ18 | EE17: =$BR17-$BR18 | EF17: =$BS17-$BS18 | EG17: =$BT17-$BT18 | EH17: =$BU17-$BU18
BV18: =($D18-$D19)*100 | BW18: =($C18-$C19)*100 | BX18: =IFERROR($I18/$I19-1,"") | BY18: =($AF18-$AF19)*100 | BZ18: =($AG18-$AG19)*100 | CA18: =($AH18-$AH19)*100 | CB18: =($AI18-$AI19)*100 | CC18: =($AJ18-$AJ19)*100 | CD18: =($AK18-$AK19)*100 | CE18: =($AL18-$AL19)*100 | CF18: =($AM18-$AM19)*100 | CG18: =($AN18-$AN19)*100 | CH18: =($AO18-$AO19)*100 | CI18: =($AP18-$AP19)*100 | CJ18: =($AQ18-$AQ19)*100 | CK18: =($AR18-$AR19)*100 | CL18: =($AS18-$AS19)*100 | CM18: =($AT18-$AT19)*100 | CN18: =($AU18-$AU19)*100 | CO18: =($AV18-$AV19)*100 | CP18: =($AW18-$AW19)*100 | CQ18: =($AX18-$AX19)*100 | CR18: =($AY18-$AY19)*100 | CS18: =IFERROR($L19/$L18-1,"") | CT18: =IFERROR($M19/$M18-1,"") | CU18: =IFERROR($N19/$N18-1,"") | CV18: =IFERROR($O19/$O18-1,"") | CW18: =IFERROR($P19/$P18-1,"") | CX18: =IFERROR($Q19/$Q18-1,"") | CY18: =IFERROR($R19/$R18-1,"") | CZ18: =IFERROR($S19/$S18-1,"") | DA18: =IFERROR($T19/$T18-1,"") | DB18: =IFERROR($U19/$U18-1,"") | DC18: =IFERROR($V19/$V18-1,"") | DD18: =IFERROR($W19/$W18-1,"") | DE18: =IFERROR($X19/$X18-1,"") | DF18: =IFERROR($Y19/$Y18-1,"") | DG18: =IFERROR($Z19/$Z18-1,"") | DH18: =IFERROR($AA19/$AA18-1,"") | DI18: =IFERROR($AB19/$AB18-1,"") | DJ18: =IFERROR($AC19/$AC18-1,"") | DK18: =IFERROR($AD19/$AD18-1,"") | DL18: =IFERROR($AE19/$AE18-1,"") | DM18: =$AZ18-$AZ19 | DN18: =$BA18-$BA19 | DO18: =$BB18-$BB19 | DP18: =$BC18-$BC19 | DQ18: =$BD18-$BD19 | DR18: =$BE18-$BE19 | DS18: =$BF18-$BF19 | DT18: =$BG18-$BG19 | DU18: =$BH18-$BH19 | DV18: =$BI18-$BI19 | DW18: =$BJ18-$BJ19 | DX18: =$BK18-$BK19 | DY18: =$BL18-$BL19 | DZ18: =$BM18-$BM19 | EA18: =$BN18-$BN19 | EB18: =$BO18-$BO19 | EC18: =$BP18-$BP19 | ED18: =$BQ18-$BQ19 | EE18: =$BR18-$BR19 | EF18: =$BS18-$BS19 | EG18: =$BT18-$BT19 | EH18: =$BU18-$BU19
BV19: =($D19-$D20)*100 | BW19: =($C19-$C20)*100 | BX19: =IFERROR($I19/$I20-1,"") | BY19: =($AF19-$AF20)*100 | BZ19: =($AG19-$AG20)*100 | CA19: =($AH19-$AH20)*100 | CB19: =($AI19-$AI20)*100 | CC19: =($AJ19-$AJ20)*100 | CD19: =($AK19-$AK20)*100 | CE19: =($AL19-$AL20)*100 | CF19: =($AM19-$AM20)*100 | CG19: =($AN19-$AN20)*100 | CH19: =($AO19-$AO20)*100 | CI19: =($AP19-$AP20)*100 | CJ19: =($AQ19-$AQ20)*100 | CK19: =($AR19-$AR20)*100 | CL19: =($AS19-$AS20)*100 | CM19: =($AT19-$AT20)*100 | CN19: =($AU19-$AU20)*100 | CO19: =($AV19-$AV20)*100 | CP19: =($AW19-$AW20)*100 | CQ19: =($AX19-$AX20)*100 | CR19: =($AY19-$AY20)*100 | CS19: =IFERROR($L20/$L19-1,"") | CT19: =IFERROR($M20/$M19-1,"") | CU19: =IFERROR($N20/$N19-1,"") | CV19: =IFERROR($O20/$O19-1,"") | CW19: =IFERROR($P20/$P19-1,"") | CX19: =IFERROR($Q20/$Q19-1,"") | CY19: =IFERROR($R20/$R19-1,"") | CZ19: =IFERROR($S20/$S19-1,"") | DA19: =IFERROR($T20/$T19-1,"") | DB19: =IFERROR($U20/$U19-1,"") | DC19: =IFERROR($V20/$V19-1,"") | DD19: =IFERROR($W20/$W19-1,"") | DE19: =IFERROR($X20/$X19-1,"") | DF19: =IFERROR($Y20/$Y19-1,"") | DG19: =IFERROR($Z20/$Z19-1,"") | DH19: =IFERROR($AA20/$AA19-1,"") | DI19: =IFERROR($AB20/$AB19-1,"") | DJ19: =IFERROR($AC20/$AC19-1,"") | DK19: =IFERROR($AD20/$AD19-1,"") | DL19: =IFERROR($AE20/$AE19-1,"") | DM19: =$AZ19-$AZ20 | DN19: =$BA19-$BA20 | DO19: =$BB19-$BB20 | DP19: =$BC19-$BC20 | DQ19: =$BD19-$BD20 | DR19: =$BE19-$BE20 | DS19: =$BF19-$BF20 | DT19: =$BG19-$BG20 | DU19: =$BH19-$BH20 | DV19: =$BI19-$BI20 | DW19: =$BJ19-$BJ20 | DX19: =$BK19-$BK20 | DY19: =$BL19-$BL20 | DZ19: =$BM19-$BM20 | EA19: =$BN19-$BN20 | EB19: =$BO19-$BO20 | EC19: =$BP19-$BP20 | ED19: =$BQ19-$BQ20 | EE19: =$BR19-$BR20 | EF19: =$BS19-$BS20 | EG19: =$BT19-$BT20 | EH19: =$BU19-$BU20
BV20: =($D20-$D21)*100 | BW20: =($C20-$C21)*100 | BX20: =IFERROR($I20/$I21-1,"") | BY20: =($AF20-$AF21)*100 | BZ20: =($AG20-$AG21)*100 | CA20: =($AH20-$AH21)*100 | CB20: =($AI20-$AI21)*100 | CC20: =($AJ20-$AJ21)*100 | CD20: =($AK20-$AK21)*100 | CE20: =($AL20-$AL21)*100 | CF20: =($AM20-$AM21)*100 | CG20: =($AN20-$AN21)*100 | CH20: =($AO20-$AO21)*100 | CI20: =($AP20-$AP21)*100 | CJ20: =($AQ20-$AQ21)*100 | CK20: =($AR20-$AR21)*100 | CL20: =($AS20-$AS21)*100 | CM20: =($AT20-$AT21)*100 | CN20: =($AU20-$AU21)*100 | CO20: =($AV20-$AV21)*100 | CP20: =($AW20-$AW21)*100 | CQ20: =($AX20-$AX21)*100 | CR20: =($AY20-$AY21)*100 | CS20: =IFERROR($L21/$L20-1,"") | CT20: =IFERROR($M21/$M20-1,"") | CU20: =IFERROR($N21/$N20-1,"") | CV20: =IFERROR($O21/$O20-1,"") | CW20: =IFERROR($P21/$P20-1,"") | CX20: =IFERROR($Q21/$Q20-1,"") | CY20: =IFERROR($R21/$R20-1,"") | CZ20: =IFERROR($S21/$S20-1,"") | DA20: =IFERROR($T21/$T20-1,"") | DB20: =IFERROR($U21/$U20-1,"") | DC20: =IFERROR($V21/$V20-1,"") | DD20: =IFERROR($W21/$W20-1,"") | DE20: =IFERROR($X21/$X20-1,"") | DF20: =IFERROR($Y21/$Y20-1,"") | DG20: =IFERROR($Z21/$Z20-1,"") | DH20: =IFERROR($AA21/$AA20-1,"") | DI20: =IFERROR($AB21/$AB20-1,"") | DJ20: =IFERROR($AC21/$AC20-1,"") | DK20: =IFERROR($AD21/$AD20-1,"") | DL20: =IFERROR($AE21/$AE20-1,"") | DM20: =$AZ20-$AZ21 | DN20: =$BA20-$BA21 | DO20: =$BB20-$BB21 | DP20: =$BC20-$BC21 | DQ20: =$BD20-$BD21 | DR20: =$BE20-$BE21 | DS20: =$BF20-$BF21 | DT20: =$BG20-$BG21 | DU20: =$BH20-$BH21 | DV20: =$BI20-$BI21 | DW20: =$BJ20-$BJ21 | DX20: =$BK20-$BK21 | DY20: =$BL20-$BL21 | DZ20: =$BM20-$BM21 | EA20: =$BN20-$BN21 | EB20: =$BO20-$BO21 | EC20: =$BP20-$BP21 | ED20: =$BQ20-$BQ21 | EE20: =$BR20-$BR21 | EF20: =$BS20-$BS21 | EG20: =$BT20-$BT21 | EH20: =$BU20-$BU21
... BV790: =($D790-$D791)*100 | BW790: =($C790-$C791)*100 | BX790: =IFERROR($I790/$I791-1,"") | BY790: =($AF790-$AF791)*100 | BZ790: =($AG790-$AG791)*100 | CA790: =($AH790-$AH791)*100 | CB790: =($AI790-$AI791)*100 | CC790: =($AJ790-$AJ791)*100 | CD790: =($AK790-$AK791)*100 | CE790: =($AL790-$AL791)*100 | CF790: =($AM790-$AM791)*100 | CG790: =($AN790-$AN791)*100 | CH790: =($AO790-$AO791)*100 | CI790: =($AP790-$AP791)*100 | CJ790: =($AQ790-$AQ791)*100 | CK790: =($AR790-$AR791)*100 | CL790: =($AS790-$AS791)*100 | CM790: =($AT790-$AT791)*100 | CN790: =($AU790-$AU791)*100 | CO790: =($AV790-$AV791)*100 | CP790: =($AW790-$AW791)*100 | CQ790: =($AX790-$AX791)*100 | CR790: =($AY790-$AY791)*100 | CS790: =IFERROR($L791/$L790-1,"") | CT790: =IFERROR($M791/$M790-1,"") | CU790: =IFERROR($N791/$N790-1,"") | CV790: =IFERROR($O791/$O790-1,"") | CW790: =IFERROR($P791/$P790-1,"") | CX790: =IFERROR($Q791/$Q790-1,"") | CY790: =IFERROR($R791/$R790-1,"") | CZ790: =IFERROR($S791/$S790-1,"") | DA790: =IFERROR($T791/$T790-1,"") | DB790: =IFERROR($U791/$U790-1,"") | DC790: =IFERROR($V791/$V790-1,"") | DD790: =IFERROR($W791/$W790-1,"") | DE790: =IFERROR($X791/$X790-1,"") | DF790: =IFERROR($Y791/$Y790-1,"") | DG790: =IFERROR($Z791/$Z790-1,"") | DH790: =IFERROR($AA791/$AA790-1,"") | DI790: =IFERROR($AB791/$AB790-1,"") | DJ790: =IFERROR($AC791/$AC790-1,"") | DK790: =IFERROR($AD791/$AD790-1,"") | DL790: =IFERROR($AE791/$AE790-1,"") | DM790: =$AZ790-$AZ791 | DN790: =$BA790-$BA791 | DO790: =$BB790-$BB791 | DP790: =$BC790-$BC791 | DQ790: =$BD790-$BD791 | DR790: =$BE790-$BE791 | DS790: =$BF790-$BF791 | DT790: =$BG790-$BG791 | DU790: =$BH790-$BH791 | DV790: =$BI790-$BI791 | DW790: =$BJ790-$BJ791 | DX790: =$BK790-$BK791 | DY790: =$BL790-$BL791 | DZ790: =$BM790-$BM791 | EA790: =$BN790-$BN791 | EB790: =$BO790-$BO791 | EC790: =$BP790-$BP791 | ED790: =$BQ790-$BQ791 | EE790: =$BR790-$BR791 | EF790: =$BS790-$BS791 | EG790: =$BT790-$BT791 | EH790: =$BU790-$BU791
