Workbook

Sheet Read me
B2: EMBI Global Diversified — Fair Value Model
B3: Bloomberg-driven Excel model. No Python. No add-ins beyond BLP.
B5: How to refresh
B6: Open the file with Bloomberg running. Click BLP → Refresh Workbook (or hit F9). Every BDH formula re-pulls from Bloomberg, the regression re-runs automatically, fitted values and forecasts recompute, and all charts redraw. Optionally enable BLP → Settings → 'Refresh on open' so this happens automatically when you open the file each morning.
B8: Tabs
B9: Read me · Monitor (top-level dashboard) · Model (regression engine) · Forecast (3/6/12m projections) · Bottom-up (country attribution and shocks) · Data (BDH formulas) · Tickers (reference list).
B11: The top-down model
B12: OLS regression of EMBI Global Diversified spread on six global drivers, monthly from 2005: US HY OAS, VIX, DXY, WTI, UST 10Y, Bloomberg commodity index. R² is shown on the Model tab, typically 0.70–0.85. Coefficients update every refresh.
B14: Fair value and the residual
B15: Fitted spread = the model's prediction at the latest X values. Residual = actual spread minus fitted. Z-score = residual divided by historical residual standard deviation. |z| > 1 = meaningfully rich (z<-1) or cheap (z>1) vs the model.
B17: Forecasts
B18: On the Forecast tab, the 3/6/12m columns default to 'no change'. Edit the yellow cells to put in your views — e.g. expect HY OAS to widen 50bps in 6 months — and the model returns the implied EMBI fair value at each horizon, plus a 95% confidence band based on the regression standard error.
... B27: To add a driver to the regression: extend the X_VARS columns on the Data tab (BDH formula in the appropriate column), update the X range on the Model tab (currently D:I — make it D:J for 7 vars), and the LINEST/TREND formulas pick it up.

Sheet Monitor
A1: EMBI Global Diversified — Monitor
A2: Live snapshot. Refresh via BLP → Refresh Workbook. Dive into individual tabs (Model, Forecast, Bottom-up) for detail.
A4: Current state | G4: Top EMBI components
G5: Country | H5: Wt (%) | I5: Spread | J5: Contrib
A6: Current spread | B6: Fitted (model) | C6: Residual | D6: Z-score | E6: Signal | G6: =IF('Bottom-up'!A5="","",'Bottom-up'!A5) | H6: =IFERROR('Bottom-up'!B5,NA()) | I6: =IFERROR('Bottom-up'!C5,NA()) | J6: =IFERROR('Bottom-up'!D5,NA())
A7: =LOOKUP(2,1/(Data!B4:B274<>""),Data!B4:B274) | B7: =TREND(Data!$B$4:$B$274,Data!$D$4:$I$274,$B$24:$G$24) | C7: =A7-B7 | D7: =IFERROR(C7/STDEV.S(Model!$D$23:$D$300),NA()) | E7: =IF(D7="","",IF(ABS(D7)<0.5,"Fair",IF(D7<-1,"RICH (model fair value above)",IF(D7<-0.5,"slightly rich",IF(D7>1,"CHEAP (model fair value below)","slightly cheap"))))) | G7: =IF('Bottom-up'!A6="","",'Bottom-up'!A6) | H7: =IFERROR('Bottom-up'!B6,NA()) | I7: =IFERROR('Bottom-up'!C6,NA()) | J7: =IFERROR('Bottom-up'!D6,NA())
A8: =TEXT(LOOKUP(2,1/(Data!A4:A274<>""),Data!A4:A274),"yyyy-mm-dd") | G8: =IF('Bottom-up'!A7="","",'Bottom-up'!A7) | H8: =IFERROR('Bottom-up'!B7,NA()) | I8: =IFERROR('Bottom-up'!C7,NA()) | J8: =IFERROR('Bottom-up'!D7,NA())
G9: =IF('Bottom-up'!A8="","",'Bottom-up'!A8) | H9: =IFERROR('Bottom-up'!B8,NA()) | I9: =IFERROR('Bottom-up'!C8,NA()) | J9: =IFERROR('Bottom-up'!D8,NA())
A10: Forecast (from 'Forecast' tab) | G10: =IF('Bottom-up'!A9="","",'Bottom-up'!A9) | H10: =IFERROR('Bottom-up'!B9,NA()) | I10: =IFERROR('Bottom-up'!C9,NA()) | J10: =IFERROR('Bottom-up'!D9,NA())
A11: Horizon | B11: Fair value | C11: vs current | D11: 95% lower | E11: 95% upper | G11: =IF('Bottom-up'!A10="","",'Bottom-up'!A10) | H11: =IFERROR('Bottom-up'!B10,NA()) | I11: =IFERROR('Bottom-up'!C10,NA()) | J11: =IFERROR('Bottom-up'!D10,NA())
A12: 3m | B12: =Forecast!C13 | C12: =Forecast!C13-A7 | D12: =Forecast!C14 | E12: =Forecast!C15 | G12: =IF('Bottom-up'!A11="","",'Bottom-up'!A11) | H12: =IFERROR('Bottom-up'!B11,NA()) | I12: =IFERROR('Bottom-up'!C11,NA()) | J12: =IFERROR('Bottom-up'!D11,NA())
A13: 6m | B13: =Forecast!D13 | C13: =Forecast!D13-A7 | D13: =Forecast!D14 | E13: =Forecast!D15 | G13: =IF('Bottom-up'!A12="","",'Bottom-up'!A12) | H13: =IFERROR('Bottom-up'!B12,NA()) | I13: =IFERROR('Bottom-up'!C12,NA()) | J13: =IFERROR('Bottom-up'!D12,NA())
A14: 12m | B14: =Forecast!E13 | C14: =Forecast!E13-A7 | D14: =Forecast!E14 | E14: =Forecast!E15 | G14: =IF('Bottom-up'!A13="","",'Bottom-up'!A13) | H14: =IFERROR('Bottom-up'!B13,NA()) | I14: =IFERROR('Bottom-up'!C13,NA()) | J14: =IFERROR('Bottom-up'!D13,NA())
G15: =IF('Bottom-up'!A14="","",'Bottom-up'!A14) | H15: =IFERROR('Bottom-up'!B14,NA()) | I15: =IFERROR('Bottom-up'!C14,NA()) | J15: =IFERROR('Bottom-up'!D14,NA())
B23: (helper: most recent observation per driver)
B24: =LOOKUP(2,1/(Data!D4:D274<>""),Data!D4:D274) | C24: =LOOKUP(2,1/(Data!E4:E274<>""),Data!E4:E274) | D24: =LOOKUP(2,1/(Data!F4:F274<>""),Data!F4:F274) | E24: =LOOKUP(2,1/(Data!G4:G274<>""),Data!G4:G274) | F24: =LOOKUP(2,1/(Data!H4:H274<>""),Data!H4:H274) | G24: =LOOKUP(2,1/(Data!I4:I274<>""),Data!I4:I274)

Sheet Model
A1: Top-down fair value model
A2: OLS regression of EMBI Global Div. spread on global drivers (monthly, 2005–today).
A4: Coefficients
A5: Variable | B5: Coefficient | C5: Std error | D5: t-stat
A6: US HY OAS (bps) | B6: =INDEX(LINEST(Data!$B$4:$B$274,Data!$D$4:$I$274,TRUE,TRUE),1,6) | C6: =INDEX(LINEST(Data!$B$4:$B$274,Data!$D$4:$I$274,TRUE,TRUE),2,6) | D6: =B6/C6
A7: VIX | B7: =INDEX(LINEST(Data!$B$4:$B$274,Data!$D$4:$I$274,TRUE,TRUE),1,5) | C7: =INDEX(LINEST(Data!$B$4:$B$274,Data!$D$4:$I$274,TRUE,TRUE),2,5) | D7: =B7/C7
A8: DXY | B8: =INDEX(LINEST(Data!$B$4:$B$274,Data!$D$4:$I$274,TRUE,TRUE),1,4) | C8: =INDEX(LINEST(Data!$B$4:$B$274,Data!$D$4:$I$274,TRUE,TRUE),2,4) | D8: =B8/C8
A9: WTI oil (USD/bbl) | B9: =INDEX(LINEST(Data!$B$4:$B$274,Data!$D$4:$I$274,TRUE,TRUE),1,3) | C9: =INDEX(LINEST(Data!$B$4:$B$274,Data!$D$4:$I$274,TRUE,TRUE),2,3) | D9: =B9/C9
A10: UST 10Y yield (%) | B10: =INDEX(LINEST(Data!$B$4:$B$274,Data!$D$4:$I$274,TRUE,TRUE),1,2) | C10: =INDEX(LINEST(Data!$B$4:$B$274,Data!$D$4:$I$274,TRUE,TRUE),2,2) | D10: =B10/C10
A11: BCOM commodity index | B11: =INDEX(LINEST(Data!$B$4:$B$274,Data!$D$4:$I$274,TRUE,TRUE),1,1) | C11: =INDEX(LINEST(Data!$B$4:$B$274,Data!$D$4:$I$274,TRUE,TRUE),2,1) | D11: =B11/C11
A12: Intercept | B12: =INDEX(LINEST(Data!$B$4:$B$274,Data!$D$4:$I$274,TRUE,TRUE),1,7) | C12: =INDEX(LINEST(Data!$B$4:$B$274,Data!$D$4:$I$274,TRUE,TRUE),2,7) | D12: =B12/C12
A15: Diagnostics
A16: R² | B16: =INDEX(LINEST(Data!$B$4:$B$274,Data!$D$4:$I$274,TRUE,TRUE),3,1)
A17: Standard error | B17: =INDEX(LINEST(Data!$B$4:$B$274,Data!$D$4:$I$274,TRUE,TRUE),3,2)
A18: F-stat | B18: =INDEX(LINEST(Data!$B$4:$B$274,Data!$D$4:$I$274,TRUE,TRUE),4,1)
A19: Degrees of freedom | B19: =INDEX(LINEST(Data!$B$4:$B$274,Data!$D$4:$I$274,TRUE,TRUE),4,2)
A20: Observations | B20: =COUNT(Data!$B$4:$B$274)
A24: Fitted vs actual time series
A25: Date | B25: EMBI actual | C25: Fitted | D25: Residual (act − fit) | E25: Z-score of residual
A26: =Data!A4 | B26: =Data!B4 | C26: =IFERROR(TREND(Data!$B$4:$B$274,Data!$D$4:$I$274,Data!D4:I4),NA()) | D26: =IFERROR(B26-C26,NA()) | E26: =IFERROR(D26/STDEV.S(D$26:D$295),NA())
A27: =Data!A5 | B27: =Data!B5 | C27: =IFERROR(TREND(Data!$B$4:$B$274,Data!$D$4:$I$274,Data!D5:I5),NA()) | D27: =IFERROR(B27-C27,NA()) | E27: =IFERROR(D27/STDEV.S(D$26:D$295),NA())
A28: =Data!A6 | B28: =Data!B6 | C28: =IFERROR(TREND(Data!$B$4:$B$274,Data!$D$4:$I$274,Data!D6:I6),NA()) | D28: =IFERROR(B28-C28,NA()) | E28: =IFERROR(D28/STDEV.S(D$26:D$295),NA())
A29: =Data!A7 | B29: =Data!B7 | C29: =IFERROR(TREND(Data!$B$4:$B$274,Data!$D$4:$I$274,Data!D7:I7),NA()) | D29: =IFERROR(B29-C29,NA()) | E29: =IFERROR(D29/STDEV.S(D$26:D$295),NA())
A30: =Data!A8 | B30: =Data!B8 | C30: =IFERROR(TREND(Data!$B$4:$B$274,Data!$D$4:$I$274,Data!D8:I8),NA()) | D30: =IFERROR(B30-C30,NA()) | E30: =IFERROR(D30/STDEV.S(D$26:D$295),NA())
A31: =Data!A9 | B31: =Data!B9 | C31: =IFERROR(TREND(Data!$B$4:$B$274,Data!$D$4:$I$274,Data!D9:I9),NA()) | D31: =IFERROR(B31-C31,NA()) | E31: =IFERROR(D31/STDEV.S(D$26:D$295),NA())
A32: =Data!A10 | B32: =Data!B10 | C32: =IFERROR(TREND(Data!$B$4:$B$274,Data!$D$4:$I$274,Data!D10:I10),NA()) | D32: =IFERROR(B32-C32,NA()) | E32: =IFERROR(D32/STDEV.S(D$26:D$295),NA())
A33: =Data!A11 | B33: =Data!B11 | C33: =IFERROR(TREND(Data!$B$4:$B$274,Data!$D$4:$I$274,Data!D11:I11),NA()) | D33: =IFERROR(B33-C33,NA()) | E33: =IFERROR(D33/STDEV.S(D$26:D$295),NA())
A34: =Data!A12 | B34: =Data!B12 | C34: =IFERROR(TREND(Data!$B$4:$B$274,Data!$D$4:$I$274,Data!D12:I12),NA()) | D34: =IFERROR(B34-C34,NA()) | E34: =IFERROR(D34/STDEV.S(D$26:D$295),NA())
A35: =Data!A13 | B35: =Data!B13 | C35: =IFERROR(TREND(Data!$B$4:$B$274,Data!$D$4:$I$274,Data!D13:I13),NA()) | D35: =IFERROR(B35-C35,NA()) | E35: =IFERROR(D35/STDEV.S(D$26:D$295),NA())
A36: =Data!A14 | B36: =Data!B14 | C36: =IFERROR(TREND(Data!$B$4:$B$274,Data!$D$4:$I$274,Data!D14:I14),NA()) | D36: =IFERROR(B36-C36,NA()) | E36: =IFERROR(D36/STDEV.S(D$26:D$295),NA())
A37: =Data!A15 | B37: =Data!B15 | C37: =IFERROR(TREND(Data!$B$4:$B$274,Data!$D$4:$I$274,Data!D15:I15),NA()) | D37: =IFERROR(B37-C37,NA()) | E37: =IFERROR(D37/STDEV.S(D$26:D$295),NA())
... A295: =Data!A273 | B295: =Data!B273 | C295: =IFERROR(TREND(Data!$B$4:$B$274,Data!$D$4:$I$274,Data!D273:I273),NA()) | D295: =IFERROR(B295-C295,NA()) | E295: =IFERROR(D295/STDEV.S(D$26:D$295),NA())

Sheet Forecast
A1: Forecast — fair value at 3m / 6m / 12m
A2: Enter your projection of each driver in 3, 6, and 12 months. Yellow cells = inputs. Default = current value (no change).
A4: Variable | B4: Current | C4: 3m projection | D4: 6m projection | E4: 12m projection
A5: US HY OAS (bps) | B5: =LOOKUP(2,1/(Data!D4:D274<>""),Data!D4:D274) | C5: =B5 | D5: =B5 | E5: =B5
A6: VIX | B6: =LOOKUP(2,1/(Data!E4:E274<>""),Data!E4:E274) | C6: =B6 | D6: =B6 | E6: =B6
A7: DXY | B7: =LOOKUP(2,1/(Data!F4:F274<>""),Data!F4:F274) | C7: =B7 | D7: =B7 | E7: =B7
A8: WTI oil (USD/bbl) | B8: =LOOKUP(2,1/(Data!G4:G274<>""),Data!G4:G274) | C8: =B8 | D8: =B8 | E8: =B8
A9: UST 10Y yield (%) | B9: =LOOKUP(2,1/(Data!H4:H274<>""),Data!H4:H274) | C9: =B9 | D9: =B9 | E9: =B9
A10: BCOM commodity index | B10: =LOOKUP(2,1/(Data!I4:I274<>""),Data!I4:I274) | C10: =B10 | D10: =B10 | E10: =B10
A13: Fair value spread (bps)
B14: Current | C14: 3m | D14: 6m | E14: 12m
A15: Point estimate | B15: =TREND(Data!$B$4:$B$274,Data!$D$4:$I$274,TRANSPOSE(B5:B10)) | C15: =TREND(Data!$B$4:$B$274,Data!$D$4:$I$274,TRANSPOSE(C5:C10)) | D15: =TREND(Data!$B$4:$B$274,Data!$D$4:$I$274,TRANSPOSE(D5:D10)) | E15: =TREND(Data!$B$4:$B$274,Data!$D$4:$I$274,TRANSPOSE(E5:E10))
A16: 95% lower band | B16: =B15-1.96*INDEX(LINEST(Data!$B$4:$B$274,Data!$D$4:$I$274,TRUE,TRUE),3,2) | C16: =C15-1.96*INDEX(LINEST(Data!$B$4:$B$274,Data!$D$4:$I$274,TRUE,TRUE),3,2) | D16: =D15-1.96*INDEX(LINEST(Data!$B$4:$B$274,Data!$D$4:$I$274,TRUE,TRUE),3,2) | E16: =E15-1.96*INDEX(LINEST(Data!$B$4:$B$274,Data!$D$4:$I$274,TRUE,TRUE),3,2)
A17: 95% upper band | B17: =B15+1.96*INDEX(LINEST(Data!$B$4:$B$274,Data!$D$4:$I$274,TRUE,TRUE),3,2) | C17: =C15+1.96*INDEX(LINEST(Data!$B$4:$B$274,Data!$D$4:$I$274,TRUE,TRUE),3,2) | D17: =D15+1.96*INDEX(LINEST(Data!$B$4:$B$274,Data!$D$4:$I$274,TRUE,TRUE),3,2) | E17: =E15+1.96*INDEX(LINEST(Data!$B$4:$B$274,Data!$D$4:$I$274,TRUE,TRUE),3,2)
A20: Diagnostics vs current spread
A21: Current EMBI spread (actual) | B21: =LOOKUP(2,1/(Data!B4:B274<>""),Data!B4:B274)
A22: Implied move at 3m / 6m / 12m (bps) | C22: =C15-B21 | D22: =D15-B21 | E22: =E15-B21

Sheet Bottom-up
A1: Bottom-up — country attribution and shock scenarios
A2: Edit shock_bps (yellow) per country to see the impact on aggregate EMBI spread. Weights × spreads sum to model EMBI; weights × shocks = ΔEMBI.
A4: Country | B4: Weight (%) | C4: Current spread (bps) | D4: Contribution (bps) | E4: Shock (bps) | F4: New spread | G4: New contribution | H4: Δ contribution
A5: Saudi Arabia | B5: 5 | C5: =LOOKUP(2,1/(Data!L4:L274<>""),Data!L4:L274) | D5: =B5*C5/100 | E5: 0 | F5: =C5+E5 | G5: =B5*F5/100 | H5: =G5-D5
A6: Mexico | B6: 4.8 | C6: =LOOKUP(2,1/(Data!O4:O274<>""),Data!O4:O274) | D6: =B6*C6/100 | E6: 0 | F6: =C6+E6 | G6: =B6*F6/100 | H6: =G6-D6
A7: Indonesia | B7: 4.7 | C7: =LOOKUP(2,1/(Data!R4:R274<>""),Data!R4:R274) | D7: =B7*C7/100 | E7: 0 | F7: =C7+E7 | G7: =B7*F7/100 | H7: =G7-D7
A8: Turkey | B8: 4.6 | C8: =LOOKUP(2,1/(Data!U4:U274<>""),Data!U4:U274) | D8: =B8*C8/100 | E8: 0 | F8: =C8+E8 | G8: =B8*F8/100 | H8: =G8-D8
A9: Brazil | B9: 4.5 | C9: =LOOKUP(2,1/(Data!X4:X274<>""),Data!X4:X274) | D9: =B9*C9/100 | E9: 0 | F9: =C9+E9 | G9: =B9*F9/100 | H9: =G9-D9
A10: China | B10: 4.5 | C10: =LOOKUP(2,1/(Data!AA4:AA274<>""),Data!AA4:AA274) | D10: =B10*C10/100 | E10: 0 | F10: =C10+E10 | G10: =B10*F10/100 | H10: =G10-D10
A11: UAE | B11: 4 | C11: =LOOKUP(2,1/(Data!AD4:AD274<>""),Data!AD4:AD274) | D11: =B11*C11/100 | E11: 0 | F11: =C11+E11 | G11: =B11*F11/100 | H11: =G11-D11
A12: Egypt | B12: 3.9 | C12: =LOOKUP(2,1/(Data!AG4:AG274<>""),Data!AG4:AG274) | D12: =B12*C12/100 | E12: 0 | F12: =C12+E12 | G12: =B12*F12/100 | H12: =G12-D12
A13: Argentina | B13: 3.6 | C13: =LOOKUP(2,1/(Data!AJ4:AJ274<>""),Data!AJ4:AJ274) | D13: =B13*C13/100 | E13: 0 | F13: =C13+E13 | G13: =B13*F13/100 | H13: =G13-D13
A14: South Africa | B14: 3.4 | C14: =LOOKUP(2,1/(Data!AM4:AM274<>""),Data!AM4:AM274) | D14: =B14*C14/100 | E14: 0 | F14: =C14+E14 | G14: =B14*F14/100 | H14: =G14-D14
A15: Colombia | B15: 3 | C15: =LOOKUP(2,1/(Data!AP4:AP274<>""),Data!AP4:AP274) | D15: =B15*C15/100 | E15: 0 | F15: =C15+E15 | G15: =B15*F15/100 | H15: =G15-D15
A16: Philippines | B16: 3 | C16: =LOOKUP(2,1/(Data!AS4:AS274<>""),Data!AS4:AS274) | D16: =B16*C16/100 | E16: 0 | F16: =C16+E16 | G16: =B16*F16/100 | H16: =G16-D16
A17: Romania | B17: 2.8 | C17: =LOOKUP(2,1/(Data!AV4:AV274<>""),Data!AV4:AV274) | D17: =B17*C17/100 | E17: 0 | F17: =C17+E17 | G17: =B17*F17/100 | H17: =G17-D17
A18: Chile | B18: 2.5 | C18: =LOOKUP(2,1/(Data!AY4:AY274<>""),Data!AY4:AY274) | D18: =B18*C18/100 | E18: 0 | F18: =C18+E18 | G18: =B18*F18/100 | H18: =G18-D18
A19: Hungary | B19: 2.3 | C19: =LOOKUP(2,1/(Data!BB4:BB274<>""),Data!BB4:BB274) | D19: =B19*C19/100 | E19: 0 | F19: =C19+E19 | G19: =B19*F19/100 | H19: =G19-D19
A20: Poland | B20: 2.2 | C20: =LOOKUP(2,1/(Data!BE4:BE274<>""),Data!BE4:BE274) | D20: =B20*C20/100 | E20: 0 | F20: =C20+E20 | G20: =B20*F20/100 | H20: =G20-D20
A21: Peru | B21: 2 | C21: =LOOKUP(2,1/(Data!BH4:BH274<>""),Data!BH4:BH274) | D21: =B21*C21/100 | E21: 0 | F21: =C21+E21 | G21: =B21*F21/100 | H21: =G21-D21
A22: Dominican Rep. | B22: 1.8 | C22: =LOOKUP(2,1/(Data!BK4:BK274<>""),Data!BK4:BK274) | D22: =B22*C22/100 | E22: 0 | F22: =C22+E22 | G22: =B22*F22/100 | H22: =G22-D22
A23: Qatar | B23: 1.8 | C23: =LOOKUP(2,1/(Data!BN4:BN274<>""),Data!BN4:BN274) | D23: =B23*C23/100 | E23: 0 | F23: =C23+E23 | G23: =B23*F23/100 | H23: =G23-D23
A24: Oman | B24: 1.7 | C24: =LOOKUP(2,1/(Data!BQ4:BQ274<>""),Data!BQ4:BQ274) | D24: =B24*C24/100 | E24: 0 | F24: =C24+E24 | G24: =B24*F24/100 | H24: =G24-D24
A25: Nigeria | B25: 1.6 | C25: =LOOKUP(2,1/(Data!BT4:BT274<>""),Data!BT4:BT274) | D25: =B25*C25/100 | E25: 0 | F25: =C25+E25 | G25: =B25*F25/100 | H25: =G25-D25
A26: Panama | B26: 1.5 | C26: =LOOKUP(2,1/(Data!BW4:BW274<>""),Data!BW4:BW274) | D26: =B26*C26/100 | E26: 0 | F26: =C26+E26 | G26: =B26*F26/100 | H26: =G26-D26
A27: Pakistan | B27: 1.5 | C27: =LOOKUP(2,1/(Data!BZ4:BZ274<>""),Data!BZ4:BZ274) | D27: =B27*C27/100 | E27: 0 | F27: =C27+E27 | G27: =B27*F27/100 | H27: =G27-D27
A28: Bahrain | B28: 1.4 | C28: =LOOKUP(2,1/(Data!CC4:CC274<>""),Data!CC4:CC274) | D28: =B28*C28/100 | E28: 0 | F28: =C28+E28 | G28: =B28*F28/100 | H28: =G28-D28
A29: Ukraine | B29: 1 | C29: =LOOKUP(2,1/(Data!CF4:CF274<>""),Data!CF4:CF274) | D29: =B29*C29/100 | E29: 0 | F29: =C29+E29 | G29: =B29*F29/100 | H29: =G29-D29
A30: Venezuela | B30: 0.5 | C30: =LOOKUP(2,1/(Data!CI4:CI274<>""),Data!CI4:CI274) | D30: =B30*C30/100 | E30: 0 | F30: =C30+E30 | G30: =B30*F30/100 | H30: =G30-D30
A31: Other (rest) | B31: 25.4 | C31: =AVERAGE(C5:C30) | D31: =B31*C31/100 | E31: 0 | F31: =C31+E31 | G31: =B31*F31/100 | H31: =G31-D31
A32: TOTAL / weighted average | B32: =SUM(B5:B31) | C32: — | D32: =SUM(D5:D31)/B32*100 | E32: — | F32: — | G32: =SUM(G5:G31)/B32*100 | H32: =G32-D32

Sheet Data
A1: Data — Bloomberg BDH formulas
A2: Refresh via BLP → Refresh Workbook (or F9). Monthly frequency from 2005.
A3: Date | B3: EMBI Global Diversified spread (bps) | C3: US HY OAS (bps) | D3: VIX | E3: DXY | F3: WTI oil (USD/bbl) | G3: UST 10Y yield (%) | H3: BCOM commodity index | K3: Saudi Arabia spread (bps) | N3: Mexico spread (bps) | Q3: Indonesia spread (bps) | T3: Turkey spread (bps) | W3: Brazil spread (bps) | Z3: China spread (bps) | AC3: UAE spread (bps) | AF3: Egypt spread (bps) | AI3: Argentina spread (bps) | AL3: South Africa spread (bps) | AO3: Colombia spread (bps) | AR3: Philippines spread (bps) | AU3: Romania spread (bps) | AX3: Chile spread (bps) | BA3: Hungary spread (bps) | BD3: Poland spread (bps) | BG3: Peru spread (bps) | BJ3: Dominican Rep. spread (bps) | BM3: Qatar spread (bps) | BP3: Oman spread (bps) | BS3: Nigeria spread (bps) | BV3: Panama spread (bps) | BY3: Pakistan spread (bps) | CB3: Bahrain spread (bps) | CE3: Ukraine spread (bps) | CH3: Venezuela spread (bps)
A4: =BDH("JPEGSOSD Index","PX_LAST","1/1/2005",TODAY(),"Per","M","Days","A","fill","P") | C4: =BDH({"LF98OAS Index","VIX Index","DXY Curncy","CL1 Comdty","USGG10YR Index","BCOM Index"},"PX_LAST","1/1/2005",TODAY(),"Per","M","Days","A","fill","P","cols","Date,Ticker") | K4: =BDH("JPSSSADI Index","PX_LAST","1/1/2005",TODAY(),"Per","M","Days","A","fill","P") | N4: =BDH("JPSSMEXI Index","PX_LAST","1/1/2005",TODAY(),"Per","M","Days","A","fill","P") | Q4: =BDH("JPSSINDO Index","PX_LAST","1/1/2005",TODAY(),"Per","M","Days","A","fill","P") | T4: =BDH("JPSSTRKY Index","PX_LAST","1/1/2005",TODAY(),"Per","M","Days","A","fill","P") | W4: =BDH("JPSSBRZL Index","PX_LAST","1/1/2005",TODAY(),"Per","M","Days","A","fill","P") | Z4: =BDH("JPSSCHIN Index","PX_LAST","1/1/2005",TODAY(),"Per","M","Days","A","fill","P") | AC4: =BDH("JPSSUAEM Index","PX_LAST","1/1/2005",TODAY(),"Per","M","Days","A","fill","P") | AF4: =BDH("JPSSEGYP Index","PX_LAST","1/1/2005",TODAY(),"Per","M","Days","A","fill","P") | AI4: =BDH("JPSSARGE Index","PX_LAST","1/1/2005",TODAY(),"Per","M","Days","A","fill","P") | AL4: =BDH("JPSSZAFR Index","PX_LAST","1/1/2005",TODAY(),"Per","M","Days","A","fill","P") | AO4: =BDH("JPSSCOLO Index","PX_LAST","1/1/2005",TODAY(),"Per","M","Days","A","fill","P") | AR4: =BDH("JPSSPHIL Index","PX_LAST","1/1/2005",TODAY(),"Per","M","Days","A","fill","P") | AU4: =BDH("JPSSROMA Index","PX_LAST","1/1/2005",TODAY(),"Per","M","Days","A","fill","P") | AX4: =BDH("JPSSCHIL Index","PX_LAST","1/1/2005",TODAY(),"Per","M","Days","A","fill","P") | BA4: =BDH("JPSSHUNG Index","PX_LAST","1/1/2005",TODAY(),"Per","M","Days","A","fill","P") | BD4: =BDH("JPSSPOLA Index","PX_LAST","1/1/2005",TODAY(),"Per","M","Days","A","fill","P") | BG4: =BDH("JPSSPERU Index","PX_LAST","1/1/2005",TODAY(),"Per","M","Days","A","fill","P") | BJ4: =BDH("JPSSDOMI Index","PX_LAST","1/1/2005",TODAY(),"Per","M","Days","A","fill","P") | BM4: =BDH("JPSSQATA Index","PX_LAST","1/1/2005",TODAY(),"Per","M","Days","A","fill","P") | BP4: =BDH("JPSSOMAN Index","PX_LAST","1/1/2005",TODAY(),"Per","M","Days","A","fill","P") | BS4: =BDH("JPSSNIGE Index","PX_LAST","1/1/2005",TODAY(),"Per","M","Days","A","fill","P") | BV4: =BDH("JPSSPANA Index","PX_LAST","1/1/2005",TODAY(),"Per","M","Days","A","fill","P") | BY4: =BDH("JPSSPAKI Index","PX_LAST","1/1/2005",TODAY(),"Per","M","Days","A","fill","P") | CB4: =BDH("JPSSBAHR Index","PX_LAST","1/1/2005",TODAY(),"Per","M","Days","A","fill","P") | CE4: =BDH("JPSSUKRA Index","PX_LAST","1/1/2005",TODAY(),"Per","M","Days","A","fill","P") | CH4: =BDH("JPSSVENE Index","PX_LAST","1/1/2005",TODAY(),"Per","M","Days","A","fill","P")

Sheet Tickers
A1: Role | B1: Label | C1: Bloomberg ticker | D1: Field | E1: Notes
A2: Target Y | B2: EMBI Global Diversified spread (bps) | C2: JPEGSOSD Index | D2: PX_LAST | E2: VERIFY: JPM EMBI GD aggregate spread
A3: Driver X | B3: US HY OAS (bps) | C3: LF98OAS Index | D3: PX_LAST
A4: Driver X | B4: VIX | C4: VIX Index | D4: PX_LAST
A5: Driver X | B5: DXY | C5: DXY Curncy | D5: PX_LAST
A6: Driver X | B6: WTI oil (USD/bbl) | C6: CL1 Comdty | D6: PX_LAST
A7: Driver X | B7: UST 10Y yield (%) | C7: USGG10YR Index | D7: PX_LAST
A8: Driver X | B8: BCOM commodity index | C8: BCOM Index | D8: PX_LAST
A9: Country sub-index | B9: Saudi Arabia (5.0% wt) | C9: JPSSSADI Index | D9: PX_LAST | E9: VERIFY against JPSS series in your terminal
A10: Country sub-index | B10: Mexico (4.8% wt) | C10: JPSSMEXI Index | D10: PX_LAST | E10: VERIFY against JPSS series in your terminal
A11: Country sub-index | B11: Indonesia (4.7% wt) | C11: JPSSINDO Index | D11: PX_LAST | E11: VERIFY against JPSS series in your terminal
A12: Country sub-index | B12: Turkey (4.6% wt) | C12: JPSSTRKY Index | D12: PX_LAST | E12: VERIFY against JPSS series in your terminal
A13: Country sub-index | B13: Brazil (4.5% wt) | C13: JPSSBRZL Index | D13: PX_LAST | E13: VERIFY against JPSS series in your terminal
A14: Country sub-index | B14: China (4.5% wt) | C14: JPSSCHIN Index | D14: PX_LAST | E14: VERIFY against JPSS series in your terminal
A15: Country sub-index | B15: UAE (4.0% wt) | C15: JPSSUAEM Index | D15: PX_LAST | E15: VERIFY against JPSS series in your terminal
A16: Country sub-index | B16: Egypt (3.9% wt) | C16: JPSSEGYP Index | D16: PX_LAST | E16: VERIFY against JPSS series in your terminal
A17: Country sub-index | B17: Argentina (3.6% wt) | C17: JPSSARGE Index | D17: PX_LAST | E17: VERIFY against JPSS series in your terminal
A18: Country sub-index | B18: South Africa (3.4% wt) | C18: JPSSZAFR Index | D18: PX_LAST | E18: VERIFY against JPSS series in your terminal
A19: Country sub-index | B19: Colombia (3.0% wt) | C19: JPSSCOLO Index | D19: PX_LAST | E19: VERIFY against JPSS series in your terminal
A20: Country sub-index | B20: Philippines (3.0% wt) | C20: JPSSPHIL Index | D20: PX_LAST | E20: VERIFY against JPSS series in your terminal
... A35: Residual | B35: Other (rest) (25.4% wt) | C35: — | D35: — | E35: Aggregates rest-of-index
