Workbook

Sheet Data
A1: EMBI Global Diversified — Sovereign Ratings & Rich/Cheap vs Rating Peers
A2: Country universe & EMBI tickers from Luis's EM_Sovereign_Credit_v2.xlsx. Paste each sovereign's benchmark USD bond ISIN into column D.
D3: ↓ Edit these to change the Bloomberg identifier or field for every row ↓
D4: ISIN | E4: RTG_SP | F4: RTG_MDY | G4: RTG_FITCH | H4: BB_COMPOSITE | J4: PX_LAST
A6: Country | B6: ISO | C6: EMBI Sub-Index Ticker (spread) | D6: Sovereign ISIN (ratings) | E6: S&P | F6: Moody's | G6: Fitch | H6: BBG Composite | I6: Numeric Rating | J6: Spread (bps) | K6: Peer Avg Spread (bps) | L6: Spread vs Peer | M6: Cheap / Expensive | N6: Z-Score vs Peers | O6: Region
A7: Argentina | B7: ARG | C7: JPSYARZW Index | E7: =IFERROR(BDP($D7&$D$4,$E$4),"") | F7: =IFERROR(BDP($D7&$D$4,$F$4),"") | G7: =IFERROR(BDP($D7&$D$4,$G$4),"") | H7: =IFERROR(BDP($D7&$D$4,$H$4),"") | I7: =IFERROR(VLOOKUP(H7,'Rating Lookup'!$A$4:$C$27,3,FALSE),IFERROR(VLOOKUP(H7,'Rating Lookup'!$B$4:$C$27,2,FALSE),"")) | J7: =IFERROR(BDP($C7,$J$4),"") | K7: =IFERROR(AVERAGEIFS($J$7:$J$74,$I$7:$I$74,I7),"") | L7: =IFERROR(J7-K7,"") | M7: =IF(OR(I7="",J7="",K7=""),"",IF(L7>0,"Cheap","Expensive")) | N7: =IFERROR(L7/STDEV.P(IF($I$7:$I$74=I7,$J$7:$J$74)),"") | O7: LatAm
A8: Bolivia | B8: BOL | C8: JPSYBVZW Index | E8: =IFERROR(BDP($D8&$D$4,$E$4),"") | F8: =IFERROR(BDP($D8&$D$4,$F$4),"") | G8: =IFERROR(BDP($D8&$D$4,$G$4),"") | H8: =IFERROR(BDP($D8&$D$4,$H$4),"") | I8: =IFERROR(VLOOKUP(H8,'Rating Lookup'!$A$4:$C$27,3,FALSE),IFERROR(VLOOKUP(H8,'Rating Lookup'!$B$4:$C$27,2,FALSE),"")) | J8: =IFERROR(BDP($C8,$J$4),"") | K8: =IFERROR(AVERAGEIFS($J$7:$J$74,$I$7:$I$74,I8),"") | L8: =IFERROR(J8-K8,"") | M8: =IF(OR(I8="",J8="",K8=""),"",IF(L8>0,"Cheap","Expensive")) | N8: =IFERROR(L8/STDEV.P(IF($I$7:$I$74=I8,$J$7:$J$74)),"") | O8: LatAm
A9: Brazil | B9: BRA | C9: JPSYBRZW Index | E9: =IFERROR(BDP($D9&$D$4,$E$4),"") | F9: =IFERROR(BDP($D9&$D$4,$F$4),"") | G9: =IFERROR(BDP($D9&$D$4,$G$4),"") | H9: =IFERROR(BDP($D9&$D$4,$H$4),"") | I9: =IFERROR(VLOOKUP(H9,'Rating Lookup'!$A$4:$C$27,3,FALSE),IFERROR(VLOOKUP(H9,'Rating Lookup'!$B$4:$C$27,2,FALSE),"")) | J9: =IFERROR(BDP($C9,$J$4),"") | K9: =IFERROR(AVERAGEIFS($J$7:$J$74,$I$7:$I$74,I9),"") | L9: =IFERROR(J9-K9,"") | M9: =IF(OR(I9="",J9="",K9=""),"",IF(L9>0,"Cheap","Expensive")) | N9: =IFERROR(L9/STDEV.P(IF($I$7:$I$74=I9,$J$7:$J$74)),"") | O9: LatAm
A10: Chile | B10: CHL | C10: JPSYCHZW Index | E10: =IFERROR(BDP($D10&$D$4,$E$4),"") | F10: =IFERROR(BDP($D10&$D$4,$F$4),"") | G10: =IFERROR(BDP($D10&$D$4,$G$4),"") | H10: =IFERROR(BDP($D10&$D$4,$H$4),"") | I10: =IFERROR(VLOOKUP(H10,'Rating Lookup'!$A$4:$C$27,3,FALSE),IFERROR(VLOOKUP(H10,'Rating Lookup'!$B$4:$C$27,2,FALSE),"")) | J10: =IFERROR(BDP($C10,$J$4),"") | K10: =IFERROR(AVERAGEIFS($J$7:$J$74,$I$7:$I$74,I10),"") | L10: =IFERROR(J10-K10,"") | M10: =IF(OR(I10="",J10="",K10=""),"",IF(L10>0,"Cheap","Expensive")) | N10: =IFERROR(L10/STDEV.P(IF($I$7:$I$74=I10,$J$7:$J$74)),"") | O10: LatAm
A11: Colombia | B11: COL | C11: JPSYCLZW Index | E11: =IFERROR(BDP($D11&$D$4,$E$4),"") | F11: =IFERROR(BDP($D11&$D$4,$F$4),"") | G11: =IFERROR(BDP($D11&$D$4,$G$4),"") | H11: =IFERROR(BDP($D11&$D$4,$H$4),"") | I11: =IFERROR(VLOOKUP(H11,'Rating Lookup'!$A$4:$C$27,3,FALSE),IFERROR(VLOOKUP(H11,'Rating Lookup'!$B$4:$C$27,2,FALSE),"")) | J11: =IFERROR(BDP($C11,$J$4),"") | K11: =IFERROR(AVERAGEIFS($J$7:$J$74,$I$7:$I$74,I11),"") | L11: =IFERROR(J11-K11,"") | M11: =IF(OR(I11="",J11="",K11=""),"",IF(L11>0,"Cheap","Expensive")) | N11: =IFERROR(L11/STDEV.P(IF($I$7:$I$74=I11,$J$7:$J$74)),"") | O11: LatAm
A12: Costa Rica | B12: CRI | C12: JPSYCRZW Index | E12: =IFERROR(BDP($D12&$D$4,$E$4),"") | F12: =IFERROR(BDP($D12&$D$4,$F$4),"") | G12: =IFERROR(BDP($D12&$D$4,$G$4),"") | H12: =IFERROR(BDP($D12&$D$4,$H$4),"") | I12: =IFERROR(VLOOKUP(H12,'Rating Lookup'!$A$4:$C$27,3,FALSE),IFERROR(VLOOKUP(H12,'Rating Lookup'!$B$4:$C$27,2,FALSE),"")) | J12: =IFERROR(BDP($C12,$J$4),"") | K12: =IFERROR(AVERAGEIFS($J$7:$J$74,$I$7:$I$74,I12),"") | L12: =IFERROR(J12-K12,"") | M12: =IF(OR(I12="",J12="",K12=""),"",IF(L12>0,"Cheap","Expensive")) | N12: =IFERROR(L12/STDEV.P(IF($I$7:$I$74=I12,$J$7:$J$74)),"") | O12: LatAm
A13: Dominican Republic | B13: DOM | C13: JPSYDRZW Index | E13: =IFERROR(BDP($D13&$D$4,$E$4),"") | F13: =IFERROR(BDP($D13&$D$4,$F$4),"") | G13: =IFERROR(BDP($D13&$D$4,$G$4),"") | H13: =IFERROR(BDP($D13&$D$4,$H$4),"") | I13: =IFERROR(VLOOKUP(H13,'Rating Lookup'!$A$4:$C$27,3,FALSE),IFERROR(VLOOKUP(H13,'Rating Lookup'!$B$4:$C$27,2,FALSE),"")) | J13: =IFERROR(BDP($C13,$J$4),"") | K13: =IFERROR(AVERAGEIFS($J$7:$J$74,$I$7:$I$74,I13),"") | L13: =IFERROR(J13-K13,"") | M13: =IF(OR(I13="",J13="",K13=""),"",IF(L13>0,"Cheap","Expensive")) | N13: =IFERROR(L13/STDEV.P(IF($I$7:$I$74=I13,$J$7:$J$74)),"") | O13: LatAm
A14: Ecuador | B14: ECU | C14: JPSYECZW Index | E14: =IFERROR(BDP($D14&$D$4,$E$4),"") | F14: =IFERROR(BDP($D14&$D$4,$F$4),"") | G14: =IFERROR(BDP($D14&$D$4,$G$4),"") | H14: =IFERROR(BDP($D14&$D$4,$H$4),"") | I14: =IFERROR(VLOOKUP(H14,'Rating Lookup'!$A$4:$C$27,3,FALSE),IFERROR(VLOOKUP(H14,'Rating Lookup'!$B$4:$C$27,2,FALSE),"")) | J14: =IFERROR(BDP($C14,$J$4),"") | K14: =IFERROR(AVERAGEIFS($J$7:$J$74,$I$7:$I$74,I14),"") | L14: =IFERROR(J14-K14,"") | M14: =IF(OR(I14="",J14="",K14=""),"",IF(L14>0,"Cheap","Expensive")) | N14: =IFERROR(L14/STDEV.P(IF($I$7:$I$74=I14,$J$7:$J$74)),"") | O14: LatAm
A15: El Salvador | B15: SLV | C15: JPSYESZW Index | E15: =IFERROR(BDP($D15&$D$4,$E$4),"") | F15: =IFERROR(BDP($D15&$D$4,$F$4),"") | G15: =IFERROR(BDP($D15&$D$4,$G$4),"") | H15: =IFERROR(BDP($D15&$D$4,$H$4),"") | I15: =IFERROR(VLOOKUP(H15,'Rating Lookup'!$A$4:$C$27,3,FALSE),IFERROR(VLOOKUP(H15,'Rating Lookup'!$B$4:$C$27,2,FALSE),"")) | J15: =IFERROR(BDP($C15,$J$4),"") | K15: =IFERROR(AVERAGEIFS($J$7:$J$74,$I$7:$I$74,I15),"") | L15: =IFERROR(J15-K15,"") | M15: =IF(OR(I15="",J15="",K15=""),"",IF(L15>0,"Cheap","Expensive")) | N15: =IFERROR(L15/STDEV.P(IF($I$7:$I$74=I15,$J$7:$J$74)),"") | O15: LatAm
A16: Guatemala | B16: GTM | C16: JPSYGTZW Index | E16: =IFERROR(BDP($D16&$D$4,$E$4),"") | F16: =IFERROR(BDP($D16&$D$4,$F$4),"") | G16: =IFERROR(BDP($D16&$D$4,$G$4),"") | H16: =IFERROR(BDP($D16&$D$4,$H$4),"") | I16: =IFERROR(VLOOKUP(H16,'Rating Lookup'!$A$4:$C$27,3,FALSE),IFERROR(VLOOKUP(H16,'Rating Lookup'!$B$4:$C$27,2,FALSE),"")) | J16: =IFERROR(BDP($C16,$J$4),"") | K16: =IFERROR(AVERAGEIFS($J$7:$J$74,$I$7:$I$74,I16),"") | L16: =IFERROR(J16-K16,"") | M16: =IF(OR(I16="",J16="",K16=""),"",IF(L16>0,"Cheap","Expensive")) | N16: =IFERROR(L16/STDEV.P(IF($I$7:$I$74=I16,$J$7:$J$74)),"") | O16: LatAm
A17: Jamaica | B17: JAM | C17: JPSYJMZW Index | E17: =IFERROR(BDP($D17&$D$4,$E$4),"") | F17: =IFERROR(BDP($D17&$D$4,$F$4),"") | G17: =IFERROR(BDP($D17&$D$4,$G$4),"") | H17: =IFERROR(BDP($D17&$D$4,$H$4),"") | I17: =IFERROR(VLOOKUP(H17,'Rating Lookup'!$A$4:$C$27,3,FALSE),IFERROR(VLOOKUP(H17,'Rating Lookup'!$B$4:$C$27,2,FALSE),"")) | J17: =IFERROR(BDP($C17,$J$4),"") | K17: =IFERROR(AVERAGEIFS($J$7:$J$74,$I$7:$I$74,I17),"") | L17: =IFERROR(J17-K17,"") | M17: =IF(OR(I17="",J17="",K17=""),"",IF(L17>0,"Cheap","Expensive")) | N17: =IFERROR(L17/STDEV.P(IF($I$7:$I$74=I17,$J$7:$J$74)),"") | O17: LatAm
A18: Mexico | B18: MEX | C18: JPSYMXZW Index | E18: =IFERROR(BDP($D18&$D$4,$E$4),"") | F18: =IFERROR(BDP($D18&$D$4,$F$4),"") | G18: =IFERROR(BDP($D18&$D$4,$G$4),"") | H18: =IFERROR(BDP($D18&$D$4,$H$4),"") | I18: =IFERROR(VLOOKUP(H18,'Rating Lookup'!$A$4:$C$27,3,FALSE),IFERROR(VLOOKUP(H18,'Rating Lookup'!$B$4:$C$27,2,FALSE),"")) | J18: =IFERROR(BDP($C18,$J$4),"") | K18: =IFERROR(AVERAGEIFS($J$7:$J$74,$I$7:$I$74,I18),"") | L18: =IFERROR(J18-K18,"") | M18: =IF(OR(I18="",J18="",K18=""),"",IF(L18>0,"Cheap","Expensive")) | N18: =IFERROR(L18/STDEV.P(IF($I$7:$I$74=I18,$J$7:$J$74)),"") | O18: LatAm
... A74: Vietnam | B74: VNM | C74: JPSYVNZW Index | E74: =IFERROR(BDP($D74&$D$4,$E$4),"") | F74: =IFERROR(BDP($D74&$D$4,$F$4),"") | G74: =IFERROR(BDP($D74&$D$4,$G$4),"") | H74: =IFERROR(BDP($D74&$D$4,$H$4),"") | I74: =IFERROR(VLOOKUP(H74,'Rating Lookup'!$A$4:$C$27,3,FALSE),IFERROR(VLOOKUP(H74,'Rating Lookup'!$B$4:$C$27,2,FALSE),"")) | J74: =IFERROR(BDP($C74,$J$4),"") | K74: =IFERROR(AVERAGEIFS($J$7:$J$74,$I$7:$I$74,I74),"") | L74: =IFERROR(J74-K74,"") | M74: =IF(OR(I74="",J74="",K74=""),"",IF(L74>0,"Cheap","Expensive")) | N74: =IFERROR(L74/STDEV.P(IF($I$7:$I$74=I74,$J$7:$J$74)),"") | O74: EM Asia
A76: Notes:
A77: • Row 4 (yellow) holds every editable Bloomberg input. Change one cell, all 68 rows refresh.
A78: D4=' ISIN' (suffix appended to the raw ISIN you paste). Swap to ' Govt' or ' Corp' if your firm prefers.
A79: E4-H4 = rating fields (RTG_SP / RTG_MDY / RTG_FITCH / BB_COMPOSITE). J4=PX_LAST (spread field).
A80: • Column C = EMBI sub-index ticker (drives spread via PX_LAST).
A81: • Column D = Sovereign ISIN — paste the raw ISIN of each country's benchmark USD bond (e.g., 'US105756BV93'). Formula appends the suffix to form the Bloomberg ID.
A82: • Numeric Rating uses BBG Composite via the Rating Lookup tab. Edit column I if you'd rather drive peer buckets off S&P/Moody's.
A83: • 'Cheap' = trading WIDER than rating peers. 'Expensive' = TIGHTER than peers.
A84: • Z-Score uses IF inside STDEV.P (array formula) — Excel 365 auto-spills, legacy needs Ctrl+Shift+Enter.

Sheet Rating Lookup
A1: Rating → Numeric Scale
A3: S&P / Fitch | B3: Moody's | C3: Numeric
A4: AAA | B4: Aaa | C4: 1
A5: AA+ | B5: Aa1 | C5: 2
A6: AA | B6: Aa2 | C6: 3
A7: AA- | B7: Aa3 | C7: 4
A8: A+ | B8: A1 | C8: 5
A9: A | B9: A2 | C9: 6
A10: A- | B10: A3 | C10: 7
A11: BBB+ | B11: Baa1 | C11: 8
A12: BBB | B12: Baa2 | C12: 9
A13: BBB- | B13: Baa3 | C13: 10
A14: BB+ | B14: Ba1 | C14: 11
A15: BB | B15: Ba2 | C15: 12
... A24: C | B24: C | C24: 21
A25: SD | C25: 22
A26: D | C26: 22
A27: NR | B27: NR

Sheet Chart_Rating_vs_Spread
A1: Sovereign Spread (bps) by Numeric Rating
A3: Higher dots within a rating bucket = cheaper. Lower dots = expensive.

Sheet Chart_RichCheap
A1: Spread − Peer Average (bps) | Cheap > 0 | Expensive < 0
A3: Sort Data tab by column L descending to rank cheap → rich.
