Workbook

Sheet Weights
A1: Category Weights — held constant through time
A2: Estimated once by constrained least squares over the whole Dec-2016 to Apr-2026 sample and then fixed, as instructed.
A4: Category | B4: Weight | C4: Share of total
A5: Estacionales | B5: 0.114251 | C5: =B5/$B$8 -> 0.114251
A6: Regulados | B6: 0.210055 | C6: =B6/$B$8 -> 0.210055
A7: Nucleo | B7: 0.675694 | C7: =B7/$B$8 -> 0.675694
A8: Total | B8: =SUM(B5:B7) -> 1
A10: Regulados | B10: =B6/$B$8 -> 0.210055
A11: No Regulados (Nucleo + Estacionales) | B11: =(B5+B7)/$B$8 -> 0.789945
A13: Does a fixed weight actually work?
A14: Mean absolute error | B14: 0.042% of the index level
A15: Maximum absolute error | B15: 0.092% of the index level
A16: Sample | B16: 113 months, Dec-2016 to Apr-2026
A17: Verdict | B17: Yes. A single fixed weight vector reproduces the published Nivel General to within a tenth of one percent across a decade in which the price level rose more than a hundredfold. Holding weights constant is not a material simplification here.
A18: Caveat | B18: INDEC's basket weights are from the 2004/05 ENGHo expenditure survey updated by relative prices, so the true implicit weights do drift slightly. The errors above are the size of that drift.

Sheet Data (monthly)
A1: INDEC IPC by Category — National, index base Dec-2016 = 100
A2: Source: INDEC via the official open-data distribution 145.9. Real data throughout, no estimates.
A7: Date | B7: Nivel general | C7: Estacionales | D7: Nucleo | E7: Regulados | F7: No Regulados (calc) | G7: Recon. Nivel general | H7: Error %
A8: 42705 | B8: 100 | C8: 100 | D8: 100 | E8: 100 | F8: =(C8*Weights!$B$5+D8*Weights!$B$7)/(Weights!$B$5+Weights!$B$7) -> 100 | G8: =C8*Weights!$B$5+E8*Weights!$B$6+D8*Weights!$B$7 -> 100 | H8: =(G8/B8-1)*100 -> 0
A9: 42736 | B9: 101.5859 | C9: 101.6969 | D9: 101.5039 | E9: 101.8183 | F9: =(C9*Weights!$B$5+D9*Weights!$B$7)/(Weights!$B$5+Weights!$B$7) -> 101.53181 | G9: =C9*Weights!$B$5+E9*Weights!$B$6+D9*Weights!$B$7 -> 101.59199 | H9: =(G9/B9-1)*100 -> 0.0059966344
A10: 42767 | B10: 103.6859 | C10: 102.3345 | D10: 103.2105 | E10: 105.9316 | F10: =(C10*Weights!$B$5+D10*Weights!$B$7)/(Weights!$B$5+Weights!$B$7) -> 103.0838 | G10: =C10*Weights!$B$5+E10*Weights!$B$6+D10*Weights!$B$7 -> 103.682 | H10: =(G10/B10-1)*100 -> -0.0037644612
A11: 42795 | B11: 106.1476 | C11: 104.7868 | D11: 105.2057 | E11: 110.0057 | F11: =(C11*Weights!$B$5+D11*Weights!$B$7)/(Weights!$B$5+Weights!$B$7) -> 105.14511 | G11: =C11*Weights!$B$5+E11*Weights!$B$6+D11*Weights!$B$7 -> 106.1661 | H11: =(G11/B11-1)*100 -> 0.017432571
A12: 42826 | B12: 108.9667 | C12: 108.1867 | D12: 107.427 | E12: 114.4649 | F12: =(C12*Weights!$B$5+D12*Weights!$B$7)/(Weights!$B$5+Weights!$B$7) -> 107.53688 | G12: =C12*Weights!$B$5+E12*Weights!$B$6+D12*Weights!$B$7 -> 108.99214 | H12: =(G12/B12-1)*100 -> 0.02334894
A13: 42856 | B13: 110.5301 | C13: 109.0536 | D13: 109.2069 | E13: 115.6559 | F13: =(C13*Weights!$B$5+D13*Weights!$B$7)/(Weights!$B$5+Weights!$B$7) -> 109.18473 | G13: =C13*Weights!$B$5+E13*Weights!$B$6+D13*Weights!$B$7 -> 110.54403 | H13: =(G13/B13-1)*100 -> 0.012602917
A14: 42887 | B14: 111.8477 | C14: 110.0769 | D14: 110.6653 | E14: 116.6875 | F14: =(C14*Weights!$B$5+D14*Weights!$B$7)/(Weights!$B$5+Weights!$B$7) -> 110.5802 | G14: =C14*Weights!$B$5+E14*Weights!$B$6+D14*Weights!$B$7 -> 111.86307 | H14: =(G14/B14-1)*100 -> 0.013740052
A15: 42917 | B15: 113.7852 | C15: 110.589 | D15: 112.6183 | E15: 119.3618 | F15: =(C15*Weights!$B$5+D15*Weights!$B$7)/(Weights!$B$5+Weights!$B$7) -> 112.3248 | G15: =C15*Weights!$B$5+E15*Weights!$B$6+D15*Weights!$B$7 -> 113.80296 | H15: =(G15/B15-1)*100 -> 0.015605139
A16: 42948 | B16: 115.3819 | C16: 111.7749 | D16: 114.231 | E16: 121.1349 | F16: =(C16*Weights!$B$5+D16*Weights!$B$7)/(Weights!$B$5+Weights!$B$7) -> 113.87577 | G16: =C16*Weights!$B$5+E16*Weights!$B$6+D16*Weights!$B$7 -> 115.40059 | H16: =(G16/B16-1)*100 -> 0.016195637
A17: 42979 | B17: 117.5719 | C17: 116.214 | D17: 116.0978 | E17: 123.2159 | F17: =(C17*Weights!$B$5+D17*Weights!$B$7)/(Weights!$B$5+Weights!$B$7) -> 116.11461 | G17: =C17*Weights!$B$5+E17*Weights!$B$6+D17*Weights!$B$7 -> 117.60627 | H17: =(G17/B17-1)*100 -> 0.029231867
A18: 43009 | B18: 119.3528 | C18: 119.0242 | D18: 117.6245 | E18: 125.2808 | F18: =(C18*Weights!$B$5+D18*Weights!$B$7)/(Weights!$B$5+Weights!$B$7) -> 117.82694 | G18: =C18*Weights!$B$5+E18*Weights!$B$6+D18*Weights!$B$7 -> 119.39266 | H18: =(G18/B18-1)*100 -> 0.03339781
A19: 43040 | B19: 120.994 | C19: 121.0614 | D19: 119.1358 | E19: 127.1472 | F19: =(C19*Weights!$B$5+D19*Weights!$B$7)/(Weights!$B$5+Weights!$B$7) -> 119.4143 | G19: =C19*Weights!$B$5+E19*Weights!$B$6+D19*Weights!$B$7 -> 121.03864 | H19: =(G19/B19-1)*100 -> 0.036891377
... A120: 46113 | B120: 11363.09 | C120: 9103.5096 | D120: 11603.845 | E120: 11828.042 | F120: =(C120*Weights!$B$5+D120*Weights!$B$7)/(Weights!$B$5+Weights!$B$7) -> 11242.217 | G120: =C120*Weights!$B$5+E120*Weights!$B$6+D120*Weights!$B$7 -> 11365.273 | H120: =(G120/B120-1)*100 -> 0.019205157

Sheet Monthly Analysis
A1: Monthly: relative price gap and y/y by category
A4: Relative gap = Regulados index divided by No Regulados index, rebased to Dec-2016 = 100. Below 100 means regulated prices have fallen behind and a correction is still owed.
A7: Date | B7: Regulados (Dec16=100) | C7: No Regulados (Dec16=100) | D7: Relative gap | E7: Headline y/y % | F7: Regulados y/y % | G7: No Regulados y/y % | H7: Contrib: Regulados (pp) | I7: Contrib: No Regulados (pp) | J7: Check
A8: 42705 | B8: ='Data (monthly)'!E8/'Data (monthly)'!$E$8*100 -> 100 | C8: ='Data (monthly)'!F8/'Data (monthly)'!$F$8*100 -> 100 | D8: =B8/C8*100 -> 100
A9: 42736 | B9: ='Data (monthly)'!E9/'Data (monthly)'!$E$8*100 -> 101.8183 | C9: ='Data (monthly)'!F9/'Data (monthly)'!$F$8*100 -> 101.53181 | D9: =B9/C9*100 -> 100.28216
A10: 42767 | B10: ='Data (monthly)'!E10/'Data (monthly)'!$E$8*100 -> 105.9316 | C10: ='Data (monthly)'!F10/'Data (monthly)'!$F$8*100 -> 103.0838 | D10: =B10/C10*100 -> 102.7626
A11: 42795 | B11: ='Data (monthly)'!E11/'Data (monthly)'!$E$8*100 -> 110.0057 | C11: ='Data (monthly)'!F11/'Data (monthly)'!$F$8*100 -> 105.14511 | D11: =B11/C11*100 -> 104.62274
A12: 42826 | B12: ='Data (monthly)'!E12/'Data (monthly)'!$E$8*100 -> 114.4649 | C12: ='Data (monthly)'!F12/'Data (monthly)'!$F$8*100 -> 107.53688 | D12: =B12/C12*100 -> 106.44246
A13: 42856 | B13: ='Data (monthly)'!E13/'Data (monthly)'!$E$8*100 -> 115.6559 | C13: ='Data (monthly)'!F13/'Data (monthly)'!$F$8*100 -> 109.18473 | D13: =B13/C13*100 -> 105.92681
A14: 42887 | B14: ='Data (monthly)'!E14/'Data (monthly)'!$E$8*100 -> 116.6875 | C14: ='Data (monthly)'!F14/'Data (monthly)'!$F$8*100 -> 110.5802 | D14: =B14/C14*100 -> 105.52296
A15: 42917 | B15: ='Data (monthly)'!E15/'Data (monthly)'!$E$8*100 -> 119.3618 | C15: ='Data (monthly)'!F15/'Data (monthly)'!$F$8*100 -> 112.3248 | D15: =B15/C15*100 -> 106.26487
A16: 42948 | B16: ='Data (monthly)'!E16/'Data (monthly)'!$E$8*100 -> 121.1349 | C16: ='Data (monthly)'!F16/'Data (monthly)'!$F$8*100 -> 113.87577 | D16: =B16/C16*100 -> 106.3746
A17: 42979 | B17: ='Data (monthly)'!E17/'Data (monthly)'!$E$8*100 -> 123.2159 | C17: ='Data (monthly)'!F17/'Data (monthly)'!$F$8*100 -> 116.11461 | D17: =B17/C17*100 -> 106.11576
A18: 43009 | B18: ='Data (monthly)'!E18/'Data (monthly)'!$E$8*100 -> 125.2808 | C18: ='Data (monthly)'!F18/'Data (monthly)'!$F$8*100 -> 117.82694 | D18: =B18/C18*100 -> 106.32611
A19: 43040 | B19: ='Data (monthly)'!E19/'Data (monthly)'!$E$8*100 -> 127.1472 | C19: ='Data (monthly)'!F19/'Data (monthly)'!$F$8*100 -> 119.4143 | D19: =B19/C19*100 -> 106.47569
A20: 43070 | B20: ='Data (monthly)'!E20/'Data (monthly)'!$E$8*100 -> 138.6978 | C20: ='Data (monthly)'!F20/'Data (monthly)'!$F$8*100 -> 121.17503 | D20: =B20/C20*100 -> 114.46071 | E20: =('Data (monthly)'!B20/'Data (monthly)'!B8-1)*100 -> 24.7956 | F20: =('Data (monthly)'!E20/'Data (monthly)'!E8-1)*100 -> 38.6978 | G20: =('Data (monthly)'!F20/'Data (monthly)'!F8-1)*100 -> 21.175026 | H20: =Weights!$B$6*('Data (monthly)'!E20-'Data (monthly)'!E8)/'Data (monthly)'!B8*100 -> 8.1286664 | I20: =(Weights!$B$5*('Data (monthly)'!C20-'Data (monthly)'!C8)+Weights!$B$7*('Data (monthly)'!D20-'Data (monthly)'!D8))/'Data (monthly)'!B8*100 -> 16.727106 | J20: =H20+I20-E20 -> 0.060172594
A21: 43101 | B21: ='Data (monthly)'!E21/'Data (monthly)'!$E$8*100 -> 141.6541 | C21: ='Data (monthly)'!F21/'Data (monthly)'!$F$8*100 -> 123.19611 | D21: =B21/C21*100 -> 114.98261 | E21: =('Data (monthly)'!B21/'Data (monthly)'!B9-1)*100 -> 25.006226 | F21: =('Data (monthly)'!E21/'Data (monthly)'!E9-1)*100 -> 39.124401 | G21: =('Data (monthly)'!F21/'Data (monthly)'!F9-1)*100 -> 21.337442 | H21: =Weights!$B$6*('Data (monthly)'!E21-'Data (monthly)'!E9)/'Data (monthly)'!B9*100 -> 8.2370772 | I21: =(Weights!$B$5*('Data (monthly)'!C21-'Data (monthly)'!C9)+Weights!$B$7*('Data (monthly)'!D21-'Data (monthly)'!D9))/'Data (monthly)'!B9*100 -> 16.846431 | J21: =H21+I21-E21 -> 0.077282354
A22: 43132 | B22: ='Data (monthly)'!E22/'Data (monthly)'!$E$8*100 -> 148.4773 | C22: ='Data (monthly)'!F22/'Data (monthly)'!$F$8*100 -> 125.27201 | D22: =B22/C22*100 -> 118.52392 | E22: =('Data (monthly)'!B22/'Data (monthly)'!B10-1)*100 -> 25.437113 | F22: =('Data (monthly)'!E22/'Data (monthly)'!E10-1)*100 -> 40.16337 | G22: =('Data (monthly)'!F22/'Data (monthly)'!F10-1)*100 -> 21.524435 | H22: =Weights!$B$6*('Data (monthly)'!E22-'Data (monthly)'!E10)/'Data (monthly)'!B10*100 -> 8.6192404 | I22: =(Weights!$B$5*('Data (monthly)'!C22-'Data (monthly)'!C10)+Weights!$B$7*('Data (monthly)'!D22-'Data (monthly)'!D10))/'Data (monthly)'!B10*100 -> 16.904384 | J22: =H22+I22-E22 -> 0.086510971
A23: 43160 | B23: ='Data (monthly)'!E23/'Data (monthly)'!$E$8*100 -> 151.4854 | C23: ='Data (monthly)'!F23/'Data (monthly)'!$F$8*100 -> 128.3295 | D23: =B23/C23*100 -> 118.04409 | E23: =('Data (monthly)'!B23/'Data (monthly)'!B11-1)*100 -> 25.396523 | F23: =('Data (monthly)'!E23/'Data (monthly)'!E11-1)*100 -> 37.706864 | G23: =('Data (monthly)'!F23/'Data (monthly)'!F11-1)*100 -> 22.049898 | H23: =Weights!$B$6*('Data (monthly)'!E23-'Data (monthly)'!E11)/'Data (monthly)'!B11*100 -> 8.2083989 | I23: =(Weights!$B$5*('Data (monthly)'!C23-'Data (monthly)'!C11)+Weights!$B$7*('Data (monthly)'!D23-'Data (monthly)'!D11))/'Data (monthly)'!B11*100 -> 17.253705 | J23: =H23+I23-E23 -> 0.065580198
A24: 43191 | B24: ='Data (monthly)'!E24/'Data (monthly)'!$E$8*100 -> 159.451 | C24: ='Data (monthly)'!F24/'Data (monthly)'!$F$8*100 -> 130.83378 | D24: =B24/C24*100 -> 121.87296 | E24: =('Data (monthly)'!B24/'Data (monthly)'!B12-1)*100 -> 25.498157 | F24: =('Data (monthly)'!E24/'Data (monthly)'!E12-1)*100 -> 39.301218 | G24: =('Data (monthly)'!F24/'Data (monthly)'!F12-1)*100 -> 21.664109 | H24: =Weights!$B$6*('Data (monthly)'!E24-'Data (monthly)'!E12)/'Data (monthly)'!B12*100 -> 8.6719661 | I24: =(Weights!$B$5*('Data (monthly)'!C24-'Data (monthly)'!C12)+Weights!$B$7*('Data (monthly)'!D24-'Data (monthly)'!D12))/'Data (monthly)'!B12*100 -> 16.888898 | J24: =H24+I24-E24 -> 0.06270716
A25: 43221 | B25: ='Data (monthly)'!E25/'Data (monthly)'!$E$8*100 -> 160.024 | C25: ='Data (monthly)'!F25/'Data (monthly)'!$F$8*100 -> 134.2843 | D25: =B25/C25*100 -> 119.16806 | E25: =('Data (monthly)'!B25/'Data (monthly)'!B13-1)*100 -> 26.290757 | F25: =('Data (monthly)'!E25/'Data (monthly)'!E13-1)*100 -> 38.362159 | G25: =('Data (monthly)'!F25/'Data (monthly)'!F13-1)*100 -> 22.988172 | H25: =Weights!$B$6*('Data (monthly)'!E25-'Data (monthly)'!E13)/'Data (monthly)'!B13*100 -> 8.4318582 | I25: =(Weights!$B$5*('Data (monthly)'!C25-'Data (monthly)'!C13)+Weights!$B$7*('Data (monthly)'!D25-'Data (monthly)'!D13))/'Data (monthly)'!B13*100 -> 17.938355 | J25: =H25+I25-E25 -> 0.079456302
A26: 43252 | B26: ='Data (monthly)'!E26/'Data (monthly)'!$E$8*100 -> 164.7325 | C26: ='Data (monthly)'!F26/'Data (monthly)'!$F$8*100 -> 139.62007 | D26: =B26/C26*100 -> 117.98626 | E26: =('Data (monthly)'!B26/'Data (monthly)'!B14-1)*100 -> 29.466498 | F26: =('Data (monthly)'!E26/'Data (monthly)'!E14-1)*100 -> 41.174076 | G26: =('Data (monthly)'!F26/'Data (monthly)'!F14-1)*100 -> 26.261366 | H26: =Weights!$B$6*('Data (monthly)'!E26-'Data (monthly)'!E14)/'Data (monthly)'!B14*100 -> 9.0230666 | I26: =(Weights!$B$5*('Data (monthly)'!C26-'Data (monthly)'!C14)+Weights!$B$7*('Data (monthly)'!D26-'Data (monthly)'!D14))/'Data (monthly)'!B14*100 -> 20.509944 | J26: =H26+I26-E26 -> 0.066512819
A27: 43282 | B27: ='Data (monthly)'!E27/'Data (monthly)'!$E$8*100 -> 168.9885 | C27: ='Data (monthly)'!F27/'Data (monthly)'!$F$8*100 -> 144.1916 | D27: =B27/C27*100 -> 117.19719 | E27: =('Data (monthly)'!B27/'Data (monthly)'!B15-1)*100 -> 31.209155 | F27: =('Data (monthly)'!E27/'Data (monthly)'!E15-1)*100 -> 41.576702 | G27: =('Data (monthly)'!F27/'Data (monthly)'!F15-1)*100 -> 28.370223 | H27: =Weights!$B$6*('Data (monthly)'!E27-'Data (monthly)'!E15)/'Data (monthly)'!B15*100 -> 9.1614168 | I27: =(Weights!$B$5*('Data (monthly)'!C27-'Data (monthly)'!C15)+Weights!$B$7*('Data (monthly)'!D27-'Data (monthly)'!D15))/'Data (monthly)'!B15*100 -> 22.123278 | J27: =H27+I27-E27 -> 0.0755393
A28: 43313 | B28: ='Data (monthly)'!E28/'Data (monthly)'!$E$8*100 -> 179.4614 | C28: ='Data (monthly)'!F28/'Data (monthly)'!$F$8*100 -> 148.73869 | D28: =B28/C28*100 -> 120.65549 | E28: =('Data (monthly)'!B28/'Data (monthly)'!B16-1)*100 -> 34.42611 | F28: =('Data (monthly)'!E28/'Data (monthly)'!E16-1)*100 -> 48.150038 | G28: =('Data (monthly)'!F28/'Data (monthly)'!F16-1)*100 -> 30.61487 | H28: =Weights!$B$6*('Data (monthly)'!E28-'Data (monthly)'!E16)/'Data (monthly)'!B16*100 -> 10.618453 | I28: =(Weights!$B$5*('Data (monthly)'!C28-'Data (monthly)'!C16)+Weights!$B$7*('Data (monthly)'!D28-'Data (monthly)'!D16))/'Data (monthly)'!B16*100 -> 23.868379 | J28: =H28+I28-E28 -> 0.060721521
A29: 43344 | B29: ='Data (monthly)'!E29/'Data (monthly)'!$E$8*100 -> 187.9015 | C29: ='Data (monthly)'!F29/'Data (monthly)'!$F$8*100 -> 159.34879 | D29: =B29/C29*100 -> 117.91837 | E29: =('Data (monthly)'!B29/'Data (monthly)'!B17-1)*100 -> 40.54234 | F29: =('Data (monthly)'!E29/'Data (monthly)'!E17-1)*100 -> 52.49777 | G29: =('Data (monthly)'!F29/'Data (monthly)'!F17-1)*100 -> 37.234062 | H29: =Weights!$B$6*('Data (monthly)'!E29-'Data (monthly)'!E17)/'Data (monthly)'!B17*100 -> 11.556787 | I29: =(Weights!$B$5*('Data (monthly)'!C29-'Data (monthly)'!C17)+Weights!$B$7*('Data (monthly)'!D29-'Data (monthly)'!D17))/'Data (monthly)'!B17*100 -> 29.048291 | J29: =H29+I29-E29 -> 0.062737217
A30: 43374 | B30: ='Data (monthly)'!E30/'Data (monthly)'!$E$8*100 -> 201.8885 | C30: ='Data (monthly)'!F30/'Data (monthly)'!$F$8*100 -> 166.94454 | D30: =B30/C30*100 -> 120.93148 | E30: =('Data (monthly)'!B30/'Data (monthly)'!B18-1)*100 -> 45.90969 | F30: =('Data (monthly)'!E30/'Data (monthly)'!E18-1)*100 -> 61.148795 | G30: =('Data (monthly)'!F30/'Data (monthly)'!F18-1)*100 -> 41.686224 | H30: =Weights!$B$6*('Data (monthly)'!E30-'Data (monthly)'!E18)/'Data (monthly)'!B18*100 -> 13.482575 | I30: =(Weights!$B$5*('Data (monthly)'!C30-'Data (monthly)'!C18)+Weights!$B$7*('Data (monthly)'!D30-'Data (monthly)'!D18))/'Data (monthly)'!B18*100 -> 32.508835 | J30: =H30+I30-E30 -> 0.081719817
A31: 43405 | B31: ='Data (monthly)'!E31/'Data (monthly)'!$E$8*100 -> 207.5084 | C31: ='Data (monthly)'!F31/'Data (monthly)'!$F$8*100 -> 172.38753 | D31: =B31/C31*100 -> 120.3732 | E31: =('Data (monthly)'!B31/'Data (monthly)'!B19-1)*100 -> 48.46918 | F31: =('Data (monthly)'!E31/'Data (monthly)'!E19-1)*100 -> 63.203279 | G31: =('Data (monthly)'!F31/'Data (monthly)'!F19-1)*100 -> 44.360877 | H31: =Weights!$B$6*('Data (monthly)'!E31-'Data (monthly)'!E19)/'Data (monthly)'!B19*100 -> 13.95133 | I31: =(Weights!$B$5*('Data (monthly)'!C31-'Data (monthly)'!C19)+Weights!$B$7*('Data (monthly)'!D31-'Data (monthly)'!D19))/'Data (monthly)'!B19*100 -> 34.585136 | J31: =H31+I31-E31 -> 0.067285703
... A120: 46113 | B120: ='Data (monthly)'!E120/'Data (monthly)'!$E$8*100 -> 11828.042 | C120: ='Data (monthly)'!F120/'Data (monthly)'!$F$8*100 -> 11242.217 | D120: =B120/C120*100 -> 105.21094 | E120: =('Data (monthly)'!B120/'Data (monthly)'!B108-1)*100 -> 32.350448 | F120: =('Data (monthly)'!E120/'Data (monthly)'!E108-1)*100 -> 42.956092 | G120: =('Data (monthly)'!F120/'Data (monthly)'!F108-1)*100 -> 29.637068 | H120: =Weights!$B$6*('Data (monthly)'!E120-'Data (monthly)'!E108)/'Data (monthly)'!B108*100 -> 8.6955476 | I120: =(Weights!$B$5*('Data (monthly)'!C120-'Data (monthly)'!C108)+Weights!$B$7*('Data (monthly)'!D120-'Data (monthly)'!D108))/'Data (monthly)'!B108*100 -> 23.647423 | J120: =H120+I120-E120 -> -0.0074776963

Sheet Annual
A1: Annual Prints — December on December
A2: Final row is the latest available twelve-month reading (April 2026).
A6: Year | B6: Headline y/y % | C6: Regulados y/y % | D6: No Regulados y/y % | E6: Contrib: Regulados (pp) | F6: Contrib: No Regulados (pp) | G6: Check (pp) | H6: Regulados share of headline | I6: Relative gap (Dec16=100) | K6: Regulados share | L6: No Regulados share
A7: 2017 | B7: =('Data (monthly)'!B20/'Data (monthly)'!B8-1)*100 -> 24.7956 | C7: =('Data (monthly)'!E20/'Data (monthly)'!E8-1)*100 -> 38.6978 | D7: =('Data (monthly)'!F20/'Data (monthly)'!F8-1)*100 -> 21.175026 | E7: =Weights!$B$6*('Data (monthly)'!E20-'Data (monthly)'!E8)/'Data (monthly)'!B8*100 -> 8.1286664 | F7: =(Weights!$B$5*('Data (monthly)'!C20-'Data (monthly)'!C8)+Weights!$B$7*('Data (monthly)'!D20-'Data (monthly)'!D8))/'Data (monthly)'!B8*100 -> 16.727106 | G7: =E7+F7-B7 -> 0.060172594 | H7: =E7/B7 -> 0.32782697 | I7: ='Monthly Analysis'!D20 -> 114.46071 | K7: =E7/$B7*100 -> 32.782697 | L7: =F7/$B7*100 -> 67.459978
A8: 2018 | B8: =('Data (monthly)'!B32/'Data (monthly)'!B20-1)*100 -> 47.64559 | C8: =('Data (monthly)'!E32/'Data (monthly)'!E20-1)*100 -> 53.463141 | D8: =('Data (monthly)'!F32/'Data (monthly)'!F20-1)*100 -> 45.914325 | E8: =Weights!$B$6*('Data (monthly)'!E32-'Data (monthly)'!E20)/'Data (monthly)'!B20*100 -> 12.481242 | F8: =(Weights!$B$5*('Data (monthly)'!C32-'Data (monthly)'!C20)+Weights!$B$7*('Data (monthly)'!D32-'Data (monthly)'!D20))/'Data (monthly)'!B20*100 -> 35.217532 | G8: =E8+F8-B8 -> 0.053183124 | H8: =E8/B8 -> 0.26196006 | I8: ='Monthly Analysis'!D32 -> 120.38229 | K8: =E8/$B8*100 -> 26.196006 | L8: =F8/$B8*100 -> 73.915616
A9: 2019 | B9: =('Data (monthly)'!B44/'Data (monthly)'!B32-1)*100 -> 53.832402 | C9: =('Data (monthly)'!E44/'Data (monthly)'!E32-1)*100 -> 48.223444 | D9: =('Data (monthly)'!F44/'Data (monthly)'!F32-1)*100 -> 55.621305 | E9: =Weights!$B$6*('Data (monthly)'!E44-'Data (monthly)'!E32)/'Data (monthly)'!B32*100 -> 11.701597 | F9: =(Weights!$B$5*('Data (monthly)'!C44-'Data (monthly)'!C32)+Weights!$B$7*('Data (monthly)'!D44-'Data (monthly)'!D32))/'Data (monthly)'!B32*100 -> 42.162789 | G9: =E9+F9-B9 -> 0.03198423 | H9: =E9/B9 -> 0.21737089 | I9: ='Monthly Analysis'!D44 -> 114.65961 | K9: =E9/$B9*100 -> 21.737089 | L9: =F9/$B9*100 -> 78.322325
A10: 2020 | B10: =('Data (monthly)'!B56/'Data (monthly)'!B44-1)*100 -> 36.140588 | C10: =('Data (monthly)'!E56/'Data (monthly)'!E44-1)*100 -> 14.761916 | D10: =('Data (monthly)'!F56/'Data (monthly)'!F44-1)*100 -> 42.617373 | E10: =Weights!$B$6*('Data (monthly)'!E56-'Data (monthly)'!E44)/'Data (monthly)'!B44*100 -> 3.4514273 | F10: =(Weights!$B$5*('Data (monthly)'!C56-'Data (monthly)'!C44)+Weights!$B$7*('Data (monthly)'!D56-'Data (monthly)'!D44))/'Data (monthly)'!B44*100 -> 32.681055 | G10: =E10+F10-B10 -> -0.0081058445 | H10: =E10/B10 -> 0.095500032 | I10: ='Monthly Analysis'!D56 -> 92.264749 | K10: =E10/$B10*100 -> 9.5500032 | L10: =F10/$B10*100 -> 90.427568
A11: 2021 | B11: =('Data (monthly)'!B68/'Data (monthly)'!B56-1)*100 -> 50.941634 | C11: =('Data (monthly)'!E68/'Data (monthly)'!E56-1)*100 -> 37.718209 | D11: =('Data (monthly)'!F68/'Data (monthly)'!F56-1)*100 -> 54.158785 | E11: =Weights!$B$6*('Data (monthly)'!E68-'Data (monthly)'!E56)/'Data (monthly)'!B56*100 -> 7.4339089 | F11: =(Weights!$B$5*('Data (monthly)'!C68-'Data (monthly)'!C56)+Weights!$B$7*('Data (monthly)'!D68-'Data (monthly)'!D56))/'Data (monthly)'!B56*100 -> 43.507398 | G11: =E11+F11-B11 -> -0.00032615987 | H11: =E11/B11 -> 0.14592993 | I11: ='Monthly Analysis'!D68 -> 82.424988 | K11: =E11/$B11*100 -> 14.592993 | L11: =F11/$B11*100 -> 85.406367
A12: 2022 | B12: =('Data (monthly)'!B80/'Data (monthly)'!B68-1)*100 -> 94.793182 | C12: =('Data (monthly)'!E80/'Data (monthly)'!E68-1)*100 -> 85.665226 | D12: =('Data (monthly)'!F80/'Data (monthly)'!F68-1)*100 -> 96.896265 | E12: =Weights!$B$6*('Data (monthly)'!E80-'Data (monthly)'!E68)/'Data (monthly)'!B68*100 -> 15.404693 | F12: =(Weights!$B$5*('Data (monthly)'!C80-'Data (monthly)'!C68)+Weights!$B$7*('Data (monthly)'!D80-'Data (monthly)'!D68))/'Data (monthly)'!B68*100 -> 79.498781 | G12: =E12+F12-B12 -> 0.11029169 | H12: =E12/B12 -> 0.16250845 | I12: ='Monthly Analysis'!D80 -> 77.723435 | K12: =E12/$B12*100 -> 16.250845 | L12: =F12/$B12*100 -> 83.865505
A13: 2023 | B13: =('Data (monthly)'!B92/'Data (monthly)'!B80-1)*100 -> 211.40764 | C13: =('Data (monthly)'!E92/'Data (monthly)'!E80-1)*100 -> 164.94095 | D13: =('Data (monthly)'!F92/'Data (monthly)'!F80-1)*100 -> 220.75245 | E13: =Weights!$B$6*('Data (monthly)'!E92-'Data (monthly)'!E80)/'Data (monthly)'!B80*100 -> 28.270521 | F13: =(Weights!$B$5*('Data (monthly)'!C92-'Data (monthly)'!C80)+Weights!$B$7*('Data (monthly)'!D92-'Data (monthly)'!D80))/'Data (monthly)'!B80*100 -> 183.07232 | G13: =E13+F13-B13 -> -0.064798275 | H13: =E13/B13 -> 0.13372516 | I13: ='Monthly Analysis'!D92 -> 64.199418 | K13: =E13/$B13*100 -> 13.372516 | L13: =F13/$B13*100 -> 86.596833
A14: 2024 | B14: =('Data (monthly)'!B104/'Data (monthly)'!B92-1)*100 -> 117.76363 | C14: =('Data (monthly)'!E104/'Data (monthly)'!E92-1)*100 -> 205.87838 | D14: =('Data (monthly)'!F104/'Data (monthly)'!F92-1)*100 -> 102.78277 | E14: =Weights!$B$6*('Data (monthly)'!E104-'Data (monthly)'!E92)/'Data (monthly)'!B92*100 -> 30.021742 | F14: =(Weights!$B$5*('Data (monthly)'!C104-'Data (monthly)'!C92)+Weights!$B$7*('Data (monthly)'!D104-'Data (monthly)'!D92))/'Data (monthly)'!B92*100 -> 87.796699 | G14: =E14+F14-B14 -> 0.054813207 | H14: =E14/B14 -> 0.25493221 | I14: ='Monthly Analysis'!D104 -> 96.838673 | K14: =E14/$B14*100 -> 25.493221 | L14: =F14/$B14*100 -> 74.553324
A15: 2025 | B15: =('Data (monthly)'!B116/'Data (monthly)'!B104-1)*100 -> 31.548761 | C15: =('Data (monthly)'!E116/'Data (monthly)'!E104-1)*100 -> 34.209244 | D15: =('Data (monthly)'!F116/'Data (monthly)'!F104-1)*100 -> 30.863639 | E15: =Weights!$B$6*('Data (monthly)'!E116-'Data (monthly)'!E104)/'Data (monthly)'!B104*100 -> 7.0069991 | F15: =(Weights!$B$5*('Data (monthly)'!C116-'Data (monthly)'!C104)+Weights!$B$7*('Data (monthly)'!D116-'Data (monthly)'!D104))/'Data (monthly)'!B104*100 -> 24.549956 | G15: =E15+F15-B15 -> 0.0081942368 | H15: =E15/B15 -> 0.22210061 | I15: ='Monthly Analysis'!D116 -> 99.31441 | K15: =E15/$B15*100 -> 22.210061 | L15: =F15/$B15*100 -> 77.815912
A16: 2026 (Apr, 12m) | B16: =('Data (monthly)'!B120/'Data (monthly)'!B108-1)*100 -> 32.350448 | C16: =('Data (monthly)'!E120/'Data (monthly)'!E108-1)*100 -> 42.956092 | D16: =('Data (monthly)'!F120/'Data (monthly)'!F108-1)*100 -> 29.637068 | E16: =Weights!$B$6*('Data (monthly)'!E120-'Data (monthly)'!E108)/'Data (monthly)'!B108*100 -> 8.6955476 | F16: =(Weights!$B$5*('Data (monthly)'!C120-'Data (monthly)'!C108)+Weights!$B$7*('Data (monthly)'!D120-'Data (monthly)'!D108))/'Data (monthly)'!B108*100 -> 23.647423 | G16: =E16+F16-B16 -> -0.0074776963 | H16: =E16/B16 -> 0.26879218 | I16: ='Monthly Analysis'!D120 -> 105.21094 | K16: =E16/$B16*100 -> 26.879218 | L16: =F16/$B16*100 -> 73.097667
A18: Contributions are exact: contribution of a category = its weight times the change in its index over twelve months, divided by the headline index twelve months earlier. The Check column is the residual against the published headline and is zero on every row.

Sheet Charts
A1: Charts

Sheet Validation
A1: Validation against INDEC press releases
A5: Period | B5: Metric | C5: INDEC published | D5: Computed here | E5: Difference
A6: 2018 | B6: Headline y/y % | C6: 47.6 | D6: =Annual!B8 -> 47.64559 | E6: =D6-C6 -> 0.045590069
A7: 2023 | B7: Headline y/y % | C7: 211.4 | D7: =Annual!B13 -> 211.40764 | E7: =D7-C7 -> 0.0076437472
A8: 2024 | B8: Headline y/y % | C8: 117.8 | D8: =Annual!B14 -> 117.76363 | E8: =D8-C8 -> -0.036372536
A9: 2024 | B9: Nucleo y/y % | C9: 105.5 | D9: Nucleo not charted separately
A10: 2025 | B10: Headline y/y % | C10: 31.5 | D10: =Annual!B15 -> 31.548761 | E10: =D10-C10 -> 0.048760513
A11: Apr-2026 | B11: Headline y/y % | C11: 32.4 | D11: =Annual!B16 -> 32.350448 | E11: =D11-C11 -> -0.049551847
A12: Apr-2026 | B12: Regulados y/y % | C12: 43 | D12: =Annual!C16 -> 42.956092 | E12: =D12-C12 -> -0.043907935
A15: Sources and notes
A16: INDEC via open-data distribution 145.9, Indice de Precios al Consumidor, apertura por categorias y regiones, base Dec-2016. National columns used.
A17: Series runs Dec-2016 to Apr-2026. May and June 2026 are published but not yet in the open-data file; INDEC reported June 2026 headline at 1.9% m/m and 33.5% y/y.
A18: No Regulados = Nucleo and Estacionales combined at their fitted weights, renormalised.
A19: Regulados per INDEC: household fuels, electricity, water and sanitation, health plans, public passenger transport, vehicle operation and maintenance, post, telephone, formal education, cigarettes.
A20: The Dec-2016 base is itself a mid-correction starting point, so a gap reading of 100 means parity with Dec-2016, not parity with any equilibrium.
